Session Time,GPS Fix Quality,Number of Satellites,GPS Date & Time,Latitude (deg),Longitude (deg),GPS Altitude (feet),Ground Speed (knots),Ground Track (deg),Mag Var (deg),Cross Track Error (NM),Destination Waypoint ID,Range to Destination (NM),Bearing to Destination (deg),System Time,Pitch (deg),Roll (deg),Magnetic Heading (deg),Indicated Airspeed (knots),Pressure Altitude (ft),Turn Rate (deg/s),Lateral Accel (g),Vertical Accel(g),Angle of Attack (%),Vertical Speed (ft/min),OAT (deg C),True Airspeed (knots),Barometer Setting (inHg),Density Altitude (ft),Wind Direction (deg),Wind Speed (knots),Heading Bug (deg),Altitude Bug (ft),Airspeed Bug (knots),Vertical Speed Bug (ft/min),Course (deg),CDI Source Type,CDI Source Port,CDI Scale (NM),CDI Deflection (%),Glideslope (%),AP Engaged,AP Roll Mode,AP Roll Force,AP Roll Position (steps),AP Roll Slip (bool),AP Pitch Force,AP Pitch Position (steps),AP Pitch Slip (bool),AP Yaw Force,AP Yaw Position,AP Yaw Slip (bool),Transponder Status,Transponder Reply (bool),Transponder Identing (bool),Transponder Code (octal),Oil Pressure (PSI),Oil Temp (deg C),RPM L,RPM R,Manifold Pressure (inHg),Fuel Flow 1 (gal/hr),Fuel Flow 2 (gal/hr),Fuel Pressure (PSI),Fuel Level L (gal),Fuel Level R (gal),Fuel Remaining (gal),Volts 1,Volts 2,Amps,Hobbs Time,Tach Time,Thermocouple 1 (deg C),Thermocouple 2 (deg C),Thermocouple 3 (deg C),Thermocouple 4 (deg C),CHT 4 (deg C),EGT 4 (deg C),CHT 3 (deg C),EGT 3 (deg C),CHT 2 (deg C),EGT 2 (deg C),CHT 1 (deg C),EGT 1 (deg C),Thermocouple 13 (deg C),Thermocouple 14 (deg C),ELEV POSITION (%),FLAPS POSITION (Sensor V),GP Input 3,FUEL PRESSURE (PSI),PHEAT CONTACT (V),GP Input 6,GP Input 7,GP Input 8,LEFT LEVEL (gal),RIGHT LEVEL (gal),OIL PRESSURE (PSI),OIL TEMPERATURE (deg C),GP Input 13,Contacts,Percent Power,EGT Leaning State,
3640.81,2,9,2019-03-30 12:28:44,+40.52908,-78.64901,26,0.0,280.8,+11.8,-0.17,KTGI,67.3,212.4,12:28:43,+10.8,-0.7,198.6,0.0,-125,+0.1,-0.01,+1.0,99,+14,+16,0.0,30.06,-49,,,96,+2600,120.0,-500,224,0,0,5.0,-3,-99,,,,+10,,,-2,,,,,,,,,0,+77,0,0,30.6,0.0,0.0,23.6,15.7,14.0,35.1,12.3,,-2.9,18.1,14.8,,,,,+145,+371,+143,+359,+141,+319,+148,+362,,,-100,+4.995,,+23.6,+4.998,,,,+15.7,+14.0,+0.0,+77.0,,,,,
3641.06,2,9,2019-03-30 12:28:44,+40.52908,-78.64901,26,0.0,280.8,+11.8,-0.17,KTGI,67.3,212.4,12:28:43,+10.8,-0.7,198.6,0.0,-125,+0.1,-0.01,+1.0,99,-8,+16,0.0,30.06,-49,,,96,+2600,120.0,-500,224,0,0,5.0,-3,-99,,,,+10,,,-2,,,,,,,,,0,+77,0,0,30.6,0.0,0.0,23.6,15.7,14.0,35.1,12.3,,-2.9,18.1,14.8,,,,,+145,+370,+143,+359,+141,+318,+148,+362,,,-100,+4.995,,+23.6,+4.998,,,,+15.7,+14.0,+0.0,+77.0,,,,,
3641.31,2,10,2019-03-30 12:28:44,+40.52908,-78.64901,26,0.0,280.8,+11.8,-0.17,KTGI,67.3,212.4,12:28:44,+10.7,-0.7,198.6,0.0,-125,+0.1,-0.01,+1.0,99,+12,+16,0.0,30.06,-49,,,96,+2600,120.0,-500,224,0,0,5.0,-3,-99,,,,+10,,,-2,,,,,,,,,0,+77,0,0,30.6,0.0,0.0,23.6,15.7,14.0,35.1,12.3,,-2.9,18.1,14.8,,,,,+145,+370,+143,+359,+141,+318,+148,+362,,,-100,+4.995,,+23.6,+4.998,,,,+15.7,+14.0,+0.0,+77.0,,,,,
3641.56,2,10,2019-03-30 12:28:44,+40.52908,-78.64901,26,0.0,280.8,+11.8,-0.17,KTGI,67.3,212.4,12:28:44,+10.7,-0.7,198.6,0.0,-125,+0.1,-0.01,+1.0,99,-5,+16,0.0,30.06,-49,,,96,+2600,120.0,-500,224,0,0,5.0,-3,-99,,,,+10,,,-2,,,,,,,,,0,+77,0,0,30.6,0.0,0.0,23.6,15.7,14.0,35.1,12.3,,-2.9,18.1,14.8,,,,,+145,+369,+143,+358,+141,+318,+148,+361,,,-100,+4.995,,+23.6,+4.998,,,,+15.7,+14.0,+0.0,+77.0,,,,,
3641.81,2,9,2019-03-30 12:28:45,+40.52908,-78.64901,26,0.0,280.8,+11.8,-0.17,KTGI,67.3,212.4,12:28:44,+10.8,-0.7,198.6,0.0,-125,+0.1,-0.01,+1.0,99,+22,+16,0.0,30.06,-49,,,96,+2600,120.0,-500,224,0,0,5.0,-3,-99,,,,+10,,,-2,,,,,,,,,0,+77,0,0,30.6,0.0,0.0,23.5,15.7,14.0,35.1,12.3,,-2.9,18.1,14.8,,,,,+145,+369,+143,+358,+141,+317,+148,+361,,,-100,+4.995,,+23.5,+4.998,,,,+15.7,+14.0,+0.0,+77.0,,,,,
3642.06,2,9,2019-03-30 12:28:45,+40.52908,-78.64901,26,0.0,280.8,+11.8,-0.17,KTGI,67.3,212.4,12:28:44,+10.8,-0.7,198.6,0.0,-125,+0.1,-0.01,+1.0,99,+11,+16,0.0,30.06,-49,,,96,+2600,120.0,-500,224,0,0,5.0,-3,-99,,,,+10,,,-2,,,,,,,,,0,+77,0,0,30.6,0.0,0.0,23.5,15.7,14.0,35.1,12.3,,-2.9,18.1,14.8,,,,,+145,+368,+143,+357,+141,+317,+148,+360,,,-100,+4.995,,+23.5,+4.998,,,,+15.7,+14.0,+0.0,+77.0,,,,,
3642.31,2,10,2019-03-30 12:28:45,+40.52908,-78.64901,26,0.0,280.8,+11.8,-0.17,KTGI,67.3,212.4,12:28:45,+10.7,-0.6,198.6,0.0,-125,+0.1,-0.01,+1.0,99,+38,+16,0.0,30.06,-49,,,96,+2600,120.0,-500,224,0,0,5.0,-3,-99,,,,+10,,,-2,,,,,,,,,0,+77,0,0,30.6,0.0,0.0,23.5,15.7,14.0,35.1,12.3,,-2.9,18.1,14.8,,,,,+145,+368,+143,+357,+141,+317,+148,+360,,,-100,+4.995,,+23.5,+4.998,,,,+15.7,+14.0,+0.0,+77.0,,,,,
3642.56,2,10,2019-03-30 12:28:45,+40.52908,-78.64901,26,0.0,280.8,+11.8,-0.17,KTGI,67.3,212.4,12:28:45,+10.7,-0.6,198.6,0.0,-125,+0.1,-0.01,+1.0,99,+10,+16,0.0,30.06,-49,,,96,+2600,120.0,-500,224,0,0,5.0,-3,-99,,,,+10,,,-2,,,,,,,,,0,+77,0,0,30.6,0.0,0.0,23.5,15.7,14.0,35.1,12.3,,-2.9,18.1,14.8,,,,,+145,+368,+143,+357,+141,+317,+148,+359,,,-100,+4.995,,+23.5,+4.998,,,,+15.7,+14.0,+0.0,+77.0,,,,,
3642.81,2,9,2019-03-30 12:28:46,+40.52908,-78.64901,26,0.0,280.8,+11.8,-0.17,KTGI,67.3,212.4,12:28:45,+10.7,-0.6,198.6,0.0,-125,+0.1,-0.01,+1.0,99,+52,+16,0.0,30.06,-49,,,96,+2600,120.0,-500,224,0,0,5.0,-3,-99,,,,+10,,,-2,,,,,,,,,0,+77,0,0,30.6,0.0,0.0,23.5,15.7,14.0,35.1,12.3,,-2.9,18.1,14.8,,,,,+145,+367,+143,+356,+141,+316,+148,+359,,,-100,+4.995,,+23.5,+4.998,,,,+15.7,+14.0,+0.0,+77.0,,,,,
3643.06,2,10,2019-03-30 12:28:46,+40.52908,-78.64901,26,0.0,280.8,+11.8,-0.17,KTGI,67.3,212.4,12:28:45,+10.7,-0.6,198.6,0.0,-125,+0.1,-0.01,+1.0,99,+24,+16,0.0,30.06,-49,,,96,+2600,120.0,-500,224,0,0,5.0,-3,-99,,,,+10,,,-2,,,,,,,,,0,+77,0,0,30.6,0.0,0.0,23.5,15.7,14.0,35.1,12.3,,-2.9,18.1,14.8,,,,,+145,+367,+143,+356,+141,+316,+148,+358,,,-100,+4.995,,+23.5,+4.998,,,,+15.7,+14.0,+0.0,+77.0,,,,,
3643.31,2,10,2019-03-30 12:28:46,+40.52908,-78.64901,26,0.0,280.8,+11.8,-0.17,KTGI,67.3,212.4,12:28:46,+10.7,-0.6,198.6,0.0,-125,+0.1,-0.01,+1.0,99,+49,+16,0.0,30.06,-49,,,96,+2600,120.0,-500,224,0,0,5.0,-3,-99,,,,+10,,,-2,,,,,,,,,0,+77,0,0,30.6,0.0,0.0,23.5,15.7,14.0,35.1,12.3,,-2.9,18.1,14.8,,,,,+145,+366,+143,+356,+141,+315,+148,+358,,,-100,+4.995,,+23.5,+4.998,,,,+15.7,+14.0,+0.0,+77.0,,,,,
3643.56,2,10,2019-03-30 12:28:46,+40.52908,-78.64901,26,0.0,280.8,+11.8,-0.17,KTGI,67.3,212.4,12:28:46,+10.7,-0.6,198.6,0.0,-125,+0.1,-0.01,+1.0,99,+8,+16,0.0,30.06,-51,,,96,+2600,120.0,-500,224,0,0,5.0,-3,-99,,,,+10,,,-2,,,,,,,,,0,+77,0,0,30.6,0.0,0.0,23.5,15.7,14.0,35.1,12.3,,-2.9,18.1,14.8,,,,,+145,+366,+143,+355,+141,+315,+148,+358,,,-100,+4.995,,+23.5,+4.998,,,,+15.7,+14.0,+0.0,+77.0,,,,,
3643.81,2,10,2019-03-30 12:28:47,+40.52908,-78.64901,26,0.0,280.8,+11.8,-0.17,KTGI,67.3,212.4,12:28:46,+10.7,-0.6,198.5,0.0,-125,+0.1,-0.01,+1.0,99,+31,+16,0.0,30.06,-51,,,96,+2600,120.0,-500,224,0,0,5.0,-3,-99,,,,+10,,,-2,,,,,,,,,0,+77,0,0,30.6,0.0,0.0,23.5,15.7,14.0,35.1,12.1,,-2.9,18.1,14.8,,,,,+145,+366,+143,+355,+141,+314,+148,+357,,,-100,+4.995,,+23.5,+4.998,,,,+15.7,+14.0,+0.0,+77.0,,,,,
3644.06,2,10,2019-03-30 12:28:47,+40.52908,-78.64901,26,0.0,280.8,+11.8,-0.17,KTGI,67.3,212.4,12:28:46,+10.7,-0.6,198.5,0.0,-125,+0.1,-0.01,+1.0,99,-1,+16,0.0,30.06,-51,,,96,+2600,120.0,-500,224,0,0,5.0,-3,-99,,,,+10,,,-2,,,,,,,,,0,+77,0,0,30.6,0.0,0.0,23.4,15.7,14.0,35.1,9.0,,-2.7,18.1,14.8,,,,,+145,+365,+143,+354,+141,+314,+148,+357,,,-100,+4.995,,+23.4,+4.998,,,,+15.7,+14.0,+0.0,+77.0,,,,,
3644.31,2,10,2019-03-30 12:28:47,+40.52908,-78.64901,26,0.0,280.8,+11.8,-0.17,KTGI,67.3,212.4,12:28:47,+10.8,-0.6,198.4,0.0,-125,+0.1,-0.01,+1.0,99,+28,+16,0.0,30.06,-51,,,96,+2600,120.0,-500,224,0,0,5.0,-3,-99,,,,+10,,,-2,,,,,,,,,0,+77,0,0,30.6,0.0,0.0,23.4,15.7,14.0,35.1,6.2,,-2.3,18.1,14.8,,,,,+145,+365,+143,+354,+141,+314,+148,+356,,,-100,+4.995,,+23.4,+4.998,,,,+15.7,+14.0,+0.0,+77.1,,,,,
3644.56,2,10,2019-03-30 12:28:47,+40.52908,-78.64901,26,0.0,280.8,+11.8,-0.17,KTGI,67.3,212.4,12:28:47,+10.8,-0.6,198.4,0.0,-125,+0.1,-0.01,+1.0,99,-7,+16,0.0,30.06,-51,,,96,+2600,120.0,-500,224,0,0,5.0,-3,-99,,,,+10,,,-2,,,,,,,,,0,+77,0,0,30.6,0.0,0.0,23.4,15.7,14.0,35.1,4.7,,-2.0,18.1,14.8,,,,,+145,+364,+143,+354,+141,+314,+148,+356,,,-100,+4.995,,+23.4,+4.998,,,,+15.7,+14.0,+0.0,+77.0,,,,,
3644.81,2,10,2019-03-30 12:28:48,+40.52908,-78.64901,26,0.0,280.8,+11.8,-0.17,KTGI,67.3,212.4,12:28:47,+10.7,-0.6,198.4,0.0,-125,+0.1,-0.01,+1.0,99,+37,+16,0.0,30.06,-51,,,96,+2600,120.0,-500,224,0,0,5.0,-3,-99,,,,,,,,,,,,,,,,0,+77,0,0,30.6,0.0,0.0,23.4,15.7,14.0,35.1,3.8,,-1.8,18.1,14.8,,,,,+145,+364,+143,+353,+141,+313,+148,+355,,,-100,+4.995,,+23.4,+4.998,,,,+15.7,+14.0,+0.0,+77.0,,,,,
3645.06,2,10,2019-03-30 12:28:48,+40.52908,-78.64901,26,0.0,280.8,+11.8,-0.17,KTGI,67.3,212.4,12:28:47,+10.7,-0.6,198.3,0.0,-125,+0.1,-0.01,+1.0,99,-7,+16,0.0,30.06,-51,,,96,+2600,120.0,-500,224,0,0,5.0,-3,-99,,,,,,,,,,,,,,,,0,+77,0,0,30.6,0.0,0.0,23.4,15.7,14.0,35.1,3.3,,-1.6,18.1,14.8,,,,,+145,+363,+143,+353,+141,+313,+148,+354,,,-100,+4.995,,+23.4,+4.998,,,,+15.7,+14.0,+0.0,+77.0,,,,,
3645.31,2,10,2019-03-30 12:28:48,+40.52908,-78.64901,26,0.0,280.8,+11.8,-0.17,KTGI,67.3,212.4,12:28:48,+10.8,-0.7,198.3,0.0,-125,+0.1,-0.01,+1.0,99,+22,+16,0.0,30.06,-51,,,96,+2600,120.0,-500,224,0,0,5.0,-3,-99,,,,,,,,,,,,,,,,0,+77,0,0,30.6,0.0
0.06,1,9,2019-03-30 20:15:13,+40.52901,-78.64906,47,0.0,0.0,+11.8,,,,,20:15:13,,,,,,,,,,,+22,,,,,,96,,120.0,-500,,0,0,,,+0,,,,,,,,,,,,,,,,,,,,,,,,,,35.1,,,,18.1,14.8,,,,,,,,,,,,,,,,,,,,,,,,,,,,,,,
0.31,1,9,2019-03-30 20:15:13,+40.52901,-78.64906,47,0.0,0.0,+11.8,,,,,20:15:13,,,,,,,,,,,+22,,,,,,96,,120.0,-500,,0,0,,,+0,,,,,,,,,,,,,,,,,,,,,,,,,,35.1,,,,18.1,14.8,,,,,,,,,,,,,,,,,,,,,,,,,,,,,,,
0.56,1,9,2019-03-30 20:15:14,+40.52901,-78.64906,47,0.0,0.0,+11.8,,,,,20:15:13,+11.2,-0.7,190.4,0.0,-47,+0.1,-0.01,+1.0,99,+30,+22,0.0,30.06,+761,,,96,,120.0,-500,,0,0,,,+0,,,,+5,,,-45,,,,,,,,,,,0,0,,0.0,0.0,,,,35.1,14.5,,+13.4,18.1,14.8,,,,,+37,+513,+41,+510,+38,+513,+40,+515,,,-100,+4.996,,+28.8,+4.998,,,,+15.5,+13.9,+57.8,+27.0,,,,,
0.81,1,8,2019-03-30 20:15:14,+40.52901,-78.64906,47,0.0,0.0,+11.8,,,,,20:15:13,+11.3,-0.7,190.4,0.0,-47,+0.1,-0.01,+1.0,99,+32,+22,0.0,30.06,+761,,,96,,120.0,-500,,0,0,,,+0,,,,+5,,,-45,,,,,,,,,,,984,984,,0.0,0.0,,,,35.1,14.5,,+13.4,18.1,14.8,,,,,+37,+513,+41,+511,+38,+514,+41,+516,,,-100,+4.996,,+28.8,+4.998,,,,+15.5,+13.9,+57.8,+27.0,,,,,
1.06,1,9,2019-03-30 20:15:14,+40.52901,-78.64906,47,0.0,0.0,+11.8,,,,,20:15:13,+11.3,-0.6,190.4,0.0,-47,+0.1,-0.01,+1.0,99,+36,+22,0.0,30.06,+761,,,96,,120.0,-500,,0,0,,,+0,,,,+5,,,-45,,,,,,,,,,,972,972,,3.3,3.3,,,,35.1,14.5,,+13.4,18.1,14.8,,,,,+37,+514,+41,+512,+38,+515,+41,+516,,,-100,+4.996,,+28.8,+4.998,,,,+15.5,+13.9,+57.6,+27.0,,,,,
1.31,1,9,2019-03-30 20:15:14,+40.52901,-78.64906,47,0.0,0.0,+11.8,,,,,20:15:14,+11.3,-0.6,190.3,0.0,-47,+0.1,-0.01,+1.0,99,+35,+22,0.0,30.06,+761,,,96,,120.0,-500,,0,0,,,+0,,,,+5,,,-45,,,,,,,,,,,968,968,,3.3,3.3,,,,35.1,14.5,,+13.4,18.1,14.8,,,,,+38,+516,+41,+514,+38,+516,+41,+516,,,-100,+4.996,,+28.8,+4.998,,,,+15.5,+13.9,+57.4,+27.0,,,,,
1.56,1,9,2019-03-30 20:15:15,+40.52901,-78.64906,47,0.0,0.0,+11.8,,,,,20:15:14,+11.3,-0.5,190.4,0.0,-47,+0.1,-0.01,+1.0,99,+32,+22,0.0,30.06,+761,,,96,,120.0,-500,,0,0,,,+0,,,,+5,,,-45,,,,,,,,,,,980,980,,3.2,3.2,,,,35.1,14.5,,+13.4,18.1,14.8,,,,,+38,+517,+41,+514,+39,+518,+41,+516,,,-100,+4.996,,+28.8,+4.998,,,,+15.5,+13.9,+57.5,+27.0,,,,,
1.81,1,9,2019-03-30 20:15:15,+40.52901,-78.64906,47,0.0,0.0,+11.8,,,,,20:15:14,+11.2,-0.5,190.4,0.0,-47,+0.1,-0.01,+1.0,99,+37,+22,0.0,30.06,+761,,,96,,120.0,-500,,0,0,,,+0,,,,+5,,,-45,,,,,,,,,,,991,991,,3.2,3.2,,,,35.1,14.5,,+13.4,18.1,14.8,,,,,+38,+518,+42,+515,+39,+518,+41,+516,,,-100,+4.996,,+28.8,+4.998,,,,+15.5,+13.9,+57.8,+27.0,,,,,
2.06,1,9,2019-03-30 20:15:15,+40.52901,-78.64906,47,0.0,0.0,+11.8,,,,,20:15:14,+11.2,-0.5,190.4,0.0,-47,+0.1,-0.01,+1.0,99,+38,+22,0.0,30.06,+761,,,96,,120.0,-500,,0,0,,,+0,,,,+5,,,-45,,,,,,,,,58,+27,995,995,13.9,3.2,3.2,28.8,15.5,13.9,35.1,14.5,,+13.4,18.1,14.8,,,,,+38,+519,+42,+515,+39,+518,+41,+517,,,-100,+4.996,,+28.8,+4.998,,,,+15.5,+13.9,+58.1,+27.0,,,,,
2.31,1,9,2019-03-30 20:15:15,+40.52901,-78.64906,47,0.0,0.0,+11.8,,,,,20:15:15,+11.2,-0.5,190.4,0.0,-47,+0.1,-0.01,+1.0,99,+23,+22,0.0,30.06,+761,,,96,,120.0,-500,,0,0,,,+0,,,,+5,,,-45,,,,,,,,,58,+27,995,995,13.9,3.2,3.2,28.8,15.5,13.9,35.1,14.5,,+13.4,18.1,14.8,,,,,+38,+520,+42,+516,+39,+518,+41,+517,,,-100,+4.996,,+28.8,+4.998,,,,+15.5,+13.9,+58.0,+27.0,,,,,
2.56,1,9,2019-03-30 20:15:16,+40.52901,-78.64906,47,0.0,0.0,+11.8,,,,,20:15:15,+11.2,-0.5,190.4,0.0,-47,+0.1,-0.01,+1.0,99,+32,+22,0.0,30.06,+761,,,96,,120.0,-500,,0,0,,,+0,,,,+5,,,-45,,,,,,,,,58,+27,983,983,13.7,3.2,3.2,28.8,15.5,13.9,35.1,14.5,,+13.4,18.1,14.8,,,,,+38,+520,+42,+517,+39,+519,+41,+518,,,-100,+4.996,,+28.8,+4.998,,,,+15.5,+13.9,+57.9,+27.1,,,,,
2.81,1,9,2019-03-30 20:15:16,+40.52901,-78.64906,47,0.0,0.0,+11.8,,,,,20:15:15,+11.2,-0.5,190.4,0.0,-47,+0.1,-0.01,+1.0,99,+26,+22,0.0,30.06,+761,,,96,,120.0,-500,,0,0,,,+0,,,,+5,,,-45,,,,,,,,,58,+27,990,990,13.7,3.2,3.2,28.8,15.5,13.9,35.1,14.5,,+13.4,18.1,14.8,,,,,+38,+523,+42,+518,+39,+519,+41,+519,,,-100,+4.996,,+28.8,+4.998,,,,+15.5,+13.9,+57.8,+27.1,,,,,
3.06,1,9,2019-03-30 20:15:16,+40.52901,-78.64906,47,0.0,0.0,+11.8,,,,,20:15:15,+11.2,-0.5,190.4,0.0,-47,+0.1,-0.01,+1.0,99,+32,+22,0.0,30.06,+761,,,96,,120.0,-500,,0,0,,,+0,,,,+5,,,-45,,,,,,,,,58,+27,994,994,13.7,3.2,3.2,28.8,15.5,13.9,35.1,14.5,,+13.4,18.1,14.8,,,,,+38,+523,+42,+518,+39,+520,+41,+519,,,-100,+4.996,,+28.8,+4.998,,,,+15.5,+13.9,+57.9,+27.1,,,,,
3.31,1,9,2019-03-30 20:15:16,+40.52901,-78.64906,47,0.0,0.0,+11.8,,,,,20:15:16,+11.2,-0.5,190.4,0.0,-47,+0.1,-0.01,+1.0,99,+35,+22,0.0,30.06,+761,,,96,,120.0,-500,,0,0,,,+0,,,,+5,,,-46,,,,,,,,,58,+27,996,996,13.7,3.2,3.2,28.8,15.5,13.9,35.1,14.5,,+13.4,18.1,14.8,,,,,+38,+524,+42,+519,+39,+520,+42,+519,,,-100,+4.996,,+28.8,+4.998,,,,+15.5,+13.9,+58.1,+27.1,,,,,
3.56,1,9,2019-03-30 20:15:17,+40.52901,-78.64906,47,0.0,0.0,+11.8,,,,,20:15:16,+11.2,-0.5,190.4,0.0,-47,+0.1,-0.01,+1.0,99,+43,+22,0.0,30.06,+761,,,96,,120.0,-500,,0,0,,,+0,,,,+5,,,-47,,,,,,,,,58,+27,996,996,13.7,3.2,3.2,28.8,15.5,13.9,35.1,14.5,,+13.4,18.1,14.8,,,,,+39,+525,+43,+520,+39,+520,+42,+519,,,-100,+4.996,,+28.8,+4.998,,,,+15.5,+13.9,+58.1,+27.1,,,,,
3.81,1,9,2019-03-30 20:15:17,+40.52901,-78.64906,47,0.0,0.0,+11.8,,,,,20:15:16,+11.2,-0.5,190.4,0.0,-47,+0.1,-0.01,+1.0,99,+20,+22,0.0,30.06,+761,,,96,,120.0,-500,,0,0,,,+0,,,,+5,,,-47,,,,,,,,,58,+27,991,991,13.7,3.2,3.2,28.8,15.5,13.9,35.1,14.5,,+13.4,18.1,14.8,,,,,+39,+525,+43,+521,+40,+521,+42,+519,,,-100,+4.996,,+28.8,+4.998,,,,+15.5,+13.9,+58.0,+27.1,,,,,
4.06,1,9,2019-03-30 20:15:17,+40.52901,-78.64906,47,0.0,0.0,+11.8,,,,,20:15:16,+11.2,-0.5,190.4,0.0,-47,+0.1,-0.01,+1.0,99,+20,+22,0.0,30.06,+761,,,96,,120.0,-500,,0,0,,,+0,,,,+5,,,-47,,,,,,,,,58,+27,989,989,13.7,3.2,3.2,28.8,15.5,13.9,35.1,14.5,,+13.3,18.1,14.8,,,,,+39,+527,+43,+522,+40,+522,+42,+520,,,-100,+4.996,,+28.8,+4.998,,,,+15.5,+13.9,+57.9,+27.1,,,,,
4.31,1,9,2019-03-30 20:15:17,+40.52901,-78.64906,47,0.0,0.0,+11.8,,,,,20:15:17,+11.2,-0.5,190.4,0.0,-47,+0.1,-0.01,+1.0,99,+15,+22,0.0,30.06,+761,,,96,,120.0,-500,,0,0,,,+0,,,,+5,,,-47,,,,,,,,,58,+27,996,996,13.7,3.2,3.2,28.8,15.5,13.9,35.1,14.5,,+13.3,18.1,14.8,,,,,+39,+527,+43,+522,+40,+522,+42,+521,,,-100,+4.996,,+28.8,+4.998,,,,+15.5,+13.9,+57.9,+27.1,,,,,
4.56,1,9,2019-03-30 20:15:18,+40.52901,-78.64906,47,0.0,0.0,+11.8,,,,,20:15:17,+11.2,-0.5,190.4,0.0,-47,+0.1,-0.00,+1.0,99,+27,+22,0.0,30.06,+761,,,96,,120.0,-500,,0,0,,,+0,,,,+5,,,-47,,,,,,,,,58,+27,992,992,13.7,3.2,3.2,28.8,15.5,13.9,35.1,14.5,,+13.3,18.1,14.8,,,,,+39,+527,+43,+523,+40,+523,+42,+521,,,-100,+4.996,,+28.8,+4.998,,,,+15.5,+13.9,+58.0,+27.1,,,,,
4.81,1,9,2019-03-30 20:15:18,+40.52901,-78.64906,47,0.0,0.0,+11.8,,,,,20:15:17,+11.3,-0.5,190.4,0.0,-47,+0.1,-0.01,+1.0,99,+11,+22,0.0,30.06,+761,,,96,,120.0,-500,,0,0,,,+0,,,,+5,,,-47,,,,,,,,,58,+27,996,996,13.7,3.2,3.2,28.8,15.5,13.9,35.1,14.5,,+13.3,18.1,14.8,,,,,+39,+529,+43,+524,+40,+523,+42,+521,,,-100,+4.996,,+28.8,+4.998,,,,+15.5,+13.9,+57.9,+27.1,,,,,
5.06,1,9,2019-03-30 20:15:18,+40.52901,-78.64906,47,0.0,0.0,+11.8,,,,,20:15:17,+11.3,-0.4,190.4,0.0,-47,+0.1,-0.01,+1.0,99,+18,+22,0.0,30.06,+761,,,96,,120.0,-500,,0,0,,,+0,,,,+5,,,-47,,,,,,,,,58,+27,1001,1001,13.7,3.2,3.2,28.8,15.5,13.9,35.1,14.5,,+13.3,18.1,14.8,,,,,+39,+530,+44,+524,+40,+524,+42,+521,,,-100,+4.996,,+28.8,+4.998,,,,+15.5,+13.9,+58.2,+27.1,,,,,
5.31,1,9,2019-03-30 20:15:18,+40.52901,-78.64906,47,0.0,0.0,+11.8,,,,,20:15:18,+11.3,-0.4,190.4,0.0,-47,+0.1,-0.01,+1.0,99,+5,+22,0.0,30.06,+761,,,96,,120.0,-500,,0,0,,,+0,,,,+5,,,-47,,,,,,,,,58,+27,996,996,13.7,3.2,3.2,28.8,15.5,13.9,35.1,14.5,,+13.2,18.1,14.8,,,,,+40,+531,+44,+525,+40,+524,+43,+522,,,-100,+4.996,,+28.8,+4.998,,,,+15.5,+13.9,+58.1,+27.1,,,,,
5.56,1,9,2019-03-30 20:15:19,+40.52901,-78.64906,47,0.0,0.0,+11.8,,,,,20:15:18,+11.3,-0.5,190.4,0.0,-47,+0.1,-0.00,+1.0,99,+6,+22,0.0,30.06,+761,,,96,,120.0,-500,,0,0,,,+0,,,,+5,,,-47,,,,,,,,,58,+27,1004,1004,13.6,3.2,3.2,28.8,15.5,13.9,35.1,14.5,,+13.2,18.1,14.8,,,,,+40,+531,+44,+526,+40,+525,+43,+523,,,-100,+4.996,,+28.8,+4.998,,,,+15.5,+13.9,+58.2,+27.1,,,,,
5.81,1,9,2019-03-30 20:15:19,+40.52901,-78.64906,47,0.0,0.0,+11.8,,,,,20:15:18,+11.3,-0.5,190.4,0.0,-47,+0.2,-0.01,+1.0,99,+43,+22,0.0,30.06,+761,,,96,,120.0,-500,,0,0,,,+0,,,,+5,,,-47,,,,,,,,,58,+27,1009,1009,13.6,3.2,3.2,28.8,15.5,13.9,35.1,14.5,,+13.2,18.1,14.8,,,,,+40,+531,+44,+526,+41,+525,+43,+524,,,-100,+4.996,,+28.8,+4.998,,,,+15.5,+13.9,+58.3,+27.1,,,,,
6.06,1,8,2019-03-30 20:15:19,+40.52901,-78.64906,47,0.0,0.0,+11.8,,,,,20:15:18,+11.3,-0.5,190.4,0.0,-47,+0.1,-0.01,+1.0,99,+55,+22,0.0,30.06,+761,,,96,,120.0,-500,,0,0,,,+0,,,,+5,,,-47,,,,,,,,,58,+27,1015,1015,13.6,3.2,3.2,28.8,15.5,13.9,35.1,14.5,,+13.2,18.1,14.8,,,,,+40,+530,+44,+527,+41,+525,+43,+525,,,-100,+4.996,,+28.8,+4.998,,,,+15.5,+13.9,+58.4,+27.1,,,,,
6.31,1,8,2019-03-30 20:15:19,+40.52901,-78.64906,47,0.0,0.0,+11.8,,,,,20:15:19,+11.3,-0.5,190.4,0.0,-47,+0.2,-0.01,+1.0,99,+51,+22,0.0,30.06,+761,,,96,,120.0,-500,,0,0,,,+0,,,,+5,,,-47,,,,,,,,,59,+27,1021,1021,13.6,3.2,3.2,28.8,15.5,13.9,35.1,14.5,,+13.2,18.1,14.8,,,,,+40,+530,+44,+527,+41,+525,+43,+526,,,-100,+4.996,,+28.8,+4.998,,,,+15.5,+13.9,+58.6,+27.1,,,,,
6.56,1,9,2019-03-30 20:15:20,+40.52901,-78.64906,47,0.0,0.0,+11.8,,,,,20:15:19,+11.3,-0.5,190.4,0.0,-47,+0.2,-0.01,+1.0,99,+60,+22,0.0,30.06,+761,,,96,,120.0,-500,,0,0,,,+0,,,,+5,,,-47,,,,,,,,,59,+27,1019,1019,13.5,3.2,3.2,28.8,15.5,13.9,35.1,14.5,,+13.1,18.1,14.8,,,,,+40,+530,+44,+528,+41,+525,+43,+526,,,-100,+4.996,,+28.8,+4.998,,,,+15.5,+13.9,+58.7,+27.1,,,,,
6.81,1,9,2019-03-30 20:15:20,+40.52901,-78.64906,47,0.0,0.0,+11.8,,,,,20:15:19,+11.3,-0.5,190.4,0.0,-47,+0.2,-0.01,+0.9,99,+63,+22,0.0,30.06,+761,,,96,,120.0,-500,,0,0,,,+0,,,,+5,,,-47,,,,,,,,,59,+27,1016,1016,13.5,3.2,3.2,28.8,15.5,13.9,35.1,14.5,,+13.1,18.1,14.8,,,,,+40,+530,+45,+528,+41,+525,+44,+527,,,-100,+4.996,,+28.8,+4.998,,,,+15.5,+13.9,+58.6,+27.1,,,,,
7.06,1,9,2019-03-30 20:15:20,+40.52901,-78.64906,47,0.0,0.0,+11.8,,,,,20:15:19,+11.3,-0.5,190.4,0.0,-47,+0.2,-0.01,+1.0,99,+52,+22,0.0,30.06,+761,,,96,,120.0,-500,,0,0,,,+0,,,,+5,,,-47,,,,,,,,,58,+27,1004,1004,13.5,3.2,3.2,28.8,15.5,13.9,35.1,14.5,,+13.1,18.1,14.8,,,,,+40,+530,+45,+528,+41,+526,+44,+529,,,-100,+4.996,,+28.8,+4.998,,,,+15.5,+13.9,+58.4,+27.1,,,,,
7.31,1,9,2019-03-30 20:15:20,+40.52901,-78.64906,47,0.0,0.0,+11.8,,,,,20:15:20,+11.2,-0.4,190.4,0.0,-47,+0.2,-0.01,+1.0,99,+25,+22,0.0,30.06,+761,,,96,,120.0,-500,,0,0,,,+0,,,,+5,,,-47,,,,,,,,,58,+27,1010,1010,13.5,3.2,3.2,28.8,15.5,13.9,35.1,14.5,,+13.1,18.1,14.8,,,,,+41,+531,+45,+529,+41,+527,+44,+529,,,-100,+4.996,,+28.8,+4.998,,,,+15.5,+13.9,+58.2,+27.1,,,,,
7.56,1,9,2019-03-30 20:15:21,+40.52901,-78.64906,47,0.0,0.0,+11.8,,,,,20:15:20,+11.2,-0.4,190.3,0.0,-47,+0.2,-0.01,+1.0,99,+19,+22,0.0,30.06,+761,,,96,,120.0,-500,,0,0,,,+0,,,,+5,,,-47,,,,,,,,,58,+27,1012,1012,13.5,3.2,3.2,28.8,15.5,13.9,35.1,14.5,,+13.0,18.1,14.8,,,,,+41,+531,+45,+529,+41,+528,+44,+530,,,-100,+4.996,,+28.8,+4.998,,,,+15.5,+13.9,+58.4,+27.1,,,,,
7.81,1,9,2019-03-30 20:15:21,+40.52901,-78.64906,47,0.0,0.0,+11.8,,,,,20:15:20,+11.2,-0.4,190.3,0.0,-47,+0.2,-0.01,+1.0,99,+22,+22,0.0,30.06,+761,,,96,,120.0,-500,,0,0,,,+0,,,,+5,,,-47,,,,,,,,,58,+27,1014,1014,13.4,3.2,3.2,28.8,15.5,13.9,35.1,14.5,,+13.0,18.1,14.8,,,,,+41,+531,+45,+529,+41,+529,+44,+531,,,-100,+4.996,,+28.8,+4.998,,,,+15.5,+13.9,+58.5,+27.1,,,,,
8.06,1,9,2019-03-30 20:15:21,+40.52901,-78.64906,47,0.0,0.0,+11.8,,,,,20:15:20,+11.2,-0.3,190.3,0.0,-47,+0.2,-0.01,+1.0,99,+33,+22,0.0,30.06,+761,,,96,,120.0,-500,,0,0,,,+0,,,,+5,,,-47,,,,,,,,,58,+27,1010,1010,13.4,3.2,3.2,28.8,15.5,13.9,35.1,14.5,,+13.0,18.1,14.8,,,,,+41,+532,+45,+529,+41,+528,+44,+532,,,-100,+4.996,,+28.8,+4.998,,,,+15.5,+13.9,+58.4,+27.1,,,,,
8.31,1,9,2019-03-30 20:15:21,+40.52901,-78.64906,47,0.0,0.0,+11.8,,,,,20:15:21,+11.2,-0.3,190.3,0.0,-47,+0.1,-0.01,+1.0,99,+53,+22,0.0,30.06,+761,,,96,,120.0,-500,,0,0,,,+0,,,,+5,,,-47,,,,,,,,,58,+27,1009,1009,13.4,3.2,3.2,28.8,15.5,13.9,35.1,14.5,,+13.0,18.1,14.8,,,,,+41,+533,+45,+530,+41,+529,+44,+534,,,-100,+4.996,,+28.8,+4.998,,,,+15.5,+13.9,+58.4,+27.1,,,,,
8.56,1,9,2019-03-30 20:15:22,+40.52901,-78.64906,47,0.0,0.0,+11.8,,,,,20:15:21,+11.2,-0.3,190.3,0.0,-47,+0.2,-0.01,+1.0,99,+64,+22,0.0,30.06,+761,,,96,,120.0,-500,,0,0,,,+0,,,,+5,,,-47,,,,,,,,,58,+27,1014,1014,13.4,3.2,3.2,28.8,15.5,13.9,35.1,14.5,,+12.9,18.1,14.8,,,,,+41,+533,+45,+530,+41,+529,+44,+535,,,-100,+4.996,,+28.8,+4.998,,,,+15.5,+13.9,+58.4,+27.1,,,,,
8.81,1,9,2019-03-30 20:15:22,+40.52901,-78.64906,47,0.0,0.0,+11.8,,,,,20:15:21,+11.2,-0.3,190.2,0.0,-47,+0.1,-0.01,+1.0,99,+65,+22,0.0,30.06,+761,,,96,,120.0,-500,,0,0,,,+0,,,,+5,,,-47,,,,,,,,,58,+27,1013,1013,13.4,3.2,3.2,28.8,15.5,13.9,35.1,14.5,,+12.9,18.1,14.8,,,,,+41,+533,+46,+531,+42,+529,+45,+535,,,-100,+4.996,,+28.8,+4.998,,,,+15.5,+13.9,+58.5,+27.1,,,,,
9.06,1,8,2019-03-30 20:15:22,+40.52901,-78.64906,47,0.0,0.0,+11.8,,,,,20:15:21,+11.2,-0.4,190.3,0.0,-47,+0.1,-0.01,+1.0,99,+91,+22,0.0,30.06,+761,,,96,,120.0,-500,,0,0,,,+0,,,,+5,,,-47,,,,,,,,,58,+27,1007,1007,13.4,3.2,3.2,28.8,15.5,13.9,35.1,14.5,,+12.9,18.1,14.8,,,,,+41,+533,+46,+532,+42,+530,+45,+536,,,-100,+4.996,,+28.8,+4.998,,,,+15.5,+13.9,+58.4,+27.1,,,,,
9.31,1,8,2019-03-30 20:15:22,+40.52901,-78.64906,47,0.0,0.0,+11.8,,,,,20:15:22,+11.2,-0.4,190.2,0.0,-47,+0.1,-0.01,+1.0,99,+65,+22,0.0,30.06,+761,,,96,,120.0,-500,,0,0,,,+0,,,,+6,,,-47,,,,,,,,,58,+27,1014,1014,13.4,3.2,3.2,28.8,15.5,13.9,35.1,14.5,,+12.8,18.1,14.8,,,,,+41,+533,+46,+533,+42,+530,+45,+538,,,-100,+4.996,,+28.8,+4.998,,,,+15.5,+13.9,+58.4,+27.1,,,,,
9.56,1,8,2019-03-30 20:15:23,+40.52901,-78.64906,47,0.0,0.0,+11.8,,,,,20:15:22,+11.2,-0.4,190.2,0.0,-47,+0.1,-0.01,+1.0,99,+70,+22,0.0,30.06,+761,,,96,,120.0,-500,,0,0,,,+0,,,,+6,,,-47,,,,,,,,,58,+27,1010,1010,13.4,3.1,3.1,28.8,15.5,13.9,35.1,14.5,,+12.8,18.1,14.8,,,,,+41,+534,+46,+533,+42,+530,+45,+539,,,-100,+4.996,,+28.8,+4.998,,,,+15.5,+13.9,+58.4,+27.1,,,,,
9.81,1,8,2019-03-30 20:15:23,+40.52901,-78.64906,47,0.0,0.0,+11.8,,,,,20:15:22,+11.2,-0.4,190.2,0.0,-47,+0.1,-0.01,+1.0,99,+46,+22,0.0,30.06,+761,,,96,,120.0,-500,,0,0,,,+0,,,,+6,,,-47,,,,,,,,,58,+27,1012,1012,13.4,3.1,3.1,28.8,15.5,13.9,35.1,14.5,,+12.8,18.1,14.8,,,,,+42,+535,+46,+534,+42,+531,+45,+539,,,-100,+4.996,,+28.8,+4.998,,,,+15.5,+13.9,+58.4,+27.1,,,,,
10.06,1,8,2019-03-30 20:15:23,+40.52901,-78.64906,47,0.0,0.0,+11.8,,,,,20:15:22,+11.2,-0.4,190.2,0.0,-47,+0.1,-0.01,+1.0,99,+45,+22,0.0,30.06,+761,,,96,,120.0,-500,,0,0,,,+0,,,,+6,,,-47,,,,,,,,,58,+27,1014,1014,13.4,3.2,3.2,28.8,15.5,13.9,35.1,14.5,,+12.8,18.1,14.8,,,,,+42,+535,+46,+534,+42,+532,+45,+540,,,-100,+4.996,,+28.8,+4.998,,,,+15.5,+13.9,+58.4,+27.1,,,,,
10.31,1,8,2019-03-30 20:15:23,+40.52901,-78.64906,47,0.0,0.0,+11.8,,,,,20:15:23,+11.2,-0.4,190.2,0.0,-47,+0.1,-0.01,+1.0,99,+5,+22,0.0,30.06,+761,,,96,,120.0,-500,,0,0,,,+0,,,,+6,,,-47,,,,,,,,,59,+27,1024,1024,13.4,3.2,3.2,28.8,15.5,13.9,35.1,14.5,,+12.7,18.1,14.8,,,,,+42,+535,+47,+534,+42,+532,+45,+540,,,-100,+4.996,,+28.8,+4.998,,,,+15.5,+13.9,+58.6,+27.1,,,,,
10.56,1,8,2019-03-30 20:15:24,+40.52901,-78.64906,47,0.0,0.0,+11.8,,,,,20:15:23,+11.2,-0.4,190.2,0.0,-47,+0.1,-0.01,+0.9,99,+13,+22,0.0,30.06,+761,,,96,,120.0,-500,,0,0,,,+0,,,,+6,,,-47,,,,,,,,,59,+27,1021,1021,13.4,3.2,3.2,28.8,15.5,13.9,35.1,14.5,,+12.7,18.1,14.8,,,,,+42,+535,+47,+534,+42,+532,+45,+541,,,-100,+4.996,,+28.8,+4.998,,,,+15.5,+13.9,+58.7,+27.1,,,,,
10.81,1,8,2019-03-30 20:15:24,+40.52901,-78.64906,47,0.0,0.0,+11.8,,,,,20:15:23,+11.2,-0.4,190.2,0.0,-47,+0.1,-0.01,+1.0,99,-12,+22,0.0,30.06,+761,,,96,,120.0,-500,,0,0,,,+0,,,,+6,,,-47,,,,,,,,,59,+27,1023,1023,13.3,3.2,3.2,28.8,15.5,13.9,35.1,14.5,,+12.7,18.1,14.8,,,,,+42,+534,+47,+535,+43,+532,+45,+542,,,-100,+4.996,,+28.8,+4.998,,,,+15.5,+13.9,+58.7,+27.1,,,,,
11.06,1,8,2019-03-30 20:15:24,+40.52901,-78.64906,47,0.0,0.0,+11.8,,,,,20:15:23,+11.2,-0.4,190.2,0.0,-47,+0.1,-0.01,+0.9,99,-8,+22,0.0,30.06,+761,,,96,,120.0,-500,,0,0,,,+0,,,,+6,,,-47,,,,,,,,,59,+27,1019,1019,13.3,3.1,3.1,28.8,15.5,13.9,35.1,14.5,,+12.7,18.1,14.8,,,,,+42,+534,+47,+536,+43,+533,+46,+542,,,-100,+4.996,,+28.8,+4.998,,,,+15.5,+13.9,+58.7,+27.1,,,,,
11.31,1,8,2019-03-30 20:15:24,+40.52901,-78.64906,47,0.0,0.0,+11.8,,,,,20:15:24,+11.2,-0.4,190.2,0.0,-47,+0.1,-0.01,+1.0,99,-38,+22,0.0,30.06,+761,,,96,,120.0,-500,,0,0,,,+0,,,,+6,,,-47,,,,,,,,,59,+27,1021,1021,13.3,3.1,3.1,28.8,15.5,13.9,35.1,14.5,,+12.7,18.1,14.8,,,,,+42,+534,+47,+537,+43,+533,+46,+542,,,-100,+4.996,,+28.8,+4.998,,,,+15.5,+13.9,+58.5,+27.1,,,,,
11.56,1,9,2019-03-30 20:15:25,+40.52901,-78.64906,47,0.0,0.0,+11.8,,,,,20:15:24,+11.2,-0.4,190.2,0.0,-47,+0.1,-0.01,+1.0,99,-13,+22,0.0,30.06,+761,,,96,,120.0,-500,,0,0,,,+0,,,,+6,,,-47,,,,,,,,,59,+27,1019,1019,13.3,3.2,3.2,28.8,15.5,13.9,35.1,14.5,,+12.6,18.1,14.8,,,,,+43,+535,+47,+538,+43,+534,+46,+543,,,-100,+4.996,,+28.8,+4.998,,,,+15.5,+13.9,+58.6,+27.1,,,,,
11.81,1,9,2019-03-30 20:15:25,+40.52901,-78.64906,47,0.0,0.0,+11.8,,,,,20:15:24,+11.2,-0.4,190.2,0.0,-47,+0.1,-0.01,+1.0,99,-33,+22,0.0,30.06,+761,,,96,,120.0,-500,,0,0,,,+0,,,,+6,,,-47,,,,,,,,,59,+27,1020,1020,13.3,3.2,3.2,28.8,15.5,13.9,35.1,14.5,,+12.6,18.1,14.8,,,,,+43,+537,+48,+538,+43,+533,+46,+543,,,-100,+4.996,,+28.8,+4.998,,,,+15.5,+13.9,+58.6,+27.1,,,,,
12.06,1,9,2019-03-30 20:15:25,+40.52901,-78.64906,47,0.0,0.0,+11.8,,,,,20:15:24,+11.2,-0.4,190.2,0.0,-47,+0.1,-0.01,+1.0,99,-34,+22,0.0,30.06,+761,,,96,,120.0,-500,,0,0,,,+0,,,,+6,,,-47,,,,,,,,,59,+27,1027,1027,13.3,3.2,3.2,28.8,15.5,13.9,35.1,14.5,,+12.6,18.1,14.8,,,,,+43,+537,+48,+539,+43,+534,+46,+543,,,-100,+4.996,,+28.8,+4.998,,,,+15.5,+13.9,+58.7,+27.1,,,,,
12.31,1,8,2019-03-30 20:15:25,+40.52901,-78.64906,47,0.0,0.0,+11.8,,,,,20:15:25,+11.2,-0.4,190.2,0.0,-47,+0.1,-0.01,+1.0,99,-50,+22,0.0,30.06,+761,,,96,,120.0,-500,,0,0,,,+0,,,,+6,,,-47,,,,,,,,,59,+27,1033,1033,13.3,3.2,3.2,28.8,15.5,13.9,35.1,14.5,,+12.6,18.1,14.8,,,,,+43,+537,+48,+539,+43,+533,+46,+544,,,-100,+4.996,,+28.8,+4.998,,,,+15.5,+13.9,+58.9,+27.1,,,,,
12.56,1,8,2019-03-30 20:15:26,+40.52901,-78.64906,47,0.0,0.0,+11.8,,,,,20:15:25,+11.2,-0.4,190.2,0.0,-47,+0.1,-0.01,+1.0,99,-28,+22,0.0,30.06,+761,,,96,,120.0,-500,,0,0,,,+0,,,,+7,,,-47,,,,,,,,,59,+27,1030,1030,13.3,3.2,3.2,28.8,15.5,13.9,35.1,14.5,,+12.5,18.1,14.8,,,,,+43,+536,+48,+539,+43,+533,+46,+544,,,-100,+4.996,,+28.8,+4.998,,,,+15.5,+13.9,+58.9,+27.1,,,,,
12.81,1,9,2019-03-30 20:15:26,+40.52901,-78.64906,47,0.0,0.0,+11.8,,,,,20:15:25,+11.3,-0.4,190.2,0.0,-47,+0.1,-0.01,+1.0,99,-35,+22,0.0,30.06,+761,,,96,,120.0,-500,,0,0,,,+0,,,,+7,,,-47,,,,,,,,,59,+27,1031,1031,13.2,3.2,3.2,28.8,15.5,13.9,35.1,14.5,,+12.5,18.1,14.8,,,,,+43,+535,+48,+540,+44,+534,+46,+545,,,-100,+4.996,,+28.8,+4.998,,,,+15.5,+13.9,+58.8,+27.1,,,,,
13.06,1,8,2019-03-30 20:15:26,+40.52901,-78.64906,47,0.0,0.0,+11.8,,,,,20:15:25,+11.3,-0.4,190.2,0.0,-47,+0.1,-0.01,+1.0,99,-25,+22,0.0,30.06,+761,,,96,,120.0,-500,,0,0,,,+0,,,,+7,,,-47,,,,,,,,,59,+27,1028,1028,13.2,3.1,3.1,28.8,15.5,13.9,35.1,14.5,,+12.5,18.1,14.8,,,,,+44,+535,+48,+541,+44,+534,+47,+545,,,-100,+4.996,,+28.8,+4.998,,,,+15.5,+13.9,+58.8,+27.1,,,,,
13.31,1,9,2019-03-30 20:15:26,+40.52901,-78.64906,47,0.0,0.0,+11.8,,,,,20:15:26,+11.3,-0.4,190.2,0.0,-47,+0.1,-0.01,+0.9,99,-43,+22,0.0,30.06,+761,,,96,,120.0,-500,,0,0,,,+0,,,,+7,,,-47,,,,,,,,,59,+27,1029,1029,13.2,3.1,3.1,28.8,15.5,13.9,35.1,14.5,,+12.5,18.1,14.8,,,,,+44,+535,+49,+541,+44,+534,+47,+546,,,-100,+4.996,,+28.8,+4.998,,,,+15.5,+13.9,+58.8,+27.1,,,,,
13.56,1,9,2019-03-30 20:15:27,+40.52901,-78.64906,47,0.0,0.0,+11.8,,,,,20:15:26,+11.3,-0.4,190.2,0.0,-47,+0.1,-0.01,+1.0,99,-42,+22,0.0,30.06,+761,,,96,,120.0,-500,,0,0,,,+0,,,,+7,,,-47,,,,,,,,,59,+27,1028,1028,13.2,3.1,3.1,28.8,15.5,13.9,35.1,14.5,,+12.5,18.1,14.8,,,,,+44,+535,+49,+541,+44,+534,+47,+547,,,-100,+4.996,,+28.8,+4.998,,,,+15.5,+13.9,+58.8,+27.1,,,,,
13.81,1,8,2019-03-30 20:15:27,+40.52901,-78.64906,47,0.0,0.0,+11.8,,,,,20:15:26,+11.3,-0.4,190.2,0.0,-47,+0.1,-0.01,+1.0,99,-49,+22,0.0,30.06,+761,,,96,,120.0,-500,,0,0,,,+0,,,,+7,,,-47,,,,,,,,,59,+27,1029,1029,13.2,3.1,3.1,28.8,15.5,13.9,35.1,14.5,,+12.4,18.1,14.8,,,,,+44,+535,+49,+542,+44,+534,+47,+548,,,-100,+4.996,,+28.8,+4.998,,,,+15.5,+13.9,+58.8,+27.1,,,,,
14.06,1,8,2019-03-30 20:15:27,+40.52901,-78.64906,47,0.0,0.0,+11.8,,,,,20:15:26,+11.3,-0.4,190.2,0.0,-47,+0.1,-0.01,+1.0,99,-33,+22,0.0,30.06,+761,,,96,,120.0,-500,,0,0,,,+0,,,,+7,,,-47,,,,,,,,,59,+27,1025,1025,13.2,3.1,3.1,28.8,15.5,13.9,35.1,14.5,,+12.4,18.1,14.8,,,,,+44,+535,+49,+541,+44,+535,+47,+549,,,-100,+4.996,,+28.8,+4.998,,,,+15.5,+13.9,+58.8,+27.1,,,,,
14.31,1,8,2019-03-30 20:15:27,+40.52901,-78.64906,47,0.0,0.0,+11.8,,,,,20:15:27,+11.3,-0.4,190.2,0.0,-47,+0.1,-0.00,+1.0,99,-26,+22,0.0,30.06,+761,,,96,,120.0,-500,,0,0,,,+0,,,,+7,,,-47,,,,,,,,,59,+27,1026,1026,13.2,3.1,3.1,28.8,15.5,13.9,35.1,14.5,,+12.4,18.1,14.8,,,,,+44,+535,+49,+542,+44,+535,+47,+550,,,-100,+4.996,,+28.8,+4.998,,,,+15.5,+13.9,+58.7,+27.1,,,,,
14.56,1,7,2019-03-30 20:15:28,+40.52901,-78.64906,47,0.0,0.0,+11.8,,,,,20:15:27,+11.3,-0.4,190.2,0.0,-47,+0.1,-0.01,+1.0,99,-20,+22,0.0,30.06,+761,,,96,,120.0,-500,,0,0,,,+0,,,,+7,,,-47,,,,,,,,,59,+27,1030,1030,13.2,3.1,3.1,28.8,15.5,13.9,35.1,14.5,,+12.4,18.1,14.8,,,,,+44,+535,+49,+542,+44,+536,+47,+550,,,-100,+4.996,,+28.8,+4.998,,,,+15.5,+13.9,+58.8,+27.1,,,,,
14.81,1,8,2019-03-30 20:15:28,+40.52901,-78.64906,47,0.0,0.0,+11.8,,,,,20:15:27,+11.3,-0.4,190.2,0.0,-47,+0.1,-0.01,+1.0,99,-28,+22,0.0,30.06,+761,,,96,,120.0,-500,,0,0,,,+0,,,,+6,,,-47,,,,,,,,,59,+27,1033,1033,13.2,3.1,3.1,28.8,15.5,13.9,35.1,14.5,,+12.4,18.1,14.8,,,,,+44,+535,+49,+542,+45,+537,+48,+550,,,-100,+4.996,,+28.8,+4.998,,,,+15.5,+13.9,+58.9,+27.1,,,,,
15.06,1,8,2019-03-30 20:15:28,+40.52901,-78.64906,47,0.0,0.0,+11.8,,,,,20:15:27,+11.3,-0.4,190.2,0.0,-47,+0.1,-0.01,+1.0,99,-19,+22,0.0,30.06,+761,,,96,,120.0,-500,,0,0,,,+0,,,,+6,,,-47,,,,,,,,,59,+27,1033,1033,13.2,3.1,3.1,28.8,15.5,13.9,35.1,14.5,,+12.3,18.1,14.8,,,,,+45,+535,+49,+543,+45,+538,+48,+550,,,-100,+4.996,,+28.8,+4.998,,,,+15.5,+13.9,+58.9,+27.1,,,,,
15.31,1,8,2019-03-30 20:15:28,+40.52901,-78.64906,47,0.0,0.0,+11.8,,,,,20:15:28,+11.3,-0.4,190.2,0.0,-47,+0.1,-0.00,+1.0,99,-35,+22,0.0,30.06,+761,,,96,,120.0,-500,,0,0,,,+0,,,,+6,,,-47,,,,,,,,,59,+27,1027,1027,13.2,3.1,3.1,28.8,15.5,13.9,35.1,14.5,,+12.3,18.1,14.8,,,,,+45,+535,+49,+543,+45,+538,+48,+550,,,-100,+4.996,,+28.8,+4.998,,,,+15.5,+13.9,+58.9,+27.2,,,,,
15.56,1,8,2019-03-30 20:15:29,+40.52901,-78.64906,47,0.0,0.0,+11.8,,,,,20:15:28,+11.3,-0.4,190.2,0.0,-47,+0.1,-0.01,+0.9,99,-16,+22,0.0,30.06,+761,,,96,,120.0,-500,,0,0,,,+0,,,,+6,,,-47,,,,,,,,,59,+27,1023,1023,13.2,3.1,3.1,28.8,15.5,13.9,35.1,14.5,,+12.3,18.1,14.8,,,,,+45,+535,+49,+544,+45,+539,+48,+551,,,-100,+4.996,,+28.8,+4.998,,,,+15.5,+13.9,+58.7,+27.2,,,,,
15.81,1,8,2019-03-30 20:15:29,+40.52901,-78.64906,47,0.0,0.0,+11.8,,,,,20:15:28,+11.3,-0.4,190.2,0.0,-47,+0.1,-0.01,+0.9,99,-47,+22,0.0,30.06,+761,,,96,,120.0,-500,,0,0,,,+0,,,,+6,,,-47,,,,,,,,,59,+27,1021,1021,13.2,3.1,3.1,28.8,15.5,13.9,35.1,14.5,,+12.3,18.1,14.8,,,,,+45,+536,+50,+545,+45,+539,+48,+552,,,-100,+4.996,,+28.8,+4.998,,,,+15.5,+13.9,+58.6,+27.2,,,,,
16.06,1,8,2019-03-30 20:15:29,+40.52901,-78.64906,47,0.0,0.0,+11.8,,,,,20:15:28,+11.3,-0.5,190.3,0.0,-47,+0.1,-0.01,+1.0,99,-27,+22,0.0,30.06,+761,,,96,,120.0,-500,,0,0,,,+0,,,,+6,,,-47,,,,,,,,,59,+27,1031,1031,13.2,3.1,3.1,28.8,15.5,13.9,35.1,14.5,,+12.2,18.1,14.8,,,,,+45,+538,+50,+544,+45,+539,+48,+553,,,-100,+4.996,,+28.8,+4.998,,,,+15.5,+13.9,+58.8,+27.2,,,,,
16.31,1,7,2019-03-30 20:15:29,+40.52901,-78.64906,47,0.0,0.0,+11.8,,,,,20:15:29,+11.3,-0.5,190.2,0.0,-47,+0.1,-0.00,+1.0,99,-45,+22,0.0,30.06,+761,,,96,,120.0,-500,,0,0,,,+0,,,,+6,,,-47,,,,,,,,,59,+27,1034,1034,13.2,3.1,3.1,28.8,15.5,13.9,35.1,14.5,,+12.2,18.1,14.8,,,,,+45,+539,+50,+544,+45,+539,+48,+554,,,-100,+4.996,,+28.8,+4.998,,,,+15.5,+13.9,+58.9,+27.2,,,,,
16.56,1,8,2019-03-30 20:15:30,+40.52901,-78.64906,47,0.0,0.0,+11.8,,,,,20:15:29,+11.3,-0.4,190.3,0.0,-47,+0.1,-0.01,+1.0,99,-21,+22,0.0,30.06,+761,,,96,,120.0,-500,,0,0,,,+0,,,,+6,,,-47,,,,,,,,,59,+27,1035,1035,13.2,3.1,3.1,28.8,15.6,13.9,35.1,14.5,,+12.2,18.1,14.8,,,,,+45,+539,+50,+544,+45,+539,+49,+555,,,-100,+4.996,,+28.8,+4.998,,,,+15.6,+13.9,+58.9,+27.2,,,,,
16.81,1,9,2019-03-30 20:15:30,+40.52901,-78.64906,47,0.0,0.0,+11.8,,,,,20:15:29,+11.3,-0.4,190.3,0.0,-47,+0.1,-0.00,+1.0,99,-35,+22,0.0,30.06,+761,,,96,,120.0,-500,,0,0,,,+0,,,,+6,,,-47,,,,,,,,,59,+27,1033,1033,13.1,3.1,3.1,28.8,15.6,13.9,35.1,14.5,,+12.2,18.1,14.8,,,,,+46,+539,+50,+544,+46,+539,+49,+556,,,-100,+4.996,,+28.8,+4.998,,,,+15.6,+13.9,+59.0,+27.2,,,,,
17.06,1,9,2019-03-30 20:15:30,+40.52901,-78.64906,47,0.0,0.0,+11.8,,,,,20:15:29,+11.3,-0.5,190.3,0.0,-47,+0.1,-0.01,+1.0,99,-22,+22,0.0,30.06,+761,,,96,,120.0,-500,,0,0,,,+0,,,,+6,,,-47,,,,,,,,,59,+27,1037,1037,13.1,3.1,3.1,28.8,15.6,13.9,35.1,14.5,,+12.2,18.1,14.8,,,,,+46,+539,+51,+545,+46,+539,+49,+556,,,-100,+4.996,,+28.8,+4.998,,,,+15.6,+13.9,+58.9,+27.2,,,,,
17.31,1,9,2019-03-30 20:15:30,+40.52901,-78.64906,47,0.0,0.0,+11.8,,,,,20:15:30,+11.3,-0.5,190.3,0.0,-47,+0.1,-0.01,+1.0,99,-53,+22,0.0,30.06,+761,,,96,,120.0,-500,,0,0,,,+0,,,,+6,,,-47,,,,,,,,,59,+27,1041,1041,13.1,3.1,3.1,28.8,15.6,13.9,35.1,14.5,,+12.1,18.1,14.8,,,,,+46,+540,+51,+545,+46,+539,+49,+556,,,-100,+4.996,,+28.8,+4.998,,,,+15.6,+13.9,+59.1,+27.2,,,,,
17.56,1,9,2019-03-30 20:15:31,+40.52901,-78.64906,47,0.0,0.0,+11.8,,,,,20:15:30,+11.3,-0.4,190.3,0.0,-47,+0.1,-0.01,+0.9,99,-58,+22,0.0,30.06,+761,,,96,,120.0,-500,,0,0,,,+0,,,,+6,,,-47,,,,,,,,,59,+27,1041,1041,13.1,3.1,3.1,28.8,15.6,13.9,35.1,14.5,,+12.1,18.1,14.8,,,,,+46,+539,+51,+545,+46,+540,+49,+557,,,-100,+4.996,,+28.8,+4.998,,,,+15.6,+13.9,+59.2,+27.2,,,,,
17.81,1,8,2019-03-30 20:15:31,+40.52901,-78.64906,47,0.0,0.0,+11.8,,,,,20:15:30,+11.3,-0.4,190.3,0.0,-47,+0.1,-0.00,+1.0,99,-85,+22,0.0,30.06,+761,,,96,,120.0,-500,,0,0,,,+0,,,,+6,,,-47,,,,,,,,,59,+27,1049,1049,13.0,3.1,3.1,28.8,15.6,13.9,35.1,14.5,,+12.1,18.1,14.8,,,,,+46,+539,+51,+546,+46,+541,+49,+557,,,-100,+4.996,,+28.8,+4.998,,,,+15.6,+13.9,+59.3,+27.2,,,,,
18.06,1,8,2019-03-30 20:15:31,+40.52901,-78.64906,47,0.0,0.0,+11.8,,,,,20:15:30,+11.3,-0.4,190.3,0.0,-47,+0.1,-0.00,+1.0,99,-74,+22,0.0,30.06,+761,,,96,,120.0,-500,,0,0,,,+0,,,,+6,,,-47,,,,,,,,,59,+27,1049,1049,13.0,3.1,3.1,28.8,15.6,13.9,35.1,14.5,,+12.1,18.1,14.8,,,,,+46,+539,+51,+546,+46,+541,+49,+557,,,-100,+4.996,,+28.8,+4.998,,,,+15.6,+13.9,+59.3,+27.2,,,,,
18.31,1,8,2019-03-30 20:15:31,+40.52901,-78.64906,47,0.0,0.0,+11.8,,,,,20:15:31,+11.2,-0.4,190.3,0.0,-47,+0.1,-0.01,+1.0,99,-79,+22,0.0,30.06,+761,,,96,,120.0,-500,,0,0,,,+0,,,,+6,,,-47,,,,,,,,,59,+27,1042,1042,13.0,3.1,3.1,28.8,15.6,13.9,35.1,14.5,,+12.1,18.1,14.8,,,,,+47,+539,+51,+546,+46,+541,+50,+559,,,-100,+4.996,,+28.8,+4.998,,,,+15.6,+13.9,+59.3,+27.2,,,,,
18.56,1,8,2019-03-30 20:15:32,+40.52901,-78.64906,47,0.0,0.0,+11.8,,,,,20:15:31,+11.2,-0.4,190.3,0.0,-47,+0.1,-0.00,+1.0,99,-35,+22,0.0,30.06,+761,,,96,,120.0,-500,,0,0,,,+0,,,,+6,,,-47,,,,,,,,,59,+27,1038,1038,13.0,3.1,3.1,28.8,15.6,13.9,35.1,14.5,,+12.1,18.1,14.8,,,,,+47,+539,+51,+547,+46,+541,+50,+559,,,-100,+4.996,,+28.8,+4.998,,,,+15.6,+13.9,+59.1,+27.2,,,,,
18.81,1,8,2019-03-30 20:15:32,+40.52901,-78.64906,47,0.0,0.0,+11.8,,,,,20:15:31,+11.2,-0.4,190.3,0.0,-47,+0.1,-0.00,+1.0,99,-39,+22,0.0,30.06,+761,,,96,,120.0,-500,,0,0,,,+0,,,,+6,,,-47,,,,,,,,,59,+27,1036,1036,13.1,3.1,3.1,28.7,15.6,13.9,35.1,14.5,,+12.0,18.1,14.8,,,,,+47,+541,+51,+549,+46,+542,+50,+560,,,-100,+4.996,,+28.7,+4.998,,,,+15.6,+13.9,+59.0,+27.2,,,,,
19.06,1,9,2019-03-30 20:15:32,+40.52901,-78.64906,47,0.0,0.0,+11.8,,,,,20:15:31,+11.2,-0.4,190.3,0.0,-47,+0.2,-0.01,+1.0,99,+17,+22,0.0,30.06,+761,,,96,,120.0,-500,,0,0,,,+0,,,,+6,,,-47,,,,,,,,,59,+27,1037,1037,13.1,3.1,3.1,28.8,15.6,13.9,35.1,14.5,,+12.0,18.1,14.8,,,,,+47,+542,+52,+550,+47,+542,+50,+559,,,-100,+4.996,,+28.8,+4.998,,,,+15.6,+13.9,+59.0,+27.2,,,,,
19.31,1,9,2019-03-30 20:15:32,+40.52901,-78.64906,47,0.0,0.0,+11.8,,,,,20:15:32,+11.2,-0.4,190.3,0.0,-47,+0.1,-0.01,+1.0,99,+23,+22,0.0,30.06,+761,,,96,,120.0,-500,,0,0,,,+0,,,,+6,,,-47,,,,,,,,,59,+27,1042,1042,13.1,3.1,3.1,28.8,15.6,13.9,35.1,14.5,,+12.0,18.1,14.8,,,,,+47,+542,+52,+551,+47,+542,+50,+559,,,-100,+4.996,,+28.8,+4.998,,,,+15.6,+13.9,+59.1,+27.2,,,,,
19.56,1,8,2019-03-30 20:15:33,+40.52901,-78.64906,47,0.0,0.0,+11.8,,,,,20:15:32,+11.2,-0.4,190.3,0.0,-47,+0.1,-0.01,+1.0,99,+83,+22,0.0,30.06,+761,,,96,,120.0,-500,,0,0,,,+0,,,,+6,,,-47,,,,,,,,,59,+27,1045,1045,13.1,3.1,3.1,28.7,15.6,13.9,35.1,14.5,,+12.0,18.1,14.8,,,,,+47,+543,+52,+551,+47,+543,+50,+560,,,-100,+4.996,,+28.7,+4.998,,,,+15.6,+13.9,+59.2,+27.2,,,,,
19.81,1,8,2019-03-30 20:15:33,+40.52901,-78.64906,47,0.0,0.0,+11.8,,,,,20:15:32,+11.2,-0.4,190.2,0.0,-47,+0.1,-0.01,+1.0,99,+20,+22,0.0,30.06,+761,,,96,,120.0,-500,,0,0,,,+0,,,,+6,,,-47,,,,,,,,,59,+27,1052,1052,13.0,3.1,3.1,28.7,15.6,13.9,35.1,14.5,,+12.0,18.1,14.8,,,,,+47,+542,+52,+551,+47,+543,+50,+560,,,-100,+4.996,,+28.7,+4.998,,,,+15.6,+13.9,+59.3,+27.2,,,,,
20.06,1,8,2019-03-30 20:15:33,+40.52901,-78.64906,47,0.0,0.0,+11.8,,,,,20:15:32,+11.2,-0.4,190.2,0.0,-47,+0.1,-0.01,+1.0,99,+46,+22,0.0,30.06,+761,,,96,,120.0,-500,,0,0,,,+0,,,,+6,,,-47,,,,,,,,,59,+27,1050,1050,13.0,3.0,3.0,28.8,15.6,13.9,35.1,14.5,,+11.9,18.1,14.8,,,,,+47,+542,+52,+551,+47,+543,+50,+560,,,-100,+4.996,,+28.8,+4.998,,,,+15.6,+13.9,+59.4,+27.2,,,,,
20.31,1,8,2019-03-30 20:15:33,+40.52901,-78.64906,47,0.0,0.0,+11.8,,,,,20:15:33,+11.2,-0.4,190.2,0.0,-47,+0.1,-0.01,+1.0,99,+29,+22,0.0,30.06,+761,,,96,,120.0,-500,,0,0,,,+0,,,,+6,,,-47,,,,,,,,,59,+27,1043,1043,13.0,3.0,3.0,28.8,15.6,13.9,35.1,14.5,,+11.9,18.1,14.8,,,,,+47,+543,+52,+552,+47,+543,+50,+561,,,-100,+4.996,,+28.8,+4.998,,,,+15.6,+13.9,+59.3,+27.2,,,,,
20.56,1,8,2019-03-30 20:15:34,+40.52901,-78.64906,47,0.0,0.0,+11.8,,,,,20:15:33,+11.2,-0.4,190.2,0.0,-47,+0.1,-0.01,+1.0,99,+69,+22,0.0,30.06,+761,,,96,,120.0,-500,,0,0,,,+0,,,,+6,,,-47,,,,,,,,,59,+27,1045,1045,13.0,3.0,3.0,28.8,15.6,13.9,35.1,14.5,,+11.9,18.1,14.8,,,,,+48,+543,+53,+552,+47,+543,+51,+562,,,-100,+4.996,,+28.8,+4.998,,,,+15.6,+13.9,+59.2,+27.2,,,,,
20.81,1,8,2019-03-30 20:15:34,+40.52901,-78.64906,47,0.0,0.0,+11.8,,,,,20:15:33,+11.2,-0.4,190.2,0.0,-47,+0.1,-0.01,+0.9,99,+38,+22,0.0,30.06,+761,,,96,,120.0,-500,,0,0,,,+0,,,,+6,,,-47,,,,,,,,,59,+27,1044,1044,13.0,3.0,3.0,28.8,15.6,13.9,35.1,14.5,,+11.9,18.1,14.8,,,,,+48,+543,+53,+552,+47,+544,+51,+563,,,-100,+4.996,,+28.8,+4.998,,,,+15.6,+13.9,+59.2,+27.2,,,,,
21.06,1,8,2019-03-30 20:15:34,+40.52901,-78.64906,47,0.0,0.0,+11.8,,,,,20:15:33,+11.2,-0.4,190.2,0.0,-47,+0.1,-0.00,+1.0,99,+44,+22,0.0,30.06,+761,,,96,,120.0,-500,,0,0,,,+0,,,,+6,,,-47,,,,,,,,,59,+27,1044,1044,13.0,3.0,3.0,28.7,15.6,13.9,35.1,14.5,,+11.9,18.1,14.8,,,,,+48,+544,+53,+553,+47,+544,+51,+564,,,-100,+4.996,,+28.7,+4.998,,,,+15.6,+13.9,+59.2,+27.2,,,,,
21.31,1,8,2019-03-30 20:15:34,+40.52901,-78.64906,47,0.0,0.0,+11.8,,,,,20:15:34,+11.2,-0.4,190.2,0.0,-47,+0.1,-0.01,+1.0,99,-15,+22,0.0,30.06,+761,,,96,,120.0,-500,,0,0,,,+0,,,,+6,,,-47,,,,,,,,,59,+27,1050,1050,13.0,3.0,3.0,28.8,15.6,13.9,35.1,14.5,,+11.8,18.1,14.8,,,,,+48,+544,+53,+553,+47,+543,+51,+564,,,-100,+4.996,,+28.8,+4.998,,,,+15.6,+13.9,+59.3,+27.2,,,,,
21.56,1,8,2019-03-30 20:15:35,+40.52901,-78.64906,47,0.0,0.0,+11.8,,,,,20:15:34,+11.2,-0.4,190.2,0.0,-47,+0.1,-0.01,+1.0,99,+22,+22,0.0,30.06,+761,,,96,,120.0,-500,,0,0,,,+0,,,,+6,,,-47,,,,,,,,,59,+27,1044,1044,13.0,3.0,3.0,28.8,15.6,13.9,35.1,14.5,,+11.8,18.1,14.8,,,,,+48,+545,+53,+553,+48,+543,+51,+564,,,-100,+4.996,,+28.8,+4.998,,,,+15.6,+13.9,+59.3,+27.2,,,,,
21.81,1,8,2019-03-30 20:15:35,+40.52901,-78.64906,47,0.0,0.0,+11.8,,,,,20:15:34,+11.2,-0.4,190.3,0.0,-47,+0.1,-0.01,+1.0,99,-19,+22,0.0,30.06,+761,,,96,,120.0,-500,,0,0,,,+0,,,,+6,,,-48,,,,,,,,,59,+27,1044,1044,13.0,3.0,3.0,28.8,15.6,13.9,35.1,14.5,,+11.8,18.1,14.8,,,,,+48,+547,+53,+554,+48,+543,+51,+565,,,-100,+4.996,,+28.8,+4.998,,,,+15.6,+13.9,+59.2,+27.2,,,,,
22.06,1,8,2019-03-30 20:15:35,+40.52901,-78.64906,47,0.0,0.0,+11.8,,,,,20:15:34,+11.2,-0.4,190.3,0.0,-47,+0.1,-0.00,+1.0,99,-17,+22,0.0,30.06,+761,,,96,,120.0,-500,,0,0,,,+0,,,,+6,,,-47,,,,,,,,,59,+27,1051,1051,13.0,3.0,3.0,28.8,15.6,13.9,35.1,14.5,,+11.8,18.1,14.8,,,,,+49,+547,+53,+554,+48,+544,+51,+565,,,-100,+4.996,,+28.8,+4.998,,,,+15.6,+13.9,+59.3,+27.2,,,,,
22.31,1,8,2019-03-30 20:15:35,+40.52901,-78.64906,47,0.0,0.0,+11.8,,,,,20:15:35,+11.2,-0.4,190.2,0.0,-47,+0.1,-0.01,+1.0,99,-65,+22,0.0,30.06,+761,,,96,,120.0,-500,,0,0,,,+0,,,,+6,,,-48,,,,,,,,,59,+27,1053,1053,13.0,3.0,3.0,28.8,15.6,13.9,35.1,14.5,,+11.8,18.1,14.8,,,,,+49,+547,+54,+554,+48,+544,+51,+564,,,-100,+4.996,,+28.8,+4.998,,,,+15.6,+13.9,+59.4,+27.2,,,,,
22.56,1,9,2019-03-30 20:15:36,+40.52901,-78.64906,47,0.0,0.0,+11.8,,,,,20:15:35,+11.2,-0.4,190.3,0.0,-47,+0.1,-0.01,+0.9,99,-58,+22,0.0,30.06,+761,,,96,,120.0,-500,,0,0,,,+0,,,,+6,,,-48,,,,,,,,,60,+27,1059,1059,13.0,3.0,3.0,28.8,15.6,13.9,35.1,14.5,,+11.8,18.1,14.8,,,,,+49,+547,+54,+554,+48,+545,+51,+565,,,-100,+4.996,,+28.8,+4.998,,,,+15.6,+13.9,+59.5,+27.2,,,,,
22.81,1,9,2019-03-30 20:15:36,+40.52901,-78.64906,47,0.0,0.0,+11.8,,,,,20:15:35,+11.2,-0.4,190.3,0.0,-47,+0.1,-0.01,+1.0,99,-91,+22,0.0,30.06,+761,,,96,,120.0,-500,,0,0,,,+0,,,,+6,,,-48,,,,,,,,,60,+27,1058,1058,12.9,3.0,3.0,28.8,15.6,13.9,35.1,14.5,,+11.7,18.1,14.8,,,,,+49,+547,+54,+554,+48,+545,+51,+565,,,-100,+4.996,,+28.8,+4.998,,,,+15.6,+13.9,+59.6,+27.2,,,,,
23.06,1,9,2019-03-30 20:15:36,+40.52901,-78.64906,47,0.0,0.0,+11.8,,,,,20:15:35,+11.2,-0.5,190.3,0.0,-47,+0.1,-0.01,+1.0,99,-71,+22,0.0,30.06,+761,,,96,,120.0,-500,,0,0,,,+0,,,,+6,,,-48,,,,,,,,,59,+27,1052,1052,12.9,3.0,3.0,28.8,15.6,13.9,35.1,14.5,,+11.7,18.1,14.8,,,,,+49,+547,+54,+554,+48,+545,+52,+566,,,-100,+4.996,,+28.8,+4.998,,,,+15.6,+13.9,+59.4,+27.2,,,,,
23.31,1,9,2019-03-30 20:15:36,+40.52901,-78.64906,47,0.0,0.0,+11.8,,,,,20:15:36,+11.2,-0.5,190.2,0.0,-48,+0.1,-0.01,+1.0,99,-103,+22,0.0,30.06,+761,,,96,,120.0,-500,,0,0,,,+0,,,,+6,,,-48,,,,,,,,,59,+27,1048,1048,12.9,3.0,3.0,28.8,15.6,13.9,35.1,14.5,,+11.7,18.1,14.8,,,,,+49,+547,+54,+555,+49,+545,+52,+566,,,-100,+4.996,,+28.8,+4.998,,,,+15.6,+13.9,+59.3,+27.2,,,,,
23.56,1,9,2019-03-30 20:15:37,+40.52901,-78.64906,47,0.0,0.0,+11.8,,,,,20:15:36,+11.2,-0.4,190.3,0.0,-48,+0.1,-0.01,+1.0,99,-62,+22,0.0,30.06,+761,,,96,,120.0,-500,,0,0,,,+0,,,,+6,,,-48,,,,,,,,,59,+27,1055,1055,12.9,3.0,3.0,28.8,15.6,13.9,35.1,14.5,,+11.7,18.1,14.8,,,,,+49,+548,+54,+555,+49,+545,+52,+567,,,-100,+4.996,,+28.8,+4.998,,,,+15.6,+13.9,+59.3,+27.2,,,,,
23.81,1,9,2019-03-30 20:15:37,+40.52901,-78.64906,47,0.0,0.0,+11.8,,,,,20:15:36,+11.2,-0.4,190.3,0.0,-48,+0.1,-0.00,+0.9,99,-66,+22,0.0,30.06,+761,,,96,,120.0,-500,,0,0,,,+0,,,,+6,,,-48,,,,,,,,,60,+27,1055,1055,12.9,3.0,3.0,28.8,15.6,13.9,35.1,14.5,,+11.7,18.1,14.8,,,,,+49,+547,+54,+556,+49,+545,+52,+567,,,-100,+4.996,,+28.8,+4.998,,,,+15.6,+13.9,+59.5,+27.2,,,,,
24.06,1,9,2019-03-30 20:15:37,+40.52901,-78.64906,47,0.0,0.0,+11.8,,,,,20:15:36,+11.2,-0.5,190.3,0.0,-48,+0.1,-0.00,+1.0,99,-69,+22,0.0,30.06,+761,,,96,,120.0,-500,,0,0,,,+0,,,,+6,,,-48,,,,,,,,,59,+27,1054,1054,12.9,3.0,3.0,28.8,15.6,13.9,35.1,14.5,,+11.7,18.1,14.8,,,,,+50,+547,+54,+556,+49,+545,+52,+568,,,-100,+4.996,,+28.8,+4.998,,,,+15.6,+13.9,+59.5,+27.2,,,,,
24.31,1,8,2019-03-30 20:15:37,+40.52901,-78.64906,47,0.0,0.0,+11.8,,,,,20:15:37,+11.2,-0.5,190.3,0.0,-49,+0.1,-0.01,+1.0,99,-95,+22,0.0,30.06,+761,,,96,,120.0,-500,,0,0,,,+0,,,,+6,,,-48,,,,,,,,,59,+27,1049,1049,12.9,3.0,3.0,28.8,15.6,13.9,35.1,14.5,,+11.6,18.1,14.8,,,,,+50,+547,+55,+556,+49,+545,+52,+568,,,-100,+4.996,,+28.8,+4.998,,,,+15.6,+13.9,+59.4,+27.2,,,,,
24.56,1,8,2019-03-30 20:15:38,+40.52901,-78.64906,47,0.0,0.0,+11.8,,,,,20:15:37,+11.2,-0.5,190.3,0.0,-49,+0.1,-0.01,+1.0,99,-75,+22,0.0,30.06,+761,,,96,,120.0,-500,,0,0,,,+0,,,,+6,,,-48,,,,,,,,,59,+27,1048,1048,12.9,3.0,3.0,28.8,15.6,13.9,35.1,14.5,,+11.6,18.1,14.8,,,,,+50,+547,+55,+556,+49,+546,+52,+569,,,-100,+4.996,,+28.8,+4.998,,,,+15.6,+13.9,+59.3,+27.2,,,,,
24.81,1,9,2019-03-30 20:15:38,+40.52901,-78.64906,47,0.0,0.0,+11.8,,,,,20:15:37,+11.2,-0.5,190.3,0.0,-50,+0.1,-0.01,+1.0,99,-101,+22,0.0,30.06,+761,,,96,,120.0,-500,,0,0,,,+0,,,,+6,,,-48,,,,,,,,,59,+27,1052,1052,13.0,3.0,3.0,28.7,15.6,13.9,35.1,14.5,,+11.6,18.1,14.8,,,,,+50,+547,+55,+557,+49,+547,+52,+569,,,-100,+4.996,,+28.7,+4.998,,,,+15.6,+13.9,+59.3,+27.2,,,,,
25.06,1,9,2019-03-30 20:15:38,+40.52901,-78.64906,47,0.0,0.0,+11.8,,,,,20:15:37,+11.2,-0.4,190.3,0.0,-50,+0.1,-0.01,+1.0,99,-51,+22,0.0,30.06,+757,,,96,,120.0,-500,,0,0,,,+0,,,,+6,,,-48,,,,,,,,,59,+27,1053,1053,13.0,3.0,3.0,28.7,15.6,13.9,35.1,14.5,,+11.6,18.1,14.8,,,,,+50,+547,+55,+557,+49,+547,+53,+569,,,-100,+4.996,,+28.7,+4.998,,,,+15.6,+13.9,+59.4,+27.2,,,,,
25.31,1,9,2019-03-30 20:15:38,+40.52901,-78.64906,47,0.0,0.0,+11.8,,,,,20:15:38,+11.2,-0.4,190.3,0.0,-50,+0.1,-0.01,+1.0,99,-60,+22,0.0,30.06,+757,,,96,,120.0,-500,,0,0,,,+0,,,,+6,,,-48,,,,,,,,,59,+27,1045,1045,13.0,3.0,3.0,28.7,15.6,13.9,35.1,14.5,,+11.6,18.1,14.8,,,,,+50,+548,+55,+558,+49,+547,+53,+569,,,-100,+4.996,,+28.7,+4.998,,,,+15.6,+13.9,+59.3,+27.2,,,,,
25.56,1,9,2019-03-30 20:15:39,+40.52901,-78.64906,47,0.0,0.0,+11.8,,,,,20:15:38,+11.2,-0.5,190.3,0.0,-50,+0.1,-0.01,+1.0,99,-58,+22,0.0,30.06,+757,,,96,,120.0,-500,,0,0,,,+0,,,,+6,,,-48,,,,,,,,,59,+27,1048,1048,13.0,3.0,3.0,28.8,15.6,13.9,35.1,14.5,,+11.6,18.1,14.8,,,,,+51,+548,+55,+559,+50,+547,+53,+570,,,-100,+4.996,,+28.8,+4.998,,,,+15.6,+13.9,+59.2,+27.2,,,,,
25.81,1,9,2019-03-30 20:15:39,+40.52901,-78.64906,47,0.0,0.0,+11.8,,,,,20:15:38,+11.2,-0.5,190.3,0.0,-51,+0.1,-0.00,+1.0,99,-102,+22,0.0,30.06,+757,,,96,,120.0,-500,,0,0,,,+0,,,,+6,,,-48,,,,,,,,,59,+27,1043,1043,13.0,3.0,3.0,28.8,15.6,13.9,35.1,14.5,,+11.5,18.1,14.8,,,,,+51,+548,+55,+559,+50,+548,+53,+570,,,-100,+4.996,,+28.8,+4.998,,,,+15.6,+13.9,+59.2,+27.2,,,,,
26.06,1,9,2019-03-30 20:15:39,+40.52901,-78.64906,47,0.0,0.0,+11.8,,,,,20:15:38,+11.2,-0.5,190.3,0.0,-51,+0.1,-0.01,+1.0,99,-70,+22,0.0,30.06,+757,,,96,,120.0,-500,,0,0,,,+0,,,,+6,,,-48,,,,,,,,,59,+27,1045,1045,13.0,3.0,3.0,28.7,15.6,13.9,35.1,14.5,,+11.5,18.1,14.8,,,,,+51,+548,+56,+560,+50,+549,+53,+570,,,-100,+4.996,,+28.7,+4.998,,,,+15.6,+13.9,+59.2,+27.2,,,,,
26.31,1,9,2019-03-30 20:15:39,+40.52901,-78.64906,47,0.0,0.0,+11.8,,,,,20:15:39,+11.2,-0.5,190.4,0.0,-52,+0.1,-0.01,+1.0,99,-88,+22,0.0,30.06,+757,,,96,,120.0,-500,,0,0,,,+0,,,,+6,,,-48,,,,,,,,,59,+27,1054,1054,13.0,3.0,3.0,28.7,15.6,13.9,35.1,14.5,,+11.5,18.1,14.8,,,,,+51,+548,+56,+560,+50,+549,+53,+571,,,-100,+4.996,,+28.7,+4.998,,,,+15.6,+13.9,+59.3,+27.2,,,,,
26.56,1,9,2019-03-30 20:15:40,+40.52901,-78.64906,47,0.0,0.0,+11.8,,,,,20:15:39,+11.2,-0.5,190.4,0.0,-52,+0.1,-0.01,+1.0,99,-65,+22,0.0,30.06,+757,,,96,,120.0,-500,,0,0,,,+0,,,,+6,,,-48,,,,,,,,,59,+27,1050,1050,13.0,3.0,3.0,28.7,15.6,13.9,35.1,14.5,,+11.5,18.1,14.8,,,,,+51,+548,+56,+560,+50,+549,+54,+571,,,-100,+4.996,,+28.7,+4.998,,,,+15.6,+13.9,+59.4,+27.2,,,,,
26.81,1,9,2019-03-30 20:15:40,+40.52901,-78.64906,47,0.0,0.0,+11.8,,,,,20:15:39,+11.2,-0.5,190.3,0.0,-52,+0.1,-0.00,+1.0,99,-98,+22,0.0,30.06,+757,,,96,,120.0,-500,,0,0,,,+0,,,,+6,,,-48,,,,,,,,,59,+27,1048,1048,13.0,3.0,3.0,28.8,15.6,13.9,35.1,14.5,,+11.5,18.1,14.8,,,,,+51,+549,+56,+560,+50,+550,+54,+571,,,-100,+4.996,,+28.8,+4.998,,,,+15.6,+13.9,+59.3,+27.2,,,,,
27.06,1,9,2019-03-30 20:15:40,+40.52901,-78.64906,47,0.0,0.0,+11.8,,,,,20:15:39,+11.2,-0.5,190.4,0.0,-52,+0.1,-0.00,+1.0,99,-42,+22,0.0,30.06,+757,,,96,,120.0,-500,,0,0,,,+0,,,,+6,,,-48,,,,,,,,,59,+27,1054,1054,13.0,3.0,3.0,28.8,15.6,13.9,35.1,14.5,,+11.4,18.1,14.8,,,,,+51,+549,+56,+561,+50,+550,+54,+571,,,-100,+4.996,,+28.8,+4.998,,,,+15.6,+13.9,+59.3,+27.2,,,,,
27.31,1,9,2019-03-30 20:15:40,+40.52901,-78.64906,47,0.0,0.0,+11.8,,,,,20:15:40,+11.2,-0.5,190.4,0.0,-52,+0.1,-0.01,+1.0,99,-69,+22,0.0,30.06,+757,,,96,,120.0,-500,,0,0,,,+0,,,,+6,,,-48,,,,,,,,,59,+27,1058,1058,13.0,3.0,3.0,28.8,15.6,13.9,35.1,14.5,,+11.4,18.1,14.8,,,,,+51,+549,+56,+561,+50,+551,+54,+570,,,-100,+4.996,,+28.8,+4.998,,,,+15.6,+13.9,+59.5,+27.2,,,,,
27.56,1,9,2019-03-30 20:15:41,+40.52901,-78.64906,47,0.0,0.0,+11.8,,,,,20:15:40,+11.2,-0.4,190.4,0.0,-52,+0.1,-0.01,+1.0,99,-23,+22,0.0,30.06,+757,,,96,,120.0,-500,,0,0,,,+0,,,,+6,,,-48,,,,,,,,,60,+27,1061,1061,13.0,3.0,3.0,28.8,15.6,13.9,35.1,14.5,,+11.4,18.1,14.8,,,,,+51,+549,+56,+562,+51,+551,+54,+570,,,-100,+4.996,,+28.8,+4.998,,,,+15.6,+13.9,+59.5,+27.2,,,,,
27.81,1,9,2019-03-30 20:15:41,+40.52901,-78.64906,47,0.0,0.0,+11.8,,,,,20:15:40,+11.2,-0.4,190.4,0.0,-52,+0.1,-0.00,+1.0,99,-43,+22,0.0,30.06,+757,,,96,,120.0,-500,,0,0,,,+0,,,,+5,,,-48,,,,,,,,,60,+27,1059,1059,12.9,3.0,3.0,28.8,15.6,13.9,35.1,14.5,,+11.4,18.1,14.8,,,,,+52,+549,+57,+562,+51,+552,+54,+570,,,-100,+4.996,,+28.8,+4.998,,,,+15.6,+13.9,+59.6,+27.2,,,,,
28.06,1,9,2019-03-30 20:15:41,+40.52901,-78.64906,47,0.0,0.0,+11.8,,,,,20:15:40,+11.2,-0.5,190.4,0.0,-52,+0.1,-0.01,+1.0,99,-9,+22,0.0,30.06,+754,,,96,,120.0,-500,,0,0,,,+0,,,,+6,,,-48,,,,,,,,,59,+27,1055,1055,12.9,3.0,3.0,28.8,15.6,13.9,35.1,14.5,,+11.4,18.1,14.8,,,,,+52,+549,+57,+562,+51,+553,+54,+572,,,-100,+4.996,,+28.8,+4.998,,,,+15.6,+13.9,+59.4,+27.2,,,,,
28.31,1,8,2019-03-30 20:15:41,+40.52901,-78.64906,47,0.0,0.0,+11.8,,,,,20:15:41,+11.2,-0.5,190.4,0.0,-52,+0.1,-0.01,+1.0,99,-35,+22,0.0,30.06,+754,,,96,,120.0,-500,,0,0,,,+0,,,,+6,,,-48,,,,,,,,,59,+27,1059,1059,12.9,3.0,3.0,28.8,15.6,13.9,35.1,14.5,,+11.4,18.1,14.8,,,,,+52,+549,+57,+561,+51,+553,+54,+572,,,-100,+4.996,,+28.8,+4.998,,,,+15.6,+13.9,+59.4,+27.2,,,,,
28.56,1,9,2019-03-30 20:15:42,+40.52901,-78.64906,47,0.0,0.0,+11.8,,,,,20:15:41,+11.2,-0.5,190.4,0.0,-52,+0.1,-0.01,+1.0,99,-28,+22,0.0,30.06,+754,,,96,,120.0,-500,,0,0,,,+0,,,,+6,,,-48,,,,,,,,,59,+27,1055,1055,12.9,3.0,3.0,28.8,15.6,13.9,35.1,14.5,,+11.3,18.1,14.8,,,,,+52,+550,+57,+561,+51,+553,+54,+572,,,-100,+4.996,,+28.8,+4.998,,,,+15.6,+13.9,+59.4,+27.2,,,,,
28.81,1,9,2019-03-30 20:15:42,+40.52901,-78.64906,47,0.0,0.0,+11.8,,,,,20:15:41,+11.3,-0.5,190.4,0.0,-52,+0.1,-0.01,+1.0,99,-45,+22,0.0,30.06,+754,,,96,,120.0,-500,,0,0,,,+0,,,,+6,,,-48,,,,,,,,,59,+27,1054,1054,12.9,3.0,3.0,28.7,15.6,13.9,35.1,14.5,,+11.3,18.1,14.8,,,,,+52,+550,+57,+561,+51,+554,+55,+572,,,-100,+4.996,,+28.7,+4.998,,,,+15.6,+13.9,+59.3,+27.3,,,,,
29.06,1,7,2019-03-30 20:15:42,+40.52901,-78.64906,47,0.0,0.0,+11.8,,,,,20:15:41,+11.3,-0.5,190.4,0.0,-52,+0.1,-0.01,+1.0,99,-16,+22,0.0,30.06,+754,,,96,,120.0,-500,,0,0,,,+0,,,,+6,,,-48,,,,,,,,,59,+27,1055,1055,12.9,3.0,3.0,28.7,15.6,13.9,35.1,14.5,,+11.3,18.1,14.8,,,,,+52,+551,+57,+561,+51,+554,+55,+572,,,-100,+4.996,,+28.7,+4.998,,,,+15.6,+13.9,+59.3,+27.3,,,,,
29.31,1,7,2019-03-30 20:15:42,+40.52901,-78.64906,47,0.0,0.0,+11.8,,,,,20:15:42,+11.3,-0.5,190.4,0.0,-52,+0.1,-0.01,+1.0,99,-38,+22,0.0,30.06,+754,,,96,,120.0,-500,,0,0,,,+0,,,,+6,,,-48,,,,,,,,,59,+27,1052,1052,12.9,3.0,3.0,28.8,15.6,13.9,35.1,14.5,,+11.3,18.1,14.8,,,,,+53,+551,+57,+562,+51,+554,+55,+572,,,-100,+4.996,,+28.8,+4.998,,,,+15.6,+13.9,+59.4,+27.3,,,,,
29.56,1,8,2019-03-30 20:15:43,+40.52901,-78.64906,47,0.0,0.0,+11.8,,,,,20:15:42,+11.3,-0.5,190.4,0.0,-52,+0.1,-0.01,+1.0,99,-48,+22,0.0,30.06,+754,,,96,,120.0,-500,,0,0,,,+0,,,,+6,,,-48,,,,,,,,,59,+27,1049,1049,12.9,3.0,3.0,28.8,15.6,13.9,35.1,14.5,,+11.3,18.1,14.8,,,,,+53,+551,+58,+562,+51,+555,+55,+573,,,-100,+4.996,,+28.8,+4.998,,,,+15.6,+13.9,+59.3,+27.3,,,,,
29.81,1,8,2019-03-30 20:15:43,+40.52901,-78.64906,47,0.0,0.0,+11.8,,,,,20:15:42,+11.3,-0.5,190.4,0.0,-52,+0.1,-0.01,+1.0,99,-43,+22,0.0,30.06,+754,,,96,,120.0,-500,,0,0,,,+0,,,,+6,,,-48,,,,,,,,,59,+27,1052,1052,13.0,3.0,3.0,28.8,15.6,13.9,35.1,14.5,,+11.3,18.1,14.8,,,,,+53,+552,+58,+561,+51,+556,+55,+573,,,-100,+4.996,,+28.8,+4.998,,,,+15.6,+13.9,+59.3,+27.3,,,,,
30.06,1,7,2019-03-30 20:15:43,+40.52901,-78.64906,47,0.0,0.0,+11.8,,,,,20:15:42,+11.3,-0.4,190.4,0.0,-52,+0.1,-0.00,+1.0,99,-32,+22,0.0,30.06,+754,,,96,,120.0,-500,,0,0,,,+0,,,,+6,,,-48,,,,,,,,,59,+27,1056,1056,13.0,3.0,3.0,28.7,15.6,13.9,35.1,14.5,,+11.2,18.1,14.8,,,,,+53,+552,+58,+561,+52,+557,+55,+573,,,-100,+4.996,,+28.7,+4.998,,,,+15.6,+13.9,+59.4,+27.3,,,,,
30.31,1,7,2019-03-30 20:15:43,+40.52901,-78.64906,47,0.0,0.0,+11.8,,,,,20:15:43,+11.3,-0.4,190.4,0.0,-52,+0.1,-0.00,+1.0,99,-27,+22,0.0,30.06,+754,,,96,,120.0,-500,,0,0,,,+0,,,,+6,,,-48,,,,,,,,,60,+27,1062,1062,13.0,3.0,3.0,28.8,15.6,13.9,35.1,14.5,,+11.2,18.1,14.8,,,,,+53,+552,+58,+561,+52,+557,+55,+572,,,-100,+4.996,,+28.8,+4.998,,,,+15.6,+13.9,+59.5,+27.3,,,,,
30.56,1,8,2019-03-30 20:15:44,+40.52901,-78.64906,47,0.0,0.0,+11.8,,,,,20:15:43,+11.3,-0.5,190.4,0.0,-52,+0.1,-0.01,+1.0,99,-25,+22,0.0,30.06,+754,,,96,,120.0,-500,,0,0,,,+0,,,,+6,,,-48,,,,,,,,,59,+27,1054,1054,13.0,3.0,3.0,28.8,15.6,13.9,35.1,14.5,,+11.2,18.1,14.8,,,,,+53,+552,+58,+561,+52,+557,+55,+573,,,-100,+4.996,,+28.8,+4.998,,,,+15.6,+13.9,+59.5,+27.3,,,,,
30.81,1,8,2019-03-30 20:15:44,+40.52901,-78.64906,47,0.0,0.0,+11.8,,,,,20:15:43,+11.3,-0.5,190.4,0.0,-52,+0.1,-0.01,+1.0,99,-31,+22,0.0,30.06,+754,,,96,,120.0,-500,,0,0,,,+0,,,,+6,,,-48,,,,,,,,,59,+27,1051,1051,12.9,3.0,3.0,28.8,15.6,13.9,35.1,14.5,,+11.2,18.1,14.8,,,,,+53,+552,+58,+561,+52,+558,+56,+573,,,-100,+4.996,,+28.8,+4.998,,,,+15.6,+13.9,+59.3,+27.3,,,,,
31.06,1,7,2019-03-30 20:15:44,+40.52901,-78.64906,47,0.0,0.0,+11.8,,,,,20:15:43,+11.3,-0.5,190.4,0.0,-52,+0.1,-0.01,+1.0,99,-22,+22,0.0,30.06,+754,,,96,,120.0,-500,,0,0,,,+0,,,,+6,,,-48,,,,,,,,,59,+27,1050,1050,12.9,3.0,3.0,28.7,15.6,13.9,35.1,14.5,,+11.2,18.1,14.8,,,,,+54,+553,+58,+561,+52,+558,+56,+573,,,-100,+4.996,,+28.7,+4.998,,,,+15.6,+13.9,+59.3,+27.3,,,,,
31.31,1,7,2019-03-30 20:15:44,+40.52901,-78.64906,47,0.0,0.0,+11.8,,,,,20:15:44,+11.3,-0.5,190.4,0.0,-52,+0.1,-0.01,+1.0,99,-20,+22,0.0,30.06,+754,,,96,,120.0,-500,,0,0,,,+0,,,,+6,,,-48,,,,,,,,,59,+27,1054,1054,12.9,3.0,3.0,28.7,15.6,13.9,35.1,14.5,,+11.2,18.1,14.8,,,,,+54,+552,+58,+561,+52,+559,+56,+573,,,-100,+4.996,,+28.7,+4.998,,,,+15.6,+13.9,+59.3,+27.3,,,,,
31.56,1,7,2019-03-30 20:15:45,+40.52901,-78.64906,47,0.0,0.0,+11.8,,,,,20:15:44,+11.3,-0.4,190.4,0.0,-52,+0.1,-0.01,+1.0,99,-25,+22,0.0,30.06,+754,,,96,,120.0,-500,,0,0,,,+0,,,,+5,,,-48,,,,,,,,,59,+27,1052,1052,12.9,3.0,3.0,28.7,15.6,13.9,35.1,14.5,,+11.2,18.1,14.8,,,,,+54,+552,+59,+562,+52,+559,+56,+573,,,-100,+4.996,,+28.7,+4.998,,,,+15.6,+13.9,+59.3,+27.3,,,,,
31.81,1,8,2019-03-30 20:15:45,+40.52901,-78.64906,47,0.0,0.0,+11.8,,,,,20:15:44,+11.3,-0.4,190.3,0.0,-52,+0.1,-0.01,+1.0,99,-21,+22,0.0,30.06,+754,,,96,,120.0,-500,,0,0,,,+0,,,,+5,,,-48,,,,,,,,,59,+27,1055,1055,13.0,3.0,3.0,28.7,15.6,13.9,35.1,14.5,,+11.1,18.1,14.8,,,,,+54,+552,+59,+562,+52,+559,+56,+572,,,-100,+4.996,,+28.7,+4.998,,,,+15.6,+13.9,+59.3,+27.3,,,,,
32.06,1,8,2019-03-30 20:15:45,+40.52901,-78.64906,47,0.0,0.0,+11.8,,,,,20:15:44,+11.3,-0.4,190.3,0.0,-52,+0.1,-0.00,+1.0,99,-3,+22,0.0,30.06,+754,,,96,,120.0,-500,,0,0,,,+0,,,,+5,,,-48,,,,,,,,,59,+27,1050,1050,13.0,3.0,3.0,28.7,15.6,13.9,35.1,14.5,,+11.1,18.1,14.8,,,,,+54,+552,+59,+562,+53,+559,+56,+572,,,-100,+4.996,,+28.7,+4.998,,,,+15.6,+13.9,+59.3,+27.3,,,,,
32.31,1,8,2019-03-30 20:15:45,+40.52901,-78.64906,47,0.0,0.0,+11.8,,,,,20:15:45,+11.3,-0.4,190.4,0.0,-52,+0.1,-0.00,+1.0,99,-2,+22,0.0,30.06,+754,,,96,,120.0,-500,,0,0,,,+0,,,,+5,,,-48,,,,,,,,,59,+27,1045,1045,13.0,3.0,3.0,28.7,15.6,13.9,35.1,14.5,,+11.1,18.1,14.8,,,,,+54,+553,+59,+563,+53,+560,+56,+572,,,-100,+4.996,,+28.7,+4.998,,,,+15.6,+13.9,+59.2,+27.3,,,,,
32.56,1,8,2019-03-30 20:15:46,+40.52901,-78.64906,47,0.0,0.0,+11.8,,,,,20:15:45,+11.3,-0.4,190.3,0.0,-52,+0.1,-0.01,+1.0,99,+11,+22,0.0,30.06,+754,,,96,,120.0,-500,,0,0,,,+0,,,,+6,,,-48,,,,,,,,,59,+27,1048,1048,13.0,3.0,3.0,28.7,15.7,13.9,35.1,14.5,,+11.1,18.1,14.8,,,,,+54,+552,+59,+563,+53,+560,+56,+573,,,-100,+4.996,,+28.7,+4.998,,,,+15.7,+13.9,+59.2,+27.3,,,,,
32.81,1,8,2019-03-30 20:15:46,+40.52901,-78.64906,48,0.0,0.0,+11.8,,,,,20:15:45,+11.3,-0.5,190.4,0.0,-52,+0.1,-0.01,+1.0,99,+18,+22,0.0,30.06,+754,,,96,,120.0,-500,,0,0,,,+0,,,,+6,,,-48,,,,,,,,,59,+27,1047,1047,13.0,3.0,3.0,28.8,15.7,13.9,35.1,14.5,,+11.1,18.1,14.8,,,,,+54,+552,+59,+562,+53,+559,+56,+574,,,-100,+4.996,,+28.8,+4.998,,,,+15.7,+13.9,+59.2,+27.3,,,,,
33.06,1,8,2019-03-30 20:15:46,+40.52901,-78.64906,48,0.0,0.0,+11.8,,,,,20:15:45,+11.3,-0.5,190.4,0.0,-52,+0.1,-0.00,+1.0,99,+20,+22,0.0,30.06,+754,,,96,,120.0,-500,,0,0,,,+0,,,,+6,,,-48,,,,,,,,,59,+27,1051,1051,13.0,3.0,3.0,28.7,15.7,13.9,35.1,14.5,,+11.1,18.1,14.8,,,,,+55,+553,+60,+562,+53,+559,+57,+574,,,-100,+4.996,,+28.7,+4.998,,,,+15.7,+13.9,+59.3,+27.3,,,,,
33.31,1,8,2019-03-30 20:15:46,+40.52901,-78.64906,48,0.0,0.0,+11.8,,,,,20:15:46,+11.3,-0.6,190.4,0.0,-52,+0.1,-0.01,+1.0,99,-8,+22,0.0,30.06,+754,,,96,,120.0,-500,,0,0,,,+0,,,,+6,,,-48,,,,,,,,,59,+27,1049,1049,13.0,3.0,3.0,28.7,15.7,13.9,35.1,14.5,,+11.1,18.1,14.8,,,,,+55,+553,+60,+562,+53,+559,+57,+575,,,-100,+4.996,,+28.7,+4.998,,,,+15.7,+13.9,+59.2,+27.3,,,,,
33.56,1,8,2019-03-30 20:15:47,+40.52901,-78.64906,48,0.0,0.0,+11.8,,,,,20:15:46,+11.3,-0.6,190.4,0.0,-52,+0.1,-0.01,+1.0,99,-9,+22,0.0,30.06,+754,,,96,,120.0,-500,,0,0,,,+0,,,,+6,,,-48,,,,,,,,,59,+27,1052,1052,13.0,3.0,3.0,28.7,15.7,13.9,35.1,14.5,,+11.0,18.1,14.8,,,,,+55,+553,+60,+562,+53,+559,+57,+575,,,-100,+4.996,,+28.7,+4.998,,,,+15.7,+13.9,+59.3,+27.3,,,,,
33.81,1,8,2019-03-30 20:15:47,+40.52901,-78.64906,48,0.0,0.0,+11.8,,,,,20:15:46,+11.2,-0.6,190.4,0.0,-52,+0.1,-0.01,+1.0,99,-12,+22,0.0,30.06,+754,,,96,,120.0,-500,,0,0,,,+0,,,,+6,,,-48,,,,,,,,,59,+27,1058,1058,13.0,3.0,3.0,28.8,15.7,13.9,35.1,14.5,,+11.0,18.1,14.8,,,,,+55,+554,+60,+562,+53,+559,+57,+575,,,-100,+4.996,,+28.8,+4.998,,,,+15.7,+13.9,+59.4,+27.3,,,,,
34.06,1,8,2019-03-30 20:15:47,+40.52901,-78.64906,48,0.0,0.0,+11.8,,,,,20:15:46,+11.2,-0.6,190.4,0.0,-52,+0.1,-0.01,+1.0,99,+5,+22,0.0,30.06,+754,,,96,,120.0,-500,,0,0,,,+0,,,,+6,,,-48,,,,,,,,,59,+27,1051,1051,13.0,3.0,3.0,28.7,15.7,13.9,35.1,14.5,,+11.0,18.1,14.8,,,,,+55,+553,+60,+563,+54,+559,+57,+575,,,-100,+4.996,,+28.7,+4.998,,,,+15.7,+13.9,+59.3,+27.3,,,,,
34.31,1,8,2019-03-30 20:15:47,+40.52901,-78.64906,48,0.0,0.0,+11.8,,,,,20:15:47,+11.3,-0.5,190.3,0.0,-52,+0.1,-0.01,+1.0,99,+2,+22,0.0,30.06,+755,,,96,,120.0,-500,,0,0,,,+0,,,,+6,,,-48,,,,,,,,,59,+27,1055,1055,13.0,3.0,3.0,28.7,15.7,13.9,35.1,14.5,,+11.0,18.1,14.8,,,,,+55,+554,+60,+563,+54,+559,+57,+575,,,-100,+4.996,,+28.7,+4.998,,,,+15.7,+13.9,+59.3,+27.3,,,,,
34.56,1,8,2019-03-30 20:15:48,+40.52901,-78.64906,48,0.0,0.0,+11.8,,,,,20:15:47,+11.3,-0.5,190.4,0.0,-52,+0.1,-0.01,+1.0,99,+5,+22,0.0,30.06,+755,,,96,,120.0,-500,,0,0,,,+0,,,,+6,,,-48,,,,,,,,,59,+27,1056,1056,13.0,3.0,3.0,28.7,15.7,13.9,35.0,14.5,,+11.0,18.1,14.8,,,,,+56,+554,+60,+564,+54,+559,+57,+575,,,-100,+4.996,,+28.7,+4.998,,,,+15.7,+13.9,+59.3,+27.3,,,,,
34.81,1,8,2019-03-30 20:15:48,+40.52901,-78.64906,48,0.0,0.0,+11.8,,,,,20:15:47,+11.3,-0.5,190.4,0.0,-52,+0.1,-0.01,+1.0,99,+8,+22,0.0,30.06,+755,,,96,,120.0,-500,,0,0,,,+0,,,,+6,,,-48,,,,,,,,,60,+27,1065,1065,13.0,3.0,3.0,28.7,15.7,13.9,35.0,14.5,,+11.0,18.1,14.8,,,,,+56,+555,+60,+565,+54,+559,+58,+575,,,-100,+4.996,,+28.7,+4.998,,,,+15.7,+13.9,+59.5,+27.3,,,,,
35.06,1,8,2019-03-30 20:15:48,+40.52901,-78.64906,48,0.0,0.0,+11.8,,,,,20:15:47,+11.3,-0.5,190.4,0.0,-52,+0.1,-0.01,+1.0,99,+22,+22,0.0,30.06,+755,,,96,,120.0,-500,,0,0,,,+0,,,,+6,,,-48,,,,,,,,,60,+27,1067,1067,13.0,3.0,3.0,28.8,15.7,13.9,35.0,14.5,,+11.0,18.1,14.8,,,,,+56,+555,+61,+565,+54,+558,+58,+575,,,-100,+4.996,,+28.8,+4.998,,,,+15.7,+13.9,+59.6,+27.3,,,,,
35.31,1,8,2019-03-30 20:15:48,+40.52901,-78.64906,48,0.0,0.0,+11.8,,,,,20:15:48,+11.3,-0.5,190.4,0.0,-52,+0.1,-0.01,+1.0,99,+17,+22,0.0,30.06,+755,,,96,,120.0,-500,,0,0,,,+0,,,,+6,,,-48,,,,,,,,,60,+27,1062,1062,13.0,3.0,3.0,28.8,15.7,13.9,35.0,14.5,,+10.9,18.1,14.8,,,,,+56,+554,+61,+565,+54,+558,+58,+576,,,-100,+4.996,,+28.8,+4.998,,,,+15.7,+13.9,+59.6,+27.3,,,,,
35.56,1,8,2019-03-30 20:15:49,+40.52901,-78.64906,48,0.0,0.0,+11.8,,,,,20:15:48,+11.3,-0.5,190.4,0.0,-52,+0.1,-0.01,+1.0,99,+28,+22,0.0,30.06,+755,,,96,,120.0,-500,,0,0,,,+0,,,,+6,,,-48,,,,,,,,,60,+27,1063,1063,13.0,3.0,3.0,28.7,15.7,13.9,35.0,14.5,,+10.9,18.1,14.8,,,,,+56,+554,+61,+565,+54,+558,+58,+576,,,-100,+4.996,,+28.7,+4.998,,,,+15.7,+13.9,+59.5,+27.3,,,,,
35.81,1,8,2019-03-30 20:15:49,+40.52901,-78.64906,48,0.0,0.0,+11.8,,,,,20:15:48,+11.3,-0.4,190.4,0.0,-52,+0.1,-0.01,+1.0,99,+4,+22,0.0,30.06,+755,,,96,,120.0,-500,,0,0,,,+0,,,,+6,,,-48,,,,,,,,,59,+27,1059,1059,12.9,3.0,3.0,28.7,15.7,13.9,35.0,14.5,,+10.9,18.1,14.8,,,,,+56,+554,+61,+565,+55,+558,+58,+577,,,-100,+4.996,,+28.7,+4.998,,,,+15.7,+13.9,+59.5,+27.3,,,,,
36.06,1,8,2019-03-30 20:15:49,+40.52901,-78.64906,48,0.0,0.0,+11.8,,,,,20:15:48,+11.3,-0.4,190.4,0.0,-52,+0.1,-0.01,+1.0,99,+20,+22,0.0,30.06,+755,,,96,,120.0,-500,,0,0,,,+0,,,,+6,,,-48,,,,,,,,,59,+27,1058,1058,12.9,3.0,3.0,28.7,15.7,13.9,35.0,14.5,,+10.9,18.1,14.8,,,,,+56,+553,+61,+565,+55,+559,+58,+578,,,-100,+4.996,,+28.7,+4.998,,,,+15.7,+13.9,+59.4,+27.3,,,,,
36.31,1,8,2019-03-30 20:15:49,+40.52901,-78.64906,48,0.0,0.0,+11.8,,,,,20:15:49,+11.3,-0.5,190.3,0.0,-52,+0.1,-0.01,+1.0,99,+28,+22,0.0,30.06,+755,,,96,,120.0,-500,,0,0,,,+0,,,,+6,,,-48,,,,,,,,,59,+27,1063,1063,12.9,3.0,3.0,28.7,15.7,13.9,35.0,14.5,,+10.9,18.1,14.8,,,,,+56,+553,+61,+566,+55,+559,+59,+579,,,-100,+4.996,,+28.7,+4.998,,,,+15.7,+13.9,+59.4,+27.3,,,,,
36.56,1,8,2019-03-30 20:15:50,+40.52901,-78.64906,48,0.0,0.0,+11.8,,,,,20:15:49,+11.3,-0.5,190.4,0.0,-52,+0.1,-0.01,+1.0,99,+46,+22,0.0,30.06,+755,,,96,,120.0,-500,,0,0,,,+0,,,,+6,,,-48,,,,,,,,,60,+27,1067,1067,12.9,3.0,3.0,28.8,15.7,13.9,35.0,14.5,,+10.9,18.1,14.8,,,,,+57,+552,+62,+567,+55,+559,+59,+578,,,-100,+4.996,,+28.8,+4.998,,,,+15.7,+13.9,+59.6,+27.3,,,,,
36.81,1,8,2019-03-30 20:15:50,+40.52901,-78.64906,48,0.0,0.0,+11.8,,,,,20:15:49,+11.3,-0.4,190.3,0.0,-52,+0.1,-0.01,+1.0,99,+42,+22,0.0,30.06,+755,,,96,,120.0,-500,,0,0,,,+0,,,,+6,,,-48,,,,,,,,,59,+27,1060,1060,12.9,3.0,3.0,28.7,15.7,13.9,35.0,14.5,,+10.9,18.1,14.8,,,,,+57,+552,+62,+567,+55,+559,+59,+578,,,-100,+4.996,,+28.7,+4.998,,,,+15.7,+13.9,+59.5,+27.3,,,,,
37.06,1,8,2019-03-30 20:15:50,+40.52901,-78.64906,48,0.0,0.0,+11.8,,,,,20:15:49,+11.3,-0.4,190.3,0.0,-52,+0.1,-0.01,+1.0,99,+46,+22,0.0,30.06,+755,,,96,,120.0,-500,,0,0,,,+0,,,,+7,,,-48,,,,,,,,,59,+27,1063,1063,12.9,3.0,3.0,28.7,15.7,13.9,35.0,14.5,,+10.9,18.1,14.8,,,,,+57,+553,+62,+567,+55,+559,+59,+579,,,-100,+4.996,,+28.7,+4.998,,,,+15.7,+13.9,+59.5,+27.3,,,,,
37.31,1,8,2019-03-30 20:15:50,+40.52901,-78.64906,48,0.0,0.0,+11.8,,,,,20:15:50,+11.3,-0.4,190.3,0.0,-52,+0.1,-0.01,+1.0,99,+28,+22,0.0,30.06,+754,,,96,,120.0,-500,,0,0,,,+0,,,,+6,,,-48,,,,,,,,,59,+27,1057,1057,12.9,3.0,3.0,28.7,15.7,13.9,35.0,14.5,,+10.8,18.1,14.8,,,,,+57,+553,+62,+566,+55,+560,+59,+579,,,-100,+4.996,,+28.7,+4.998,,,,+15.7,+13.9,+59.4,+27.3,,,,,
37.56,1,8,2019-03-30 20:15:51,+40.52901,-78.64906,48,0.0,0.0,+11.8,,,,,20:15:50,+11.3,-0.5,190.3,0.0,-52,+0.1,-0.01,+1.0,99,+39,+22,0.0,30.06,+754,,,96,,120.0,-500,,0,0,,,+0,,,,+6,,,-48,,,,,,,,,59,+27,1054,1054,12.9,3.0,3.0,28.7,15.7,13.9,35.0,14.5,,+10.8,18.1,14.8,,,,,+57,+554,+62,+566,+55,+560,+59,+579,,,-100,+4.996,,+28.7,+4.998,,,,+15.7,+13.9,+59.3,+27.4,,,,,
37.81,1,8,2019-03-30 20:15:51,+40.52901,-78.64906,48,0.0,0.0,+11.8,,,,,20:15:50,+11.3,-0.5,190.4,0.0,-52,+0.1,-0.01,+1.0,99,+18,+22,0.0,30.06,+754,,,96,,120.0,-500,,0,0,,,+0,,,,+7,,,-48,,,,,,,,,59,+27,1055,1055,13.0,3.0,3.0,28.7,15.7,13.9,35.0,14.5,,+10.8,18.1,14.8,,,,,+57,+555,+62,+567,+56,+560,+59,+579,,,-100,+4.996,,+28.7,+4.998,,,,+15.7,+13.9,+59.3,+27.4,,,,,
38.06,1,8,2019-03-30 20:15:51,+40.52901,-78.64906,48,0.0,0.0,+11.8,,,,,20:15:50,+11.3,-0.5,190.3,0.0,-52,+0.1,-0.01,+1.0,99,+35,+22,0.0,30.06,+754,,,96,,120.0,-500,,0,0,,,+0,,,,+7,,,-48,,,,,,,,,59,+27,1063,1063,13.0,3.0,3.0,28.7,15.7,13.9,35.0,14.5,,+10.8,18.1,14.8,,,,,+57,+555,+62,+567,+56,+560,+59,+579,,,-100,+4.996,,+28.7,+4.998,,,,+15.7,+13.9,+59.3,+27.4,,,,,
38.31,1,8,2019-03-30 20:15:51,+40.52901,-78.64906,48,0.0,0.0,+11.8,,,,,20:15:51,+11.3,-0.5,190.3,0.0,-52,+0.1,-0.01,+1.0,99,+0,+22,0.0,30.06,+754,,,96,,120.0,-500,,0,0,,,+0,,,,+7,,,-48,,,,,,,,,59,+27,1057,1057,13.0,3.0,3.0,28.7,15.7,13.9,35.0,14.5,,+10.8,18.1,14.8,,,,,+58,+555,+62,+567,+56,+560,+59,+579,,,-100,+4.996,,+28.7,+4.998,,,,+15.7,+13.9,+59.4,+27.4,,,,,
38.56,1,8,2019-03-30 20:15:52,+40.52901,-78.64906,48,0.0,0.0,+11.8,,,,,20:15:51,+11.3,-0.5,190.3,0.0,-52,+0.1,-0.01,+1.0,99,+15,+22,0.0,30.06,+754,,,96,,120.0,-500,,0,0,,,+0,,,,+7,,,-48,,,,,,,,,59,+27,1060,1060,13.0,2.9,2.9,28.7,15.7,13.9,35.0,14.5,,+10.8,18.1,14.8,,,,,+58,+555,+62,+567,+56,+561,+59,+579,,,-100,+4.996,,+28.7,+4.998,,,,+15.7,+13.9,+59.4,+27.4,,,,,
38.81,1,8,2019-03-30 20:15:52,+40.52901,-78.64906,48,0.0,0.0,+11.8,,,,,20:15:51,+11.3,-0.5,190.3,0.0,-52,+0.1,-0.01,+1.0,99,-27,+22,0.0,30.06,+755,,,96,,120.0,-500,,0,0,,,+0,,,,+7,,,-48,,,,,,,,,59,+27,1058,1058,13.0,2.9,2.9,28.7,15.7,13.9,35.0,14.5,,+10.8,18.1,14.8,,,,,+58,+556,+63,+567,+56,+560,+59,+578,,,-100,+4.996,,+28.7,+4.998,,,,+15.7,+13.9,+59.4,+27.4,,,,,
39.06,1,8,2019-03-30 20:15:52,+40.52901,-78.64906,48,0.0,0.0,+11.8,,,,,20:15:51,+11.3,-0.5,190.3,0.0,-52,+0.1,-0.01,+0.9,99,-2,+22,0.0,30.06,+755,,,96,,120.0,-500,,0,0,,,+0,,,,+7,,,-48,,,,,,,,,59,+27,1059,1059,13.0,3.0,3.0,28.7,15.7,13.9,35.0,14.5,,+10.8,18.1,14.8,,,,,+58,+556,+63,+568,+56,+560,+60,+578,,,-100,+4.996,,+28.7,+4.998,,,,+15.7,+13.9,+59.3,+27.4,,,,,
39.31,1,8,2019-03-30 20:15:52,+40.52901,-78.64906,48,0.0,0.0,+11.8,,,,,20:15:52,+11.3,-0.5,190.3,0.0,-52,+0.1,-0.01,+1.0,99,-38,+22,0.0,30.06,+755,,,96,,120.0,-500,,0,0,,,+0,,,,+7,,,-48,,,,,,,,,59,+27,1064,1064,13.0,3.0,3.0,28.7,15.7,13.9,35.0,14.5,,+10.8,18.1,14.8,,,,,+58,+555,+63,+569,+56,+560,+60,+579,,,-100,+4.996,,+28.7,+4.998,,,,+15.7,+13.9,+59.5,+27.4,,,,,
39.56,1,8,2019-03-30 20:15:53,+40.52901,-78.64906,48,0.0,0.0,+11.8,,,,,20:15:52,+11.3,-0.5,190.4,0.0,-52,+0.1,-0.01,+1.0,99,+5,+22,0.0,30.06,+755,,,96,,120.0,-500,,0,0,,,+0,,,,+8,,,-48,,,,,,,,,60,+27,1062,1062,13.0,3.0,3.0,28.7,15.7,13.9,35.0,14.5,,+10.7,18.1,14.8,,,,,+58,+555,+63,+568,+56,+561,+60,+579,,,-100,+4.996,,+28.7,+4.998,,,,+15.7,+13.9,+59.5,+27.4,,,,,
39.81,1,8,2019-03-30 20:15:53,+40.52901,-78.64906,48,0.0,0.0,+11.8,,,,,20:15:52,+11.2,-0.5,190.4,0.0,-52,+0.1,-0.01,+0.9,99,-31,+22,0.0,30.06,+755,,,96,,120.0,-500,,0,0,,,+0,,,,+8,,,-48,,,,,,,,,59,+27,1058,1058,12.9,3.0,3.0,28.7,15.7,13.9,35.0,14.5,,+10.7,18.1,14.8,,,,,+59,+555,+63,+568,+56,+561,+60,+580,,,-100,+4.996,,+28.7,+4.998,,,,+15.7,+13.9,+59.4,+27.4,,,,,
40.06,1,8,2019-03-30 20:15:53,+40.52901,-78.64906,48,0.0,0.0,+11.8,,,,,20:15:52,+11.2,-0.5,190.3,0.0,-52,+0.1,-0.01,+0.9,99,-26,+22,0.0,30.06,+755,,,96,,120.0,-500,,0,0,,,+0,,,,+8,,,-48,,,,,,,,,59,+27,1062,1062,12.9,2.9,2.9,28.7,15.7,13.9,35.0,14.5,,+10.7,18.1,14.8,,,,,+59,+555,+63,+568,+56,+562,+60,+580,,,-100,+4.996,,+28.7,+4.998,,,,+15.7,+13.9,+59.4,+27.4,,,,,
40.31,1,8,2019-03-30 20:15:53,+40.52901,-78.64906,48,0.0,0.0,+11.8,,,,,20:15:53,+11.2,-0.5,190.3,0.0,-52,+0.1,-0.01,+1.0,99,-52,+22,0.0,30.06,+755,,,96,,120.0,-500,,0,0,,,+0,,,,+8,,,-48,,,,,,,,,60,+27,1062,1062,12.9,2.9,2.9,28.7,15.7,13.9,35.0,14.5,,+10.7,18.1,14.8,,,,,+59,+556,+64,+568,+57,+562,+60,+580,,,-100,+4.996,,+28.7,+4.998,,,,+15.7,+13.9,+59.5,+27.4,,,,,
40.56,1,8,2019-03-30 20:15:54,+40.52901,-78.64906,48,0.0,0.0,+11.8,,,,,20:15:53,+11.2,-0.5,190.4,0.0,-52,+0.1,-0.01,+1.0,99,-4,+22,0.0,30.06,+755,,,96,,120.0,-500,,0,0,,,+0,,,,+8,,,-48,,,,,,,,,59,+27,1057,1057,12.9,2.9,2.9,28.7,15.7,13.9,35.0,14.5,,+10.7,18.1,14.8,,,,,+59,+556,+64,+568,+57,+562,+60,+580,,,-100,+4.996,,+28.7,+4.998,,,,+15.7,+13.9,+59.4,+27.4,,,,,
40.81,1,8,2019-03-30 20:15:54,+40.52901,-78.64906,48,0.0,0.0,+11.8,,,,,20:15:53,+11.2,-0.5,190.3,0.0,-52,+0.1,-0.01,+1.0,99,-18,+22,0.0,30.06,+755,,,96,,120.0,-500,,0,0,,,+0,,,,+8,,,-48,,,,,,,,,59,+27,1053,1053,13.0,2.9,2.9,28.7,15.7,13.9,35.0,14.5,,+10.7,18.1,14.8,,,,,+59,+557,+64,+569,+57,+562,+60,+580,,,-100,+4.996,,+28.7,+4.998,,,,+15.7,+13.9,+59.3,+27.4,,,,,
41.06,1,8,2019-03-30 20:15:54,+40.52901,-78.64906,48,0.0,0.0,+11.8,,,,,20:15:53,+11.2,-0.5,190.4,0.0,-52,+0.1,-0.01,+1.0,99,+0,+22,0.0,30.06,+755,,,96,,120.0,-500,,0,0,,,+0,,,,+8,,,-48,,,,,,,,,59,+27,1054,1054,13.0,2.9,2.9,28.7,15.7,13.9,35.0,14.5,,+10.7,18.1,14.8,,,,,+59,+557,+64,+569,+57,+563,+61,+581,,,-100,+4.996,,+28.7,+4.998,,,,+15.7,+13.9,+59.2,+27.4,,,,,
41.31,1,7,2019-03-30 20:15:54,+40.52901,-78.64906,48,0.0,0.0,+11.8,,,,,20:15:54,+11.2,-0.5,190.4,0.0,-52,+0.1,-0.01,+1.0,99,-3,+22,0.0,30.06,+755,,,96,,120.0,-500,,0,0,,,+0,,,,+8,,,-48,,,,,,,,,59,+27,1061,1061,13.0,2.9,2.9,28.7,15.7,13.9,35.0,14.5,,+10.7,18.1,14.8,,,,,+59,+557,+64,+569,+57,+563,+61,+581,,,-100,+4.996,,+28.7,+4.998,,,,+15.7,+13.9,+59.3,+27.4,,,,,
41.56,1,7,2019-03-30 20:15:55,+40.52901,-78.64906,48,0.0,0.0,+11.8,,,,,20:15:54,+11.2,-0.5,190.4,0.0,-52,+0.1,-0.01,+1.0,99,+26,+22,0.0,30.06,+755,,,96,,120.0,-500,,0,0,,,+0,,,,+8,,,-48,,,,,,,,,59,+27,1068,1068,13.0,2.9,2.9,28.7,15.7,13.9,35.0,14.5,,+10.6,18.1,14.8,,,,,+59,+557,+64,+568,+57,+563,+61,+581,,,-100,+4.996,,+28.7,+4.998,,,,+15.7,+13.9,+59.5,+27.4,,,,,
41.81,1,7,2019-03-30 20:15:55,+40.52901,-78.64906,48,0.0,0.0,+11.8,,,,,20:15:54,+11.2,-0.5,190.4,0.0,-52,+0.1,-0.01,+1.0,99,+4,+22,0.0,30.06,+754,,,96,,120.0,-500,,0,0,,,+0,,,,+8,,,-48,,,,,,,,,60,+27,1066,1066,12.9,2.9,2.9,28.7,15.7,13.9,35.0,14.5,,+10.6,18.1,14.8,,,,,+60,+556,+64,+568,+57,+563,+61,+581,,,-100,+4.996,,+28.7,+4.998,,,,+15.7,+13.9,+59.6,+27.4,,,,,
42.06,1,7,2019-03-30 20:15:55,+40.52901,-78.64906,48,0.0,0.0,+11.8,,,,,20:15:54,+11.2,-0.5,190.4,0.0,-52,+0.1,-0.01,+1.0,99,+12,+22,0.0,30.06,+755,,,96,,120.0,-500,,0,0,,,+0,,,,+8,,,-48,,,,,,,,,59,+27,1061,1061,12.9,2.9,2.9,28.7,15.7,13.9,35.0,14.5,,+10.6,18.1,14.8,,,,,+60,+557,+64,+568,+57,+564,+61,+581,,,-100,+4.996,,+28.7,+4.998,,,,+15.7,+13.9,+59.5,+27.4,,,,,
42.31,1,8,2019-03-30 20:15:55,+40.52901,-78.64906,48,0.0,0.0,+11.8,,,,,20:15:55,+11.2,-0.5,190.4,0.0,-52,+0.1,-0.00,+1.0,99,+6,+22,0.0,30.06,+755,,,96,,120.0,-500,,0,0,,,+0,,,,+8,,,-48,,,,,,,,,59,+27,1059,1059,12.9,2.9,2.9,28.7,15.7,13.9,35.0,14.5,,+10.6,18.1,14.8,,,,,+60,+557,+64,+569,+58,+563,+61,+582,,,-100,+4.996,,+28.7,+4.998,,,,+15.7,+13.9,+59.3,+27.4,,,,,
42.56,1,8,2019-03-30 20:15:56,+40.52901,-78.64906,48,0.0,0.0,+11.8,,,,,20:15:55,+11.2,-0.5,190.4,0.0,-52,+0.1,-0.01,+1.0,99,+15,+22,0.0,30.06,+755,,,96,,120.0,-500,,0,0,,,+0,,,,+8,,,-48,,,,,,,,,59,+27,1056,1056,12.9,2.9,2.9,28.7,15.7,13.9,35.0,14.5,,+10.6,18.1,14.8,,,,,+60,+557,+65,+569,+58,+564,+61,+582,,,-100,+4.996,,+28.7,+4.998,,,,+15.7,+13.9,+59.2,+27.4,,,,,
42.81,1,8,2019-03-30 20:15:56,+40.52901,-78.64906,48,0.0,0.0,+11.8,,,,,20:15:55,+11.2,-0.5,190.4,0.0,-52,+0.1,-0.01,+1.0,99,+0,+22,0.0,30.06,+755,,,96,,120.0,-500,,0,0,,,+0,,,,+8,,,-48,,,,,,,,,59,+27,1053,1053,13.0,2.9,2.9,28.7,15.7,13.9,35.0,14.5,,+10.6,18.1,14.8,,,,,+60,+557,+65,+570,+58,+564,+61,+582,,,-100,+4.996,,+28.7,+4.998,,,,+15.7,+13.9,+59.2,+27.4,,,,,
43.06,1,7,2019-03-30 20:15:56,+40.52901,-78.64906,48,0.0,0.0,+11.8,,,,,20:15:55,+11.2,-0.4,190.4,0.0,-52,+0.1,-0.00,+1.0,99,+10,+22,0.0,30.06,+755,,,96,,120.0,-500,,0,0,,,+0,,,,+8,,,-48,,,,,,,,,59,+27,1060,1060,13.0,2.9,2.9,28.7,15.7,13.9,35.0,14.5,,+10.6,18.1,14.8,,,,,+60,+557,+65,+570,+58,+564,+62,+582,,,-100,+4.996,,+28.7,+4.998,,,,+15.7,+13.9,+59.3,+27.4,,,,,
43.31,1,7,2019-03-30 20:15:56,+40.52901,-78.64906,48,0.0,0.0,+11.8,,,,,20:15:56,+11.2,-0.4,190.3,0.0,-52,+0.1,-0.01,+1.0,99,-4,+22,0.0,30.06,+755,,,96,,120.0,-500,,0,0,,,+0,,,,+8,,,-48,,,,,,,,,59,+27,1059,1059,13.0,2.9,2.9,28.7,15.7,13.9,35.0,14.5,,+10.6,18.1,14.8,,,,,+60,+557,+65,+570,+58,+564,+62,+582,,,-100,+4.996,,+28.7,+4.998,,,,+15.7,+13.9,+59.3,+27.4,,,,,
43.56,1,7,2019-03-30 20:15:57,+40.52901,-78.64906,48,0.0,0.0,+11.8,,,,,20:15:56,+11.2,-0.4,190.3,0.0,-52,+0.1,-0.01,+1.0,99,+4,+22,0.0,30.06,+755,,,96,,120.0,-500,,0,0,,,+0,,,,+8,,,-48,,,,,,,,,59,+27,1062,1062,13.0,2.9,2.9,28.7,15.7,13.9,35.0,14.5,,+10.6,18.1,14.8,,,,,+61,+558,+65,+570,+58,+564,+62,+582,,,-100,+4.996,,+28.7,+4.998,,,,+15.7,+13.9,+59.3,+27.4,,,,,
43.81,1,7,2019-03-30 20:15:57,+40.52901,-78.64906,48,0.0,0.0,+11.8,,,,,20:15:56,+11.2,-0.4,190.3,0.0,-52,+0.1,-0.01,+0.9,99,+2,+22,0.0,30.06,+755,,,96,,120.0,-500,,0,0,,,+0,,,,+8,,,-48,,,,,,,,,59,+27,1062,1062,13.0,2.9,2.9,28.7,15.7,13.9,35.0,14.5,,+10.6,18.1,14.8,,,,,+61,+558,+65,+570,+58,+564,+62,+583,,,-100,+4.996,,+28.7,+4.998,,,,+15.7,+13.9,+59.4,+27.4,,,,,
44.06,1,8,2019-03-30 20:15:57,+40.52901,-78.64906,48,0.0,0.0,+11.8,,,,,20:15:56,+11.2,-0.4,190.3,0.0,-52,+0.1,-0.01,+1.0,99,+1,+22,0.0,30.06,+755,,,96,,120.0,-500,,0,0,,,+0,,,,+8,,,-48,,,,,,,,,59,+27,1064,1064,13.0,2.9,2.9,28.7,15.7,13.9,35.0,14.5,,+10.5,18.1,14.8,,,,,+61,+558,+65,+571,+58,+563,+62,+583,,,-100,+4.996,,+28.7,+4.998,,,,+15.7,+13.9,+59.5,+27.4,,,,,
44.31,1,8,2019-03-30 20:15:57,+40.52901,-78.64906,48,0.0,0.0,+11.8,,,,,20:15:57,+11.2,-0.4,190.3,0.0,-52,+0.1,-0.01,+1.0,99,-5,+22,0.0,30.06,+755,,,96,,120.0,-500,,0,0,,,+0,,,,+8,,,-48,,,,,,,,,59,+27,1063,1063,13.0,2.9,2.9,28.7,15.7,13.9,35.0,14.5,,+10.5,18.1,14.8,,,,,+61,+558,+65,+571,+59,+564,+62,+583,,,-100,+4.996,,+28.7,+4.998,,,,+15.7,+13.9,+59.5,+27.4,,,,,
44.56,1,8,2019-03-30 20:15:58,+40.52901,-78.64906,48,0.0,0.0,+11.8,,,,,20:15:57,+11.2,-0.4,190.3,0.0,-52,+0.1,-0.01,+1.0,99,+7,+22,0.0,30.06,+755,,,96,,120.0,-500,,0,0,,,+0,,,,+8,,,-48,,,,,,,,,59,+27,1064,1064,13.0,2.9,2.9,28.7,15.7,13.9,35.0,14.5,,+10.5,18.1,14.8,,,,,+61,+558,+65,+571,+59,+564,+62,+583,,,-100,+4.996,,+28.7,+4.998,,,,+15.7,+13.9,+59.5,+27.4,,,,,
44.81,1,8,2019-03-30 20:15:58,+40.52901,-78.64906,48,0.0,0.0,+11.8,,,,,20:15:57,+11.2,-0.4,190.3,0.0,-52,+0.1,-0.00,+1.0,99,-5,+22,0.0,30.06,+755,,,96,,120.0,-500,,0,0,,,+0,,,,+8,,,-48,,,,,,,,,59,+27,1061,1061,12.9,2.9,2.9,28.7,15.7,13.9,35.0,14.5,,+10.5,18.1,14.8,,,,,+61,+558,+66,+571,+59,+565,+62,+584,,,-100,+4.996,,+28.7,+4.998,,,,+15.7,+13.9,+59.4,+27.4,,,,,
45.06,1,8,2019-03-30 20:15:58,+40.52901,-78.64906,48,0.0,0.0,+11.8,,,,,20:15:57,+11.2,-0.4,190.3,0.0,-52,+0.1,-0.01,+1.0,99,+2,+22,0.0,30.06,+754,,,96,,120.0,-500,,0,0,,,+0,,,,+8,,,-48,,,,,,,,,59,+27,1063,1063,12.9,2.9,2.9,28.7,15.7,13.9,35.0,14.5,,+10.5,18.1,14.8,,,,,+61,+558,+66,+571,+59,+566,+62,+584,,,-100,+4.996,,+28.7,+4.998,,,,+15.7,+13.9,+59.5,+27.4,,,,,
45.31,1,8,2019-03-30 20:15:58,+40.52901,-78.64906,48,0.0,0.0,+11.8,,,,,20:15:58,+11.2,-0.4,190.3,0.0,-52,+0.1,-0.01,+1.0,99,+2,+22,0.0,30.06,+755,,,96,,120.0,-500,,0,0,,,+0,,,,+8,,,-48,,,,,,,,,59,+27,1062,1062,12.9,2.9,2.9,28.7,15.7,13.9,35.0,14.5,,+10.5,18.1,14.8,,,,,+62,+557,+66,+571,+59,+566,+63,+584,,,-100,+4.996,,+28.7,+4.998,,,,+15.7,+13.9,+59.5,+27.5,,,,,
45.56,1,8,2019-03-30 20:15:59,+40.52901,-78.64906,48,0.0,0.0,+11.8,,,,,20:15:58,+11.2,-0.4,190.3,0.0,-52,+0.1,-0.00,+1.0,99,-6,+22,0.0,30.06,+755,,,96,,120.0,-500,,0,0,,,+0,,,,+8,,,-48,,,,,,,,,59,+27,1057,1057,12.9,2.9,2.9,28.7,15.7,13.9,35.0,14.5,,+10.5,18.1,14.8,,,,,+62,+557,+66,+571,+59,+566,+63,+585,,,-100,+4.996,,+28.7,+4.998,,,,+15.7,+13.9,+59.4,+27.5,,,,,
45.81,1,8,2019-03-30 20:15:59,+40.52901,-78.64906,48,0.0,0.0,+11.8,,,,,20:15:58,+11.2,-0.4,190.3,0.0,-52,+0.1,-0.01,+1.0,99,-7,+22,0.0,30.06,+755,,,96,,120.0,-500,,0,0,,,+0,,,,+8,,,-48,,,,,,,,,59,+27,1057,1057,13.0,2.9,2.9,28.7,15.7,13.9,35.0,14.5,,+10.5,18.1,14.8,,,,,+62,+558,+66,+572,+59,+567,+63,+584,,,-100,+4.996,,+28.7,+4.998,,,,+15.7,+13.9,+59.3,+27.5,,,,,
46.06,1,8,2019-03-30 20:15:59,+40.52901,-78.64906,48,0.0,0.0,+11.8,,,,,20:15:58,+11.2,-0.4,190.3,0.0,-52,+0.1,-0.01,+1.0,99,-12,+22,0.0,30.06,+755,,,96,,120.0,-500,,0,0,,,+0,,,,+8,,,-48,,,,,,,,,59,+27,1061,1061,13.0,2.9,2.9,28.7,15.7,13.9,35.0,14.5,,+10.5,18.1,14.8,,,,,+62,+558,+66,+572,+59,+567,+63,+584,,,-100,+4.996,,+28.7,+4.998,,,,+15.7,+13.9,+59.3,+27.5,,,,,
46.31,1,8,2019-03-30 20:15:59,+40.52901,-78.64906,48,0.0,0.0,+11.8,,,,,20:15:59,+11.2,-0.4,190.2,0.0,-52,+0.1,-0.00,+1.0,99,-15,+22,0.0,30.06,+755,,,96,,120.0,-500,,0,0,,,+0,,,,+8,,,-48,,,,,,,,,59,+27,1061,1061,13.0,2.9,2.9,28.7,15.7,13.9,35.0,14.5,,+10.5,18.1,14.8,,,,,+62,+559,+66,+572,+59,+567,+63,+585,,,-100,+4.996,,+28.7,+4.998,,,,+15.7,+13.9,+59.4,+27.5,,,,,
46.56,1,8,2019-03-30 20:16:00,+40.52901,-78.64906,48,0.0,0.0,+11.8,,,,,20:15:59,+11.2,-0.4,190.3,0.0,-52,+0.1,-0.01,+0.9,99,-27,+22,0.0,30.06,+755,,,96,,120.0,-500,,0,0,,,+0,,,,+8,,,-48,,,,,,,,,60,+27,1067,1067,13.0,2.9,2.9,28.7,15.7,13.9,35.0,14.5,,+10.4,18.1,14.8,,,,,+62,+559,+67,+572,+59,+566,+63,+585,,,-100,+4.996,,+28.7,+4.998,,,,+15.7,+13.9,+59.5,+27.5,,,,,
46.81,1,8,2019-03-30 20:16:00,+40.52901,-78.64906,48,0.0,0.0,+11.8,,,,,20:15:59,+11.2,-0.4,190.3,0.0,-52,+0.1,-0.01,+1.0,99,-42,+22,0.0,30.06,+755,,,96,,120.0,-500,,0,0,,,+0,,,,+8,,,-48,,,,,,,,,60,+27,1065,1065,12.9,2.9,2.9,28.7,15.7,13.9,35.0,14.5,,+10.4,18.1,14.8,,,,,+62,+559,+67,+572,+60,+566,+63,+584,,,-100,+4.996,,+28.7,+4.998,,,,+15.7,+13.9,+59.5,+27.5,,,,,
47.06,1,8,2019-03-30 20:16:00,+40.52901,-78.64906,48,0.0,0.0,+11.8,,,,,20:15:59,+11.2,-0.4,190.3,0.0,-52,+0.1,-0.01,+1.0,99,-47,+22,0.0,30.06,+755,,,96,,120.0,-500,,0,0,,,+0,,,,+8,,,-48,,,,,,,,,59,+27,1063,1063,12.9,2.9,2.9,28.7,15.7,13.9,35.0,14.5,,+10.4,18.1,14.8,,,,,+62,+559,+67,+572,+60,+567,+63,+584,,,-100,+4.996,,+28.7,+4.998,,,,+15.7,+13.9,+59.5,+27.5,,,,,
47.31,1,8,2019-03-30 20:16:00,+40.52901,-78.64906,48,0.0,0.0,+11.8,,,,,20:16:00,+11.2,-0.4,190.3,0.0,-53,+0.1,-0.01,+1.0,99,-56,+22,0.0,30.06,+755,,,96,,120.0,-500,,0,0,,,+0,,,,+8,,,-48,,,,,,,,,59,+27,1060,1060,12.9,2.9,2.9,28.7,15.7,13.9,35.0,14.5,,+10.4,18.1,14.8,,,,,+63,+559,+67,+572,+60,+568,+64,+585,,,-100,+4.996,,+28.7,+4.998,,,,+15.7,+13.9,+59.4,+27.5,,,,,
47.56,1,8,2019-03-30 20:16:01,+40.52901,-78.64906,48,0.0,0.0,+11.8,,,,,20:16:00,+11.2,-0.4,190.3,0.0,-53,+0.1,-0.00,+1.0,99,-59,+22,0.0,30.06,+755,,,96,,120.0,-500,,0,0,,,+0,,,,+6,,,-48,,,,,,,,,59,+27,1062,1062,12.9,2.9,2.9,28.7,15.7,13.9,35.0,14.5,,+10.4,18.1,14.8,,,,,+63,+559,+67,+572,+60,+568,+64,+585,,,-100,+4.996,,+28.7,+4.998,,,,+15.7,+13.9,+59.3,+27.5,,,,,
47.81,1,8,2019-03-30 20:16:01,+40.52901,-78.64906,48,0.0,0.0,+11.8,,,,,20:16:00,+11.2,-0.5,190.3,0.0,-53,+0.1,-0.01,+1.0,99,-42,+22,0.0,30.06,+755,,,96,,120.0,-500,,0,0,,,+0,,,,+6,,,-48,,,,,,,,,60,+27,1074,1074,13.0,2.9,2.9,28.7,15.7,13.9,35.0,14.5,,+10.4,18.1,14.8,,,,,+63,+559,+67,+572,+60,+568,+64,+584,,,-100,+4.996,,+28.7,+4.998,,,,+15.7,+13.9,+59.5,+27.5,,,,,
48.06,1,8,2019-03-30 20:16:01,+40.52901,-78.64906,48,0.0,0.0,+11.8,,,,,20:16:00,+11.2,-0.5,190.3,0.0,-53,+0.1,-0.00,+1.0,99,-30,+22,0.0,30.06,+755,,,96,,120.0,-500,,0,0,,,+0,,,,+4,,,-48,,,,,,,,,60,+27,1075,1075,13.0,2.9,2.9,28.7,15.7,13.9,35.0,14.5,,+10.4,18.1,14.8,,,,,+63,+559,+67,+572,+60,+568,+64,+584,,,-100,+4.996,,+28.7,+4.998,,,,+15.7,+13.9,+59.8,+27.5,,,,,
48.31,1,8,2019-03-30 20:16:01,+40.52901,-78.64906,48,0.0,0.0,+11.8,,,,,20:16:01,+11.2,-0.5,190.3,0.0,-53,+0.1,-0.01,+1.0,99,-23,+22,0.0,30.06,+754,,,96,,120.0,-500,,0,0,,,+0,,,,+4,,,-48,,,,,,,,,60,+27,1069,1069,13.0,2.9,2.9,28.8,15.7,13.9,35.0,14.5,,+10.4,18.1,14.8,,,,,+63,+559,+68,+572,+60,+569,+64,+584,,,-100,+4.996,,+28.8,+4.998,,,,+15.7,+13.9,+59.7,+27.5,,,,,
48.56,1,8,2019-03-30 20:16:02,+40.52901,-78.64906,48,0.0,0.0,+11.8,,,,,20:16:01,+11.2,-0.5,190.3,0.0,-53,+0.1,-0.00,+1.0,99,-13,+22,0.0,30.06,+754,,,96,,120.0,-500,,0,0,,,+0,,,,+4,,,-48,,,,,,,,,59,+27,1065,1065,13.0,2.9,2.9,28.7,15.7,13.9,35.0,14.5,,+10.4,18.1,14.8,,,,,+63,+559,+68,+572,+61,+570,+64,+584,,,-100,+4.996,,+28.7,+4.998,,,,+15.7,+13.9,+59.5,+27.5,,,,,
48.81,1,8,2019-03-30 20:16:02,+40.52901,-78.64906,48,0.0,0.0,+11.8,,,,,20:16:01,+11.2,-0.5,190.3,0.0,-53,+0.1,-0.01,+1.0,99,-8,+22,0.0,30.06,+754,,,96,,120.0,-500,,0,0,,,+0,,,,+4,,,-48,,,,,,,,,59,+27,1065,1065,12.9,2.9,2.9,28.7,15.7,13.9,35.0,14.5,,+10.4,18.1,14.8,,,,,+64,+559,+68,+572,+61,+570,+64,+584,,,-100,+4.996,,+28.7,+4.998,,,,+15.7,+13.9,+59.5,+27.5,,,,,
49.06,1,8,2019-03-30 20:16:02,+40.52901,-78.64906,48,0.0,0.0,+11.8,,,,,20:16:01,+11.2,-0.5,190.3,0.0,-53,+0.1,-0.01,+1.0,99,+27,+22,0.0,30.06,+754,,,96,,120.0,-500,,0,0,,,+0,,,,+4,,,-48,,,,,,,,,60,+27,1066,1066,12.9,2.9,2.9,28.7,15.7,13.9,35.0,14.5,,+10.3,18.1,14.8,,,,,+64,+559,+68,+572,+61,+570,+64,+584,,,-100,+4.996,,+28.7,+4.998,,,,+15.7,+13.9,+59.5,+27.5,,,,,
49.31,1,8,2019-03-30 20:16:02,+40.52901,-78.64906,48,0.0,0.0,+11.8,,,,,20:16:02,+11.2,-0.5,190.3,0.0,-53,+0.1,-0.01,+1.0,99,+43,+22,0.0,30.06,+754,,,96,,120.0,-500,,0,0,,,+0,,,,+4,,,-48,,,,,,,,,60,+28,1072,1072,12.9,2.9,2.9,28.7,15.7,13.9,35.0,14.5,,+10.3,18.1,14.8,,,,,+64,+560,+68,+573,+61,+570,+65,+584,,,-100,+4.996,,+28.7,+4.998,,,,+15.7,+13.9,+59.5,+27.5,,,,,
49.56,1,8,2019-03-30 20:16:03,+40.52901,-78.64906,48,0.0,0.0,+11.8,,,,,20:16:02,+11.2,-0.5,190.3,0.0,-53,+0.1,-0.01,+1.0,99,+66,+22,0.0,30.06,+754,,,96,,120.0,-500,,0,0,,,+0,,,,+4,,,-48,,,,,,,,,60,+28,1077,1077,12.9,2.9,2.9,28.7,15.7,13.9,35.0,14.5,,+10.3,18.1,14.8,,,,,+64,+559,+68,+573,+61,+570,+65,+584,,,-100,+4.996,,+28.7,+4.998,,,,+15.7,+13.9,+59.8,+27.5,,,,,
49.81,1,8,2019-03-30 20:16:03,+40.52901,-78.64906,48,0.0,0.0,+11.8,,,,,20:16:02,+11.2,-0.5,190.3,0.0,-53,+0.1,-0.01,+1.0,99,+94,+22,0.0,30.06,+754,,,96,,120.0,-500,,0,0,,,+0,,,,+4,,,-48,,,,,,,,,60,+28,1072,1072,12.9,2.9,2.9,28.7,15.7,13.9,35.0,14.5,,+10.3,18.1,14.8,,,,,+64,+559,+68,+573,+61,+570,+65,+584,,,-100,+4.996,,+28.7,+4.998,,,,+15.7,+13.9,+59.7,+27.5,,,,,
50.06,1,8,2019-03-30 20:16:03,+40.52901,-78.64906,48,0.0,0.0,+11.8,,,,,20:16:02,+11.2,-0.4,190.3,0.0,-53,+0.1,-0.01,+1.0,99,+110,+22,0.0,30.06,+754,,,96,,120.0,-500,,0,0,,,+0,,,,+4,,,-48,,,,,,,,,59,+28,1061,1061,12.9,2.9,2.9,28.7,15.7,13.9,35.0,14.5,,+10.3,18.1,14.8,,,,,+64,+559,+68,+574,+61,+571,+65,+585,,,-100,+4.996,,+28.7,+4.998,,,,+15.7,+13.9,+59.5,+27.5,,,,,
50.31,1,8,2019-03-30 20:16:03,+40.52902,-78.64906,48,0.0,0.0,+11.8,,,,,20:16:03,+11.2,-0.4,190.3,0.0,-53,+0.1,-0.01,+1.0,99,+118,+22,0.0,30.06,+754,,,96,,120.0,-500,,0,0,,,+0,,,,+4,,,-48,,,,,,,,,59,+28,1064,1064,12.9,2.9,2.9,28.7,15.7,13.9,35.0,14.5,,+10.3,18.1,14.8,,,,,+64,+559,+69,+574,+61,+572,+65,+585,,,-100,+4.996,,+28.7,+4.998,,,,+15.7,+13.9,+59.3,+27.5,,,,,
50.56,1,8,2019-03-30 20:16:04,+40.52902,-78.64906,48,0.0,0.0,+11.8,,,,,20:16:03,+11.2,-0.5,190.3,0.0,-53,+0.1,-0.01,+1.0,99,+121,+22,0.0,30.06,+754,,,96,,120.0,-500,,0,0,,,+0,,,,+4,,,-48,,,,,,,,,59,+28,1069,1069,12.9,2.9,2.9,28.7,15.7,13.9,35.0,14.5,,+10.3,18.1,14.8,,,,,+64,+559,+69,+574,+62,+572,+65,+585,,,-100,+4.996,,+28.7,+4.998,,,,+15.7,+13.9,+59.4,+27.5,,,,,
50.81,1,8,2019-03-30 20:16:04,+40.52902,-78.64906,48,0.0,0.0,+11.8,,,,,20:16:03,+11.2,-0.5,190.3,0.0,-53,+0.1,-0.01,+1.0,99,+128,+22,0.0,30.06,+754,,,96,,120.0,-500,,0,0,,,+0,,,,+3,,,-48,,,,,,,,,59,+28,1070,1070,12.9,2.9,2.9,28.7,15.7,13.9,35.0,14.5,,+10.3,18.1,14.8,,,,,+65,+559,+69,+575,+62,+573,+65,+584,,,-100,+4.996,,+28.7,+4.998,,,,+15.7,+13.9,+59.5,+27.5,,,,,
51.06,1,8,2019-03-30 20:16:04,+40.52902,-78.64906,48,0.0,0.0,+11.8,,,,,20:16:03,+11.2,-0.4,190.4,0.0,-53,+0.1,-0.00,+1.0,99,+143,+22,0.0,30.06,+754,,,96,,120.0,-500,,0,0,,,+0,,,,+1,,,-48,,,,,,,,,60,+28,1073,1073,12.9,2.9,2.9,28.7,15.7,13.9,35.0,14.5,,+10.3,18.1,14.8,,,,,+65,+559,+69,+575,+62,+573,+65,+584,,,-100,+4.996,,+28.7,+4.998,,,,+15.7,+13.9,+59.7,+27.5,,,,,
51.31,1,8,2019-03-30 20:16:04,+40.52902,-78.64906,48,0.0,0.0,+11.8,,,,,20:16:04,+11.2,-0.4,190.4,0.0,-53,+0.1,-0.00,+1.0,99,+147,+22,0.0,30.06,+764,,,96,,120.0,-500,,0,0,,,+0,,,,+1,,,-48,,,,,,,,,59,+28,1065,1065,12.9,2.9,2.9,28.7,15.7,13.9,35.0,14.5,,+10.3,18.1,14.8,,,,,+65,+560,+69,+575,+62,+573,+66,+584,,,-100,+4.996,,+28.7,+4.998,,,,+15.7,+13.9,+59.5,+27.5,,,,,
51.56,1,8,2019-03-30 20:16:05,+40.52902,-78.64906,48,0.0,0.0,+11.8,,,,,20:16:04,+11.2,-0.3,190.3,0.0,-52,+0.1,-0.01,+1.0,99,+151,+22,0.0,30.06,+763,,,96,,120.0,-500,,0,0,,,+0,,,,+1,,,-48,,,,,,,,,59,+28,1068,1068,12.9,2.9,2.9,28.7,15.7,13.9,35.0,14.5,,+10.3,18.1,14.8,,,,,+65,+560,+69,+576,+62,+574,+66,+584,,,-100,+4.996,,+28.7,+4.998,,,,+15.7,+13.9,+59.4,+27.5,,,,,
51.81,1,8,2019-03-30 20:16:05,+40.52902,-78.64906,48,0.0,0.0,+11.8,,,,,20:16:04,+11.2,-0.3,190.4,0.0,-52,+0.1,-0.01,+1.0,99,+146,+22,0.0,30.06,+763,,,96,,120.0,-500,,0,0,,,+0,,,,+1,,,-48,,,,,,,,,59,+28,1068,1068,12.9,2.9,2.9,28.7,15.7,13.9,35.0,14.5,,+10.2,18.1,14.8,,,,,+65,+560,+70,+576,+62,+574,+66,+584,,,-100,+4.996,,+28.7,+4.998,,,,+15.7,+13.9,+59.5,+27.5,,,,,
52.06,1,8,2019-03-30 20:16:05,+40.52902,-78.64906,48,0.0,0.0,+11.8,,,,,20:16:04,+11.2,-0.4,190.4,0.0,-51,+0.1,-0.00,+1.0,99,+150,+22,0.0,30.06,+763,,,96,,120.0,-500,,0,0,,,+0,,,,+1,,,-48,,,,,,,,,59,+28,1070,1070,12.9,2.9,2.9,28.7,15.7,13.9,35.0,14.5,,+10.2,18.1,14.8,,,,,+65,+561,+70,+576,+62,+574,+66,+585,,,-100,+4.996,,+28.7,+4.998,,,,+15.7,+13.9,+59.5,+27.5,,,,,
52.31,1,8,2019-03-30 20:16:05,+40.52902,-78.64906,48,0.0,0.0,+11.8,,,,,20:16:05,+11.2,-0.4,190.4,0.0,-51,+0.1,-0.01,+1.0,99,+151,+22,0.0,30.06,+763,,,96,,120.0,-500,,0,0,,,+0,,,,+1,,,-48,,,,,,,,,60,+28,1073,1073,12.9,2.9,2.9,28.7,15.7,13.9,35.0,14.5,,+10.2,18.1,14.8,,,,,+66,+561,+70,+577,+62,+574,+66,+585,,,-100,+4.996,,+28.7,+4.998,,,,+15.7,+13.9,+59.6,+27.5,,,,,
52.56,1,8,2019-03-30 20:16:06,+40.52902,-78.64906,48,0.0,0.0,+11.8,,,,,20:16:05,+11.2,-0.3,190.4,0.0,-50,+0.1,-0.01,+1.0,99,+152,+22,0.0,30.06,+763,,,96,,120.0,-500,,0,0,,,+0,,,,+1,,,-48,,,,,,,,,60,+28,1073,1073,12.9,2.9,2.9,28.7,15.7,13.9,35.0,14.5,,+10.2,18.1,14.8,,,,,+65,+561,+70,+577,+62,+574,+66,+586,,,-100,+4.996,,+28.7,+4.998,,,,+15.7,+13.9,+59.6,+27.5,,,,,
52.81,1,8,2019-03-30 20:16:06,+40.52902,-78.64906,48,0.0,0.0,+11.8,,,,,20:16:05,+11.2,-0.3,190.3,0.0,-50,+0.1,-0.01,+1.0,99,+140,+22,0.0,30.06,+763,,,96,,120.0,-500,,0,0,,,+0,,,,+2,,,-48,,,,,,,,,60,+28,1078,1078,12.9,2.9,2.9,28.7,15.7,13.9,35.0,14.5,,+10.2,18.1,14.8,,,,,+66,+560,+70,+577,+63,+575,+66,+586,,,-100,+4.996,,+28.7,+4.998,,,,+15.7,+13.9,+59.6,+27.5,,,,,
53.06,1,8,2019-03-30 20:16:06,+40.52902,-78.64906,48,0.0,0.0,+11.8,,,,,20:16:05,+11.2,-0.4,190.4,0.0,-49,+0.1,-0.00,+1.0,99,+147,+22,0.0,30.06,+763,,,96,,120.0,-500,,0,0,,,+0,,,,+2,,,-48,,,,,,,,,60,+28,1078,1078,12.9,2.9,2.9,28.7,15.7,13.9,35.0,14.5,,+10.2,18.1,14.8,,,,,+66,+560,+70,+577,+63,+575,+66,+586,,,-100,+4.996,,+28.7,+4.998,,,,+15.7,+13.9,+59.7,+27.6,,,,,
53.31,1,8,2019-03-30 20:16:06,+40.52902,-78.64906,48,0.0,0.0,+11.8,,,,,20:16:06,+11.3,-0.4,190.3,0.0,-48,+0.1,-0.01,+1.0,99,+138,+22,0.0,30.06,+763,,,96,,120.0,-500,,0,0,,,+0,,,,+2,,,-48,,,,,,,,,60,+28,1077,1077,12.9,2.9,2.9,28.7,15.7,13.9,35.0,14.5,,+10.2,18.1,14.8,,,,,+66,+560,+70,+578,+63,+575,+67,+587,,,-100,+4.996,,+28.7,+4.998,,,,+15.7,+13.9,+59.6,+27.6,,,,,
53.56,1,8,2019-03-30 20:16:07,+40.52902,-78.64906,48,0.0,0.0,+11.8,,,,,20:16:06,+11.3,-0.4,190.3,0.0,-48,+0.1,-0.01,+1.0,99,+136,+22,0.0,30.06,+763,,,96,,120.0,-500,,0,0,,,+0,,,,+2,,,-48,,,,,,,,,60,+28,1080,1080,12.9,2.9,2.9,28.7,15.7,13.9,35.0,14.5,,+10.2,18.1,14.8,,,,,+66,+560,+70,+578,+63,+575,+67,+587,,,-100,+4.996,,+28.7,+4.998,,,,+15.7,+13.9,+59.7,+27.6,,,,,
53.81,1,8,2019-03-30 20:16:07,+40.52902,-78.64906,48,0.0,0.0,+11.8,,,,,20:16:06,+11.2,-0.4,190.3,0.0,-48,+0.1,-0.01,+1.0,99,+111,+22,0.0,30.06,+763,,,96,,120.0,-500,,0,0,,,+0,,,,+2,,,-48,,,,,,,,,60,+28,1075,1075,12.8,2.9,2.9,28.7,15.7,13.9,35.0,14.5,,+10.2,18.1,14.8,,,,,+66,+561,+70,+578,+63,+576,+67,+587,,,-100,+4.996,,+28.7,+4.998,,,,+15.7,+13.9,+59.8,+27.6,,,,,
54.06,1,8,2019-03-30 20:16:07,+40.52902,-78.64906,48,0.0,0.0,+11.8,,,,,20:16:06,+11.2,-0.4,190.3,0.0,-48,+0.1,+0.00,+1.0,99,+118,+22,0.0,30.06,+763,,,96,,120.0,-500,,0,0,,,+0,,,,+2,,,-48,,,,,,,,,60,+28,1071,1071,12.8,2.9,2.9,28.7,15.7,13.9,35.0,14.5,,+10.2,18.1,14.8,,,,,+67,+561,+71,+578,+63,+577,+67,+588,,,-100,+4.996,,+28.7,+4.998,,,,+15.7,+13.9,+59.6,+27.6,,,,,
54.31,1,8,2019-03-30 20:16:07,+40.52902,-78.64906,48,0.0,0.0,+11.8,,,,,20:16:07,+11.2,-0.4,190.3,0.0,-48,+0.1,-0.01,+1.0,99,+106,+22,0.0,30.06,+763,,,96,,120.0,-500,,0,0,,,+0,,,,+2,,,-48,,,,,,,,,60,+28,1072,1072,12.8,2.9,2.9,28.7,15.7,13.9,35.0,14.5,,+10.2,18.1,14.8,,,,,+67,+561,+71,+579,+63,+576,+67,+588,,,-100,+4.996,,+28.7,+4.998,,,,+15.7,+13.9,+59.6,+27.6,,,,,
54.56,1,8,2019-03-30 20:16:08,+40.52902,-78.64906,48,0.0,0.0,+11.8,,,,,20:16:07,+11.2,-0.3,190.3,0.0,-48,+0.1,-0.01,+1.0,99,+102,+22,0.0,30.06,+761,,,96,,120.0,-500,,0,0,,,+0,,,,+2,,,-48,,,,,,,,,60,+28,1075,1075,12.8,2.9,2.9,28.7,15.7,13.9,35.0,14.5,,+10.2,18.1,14.8,,,,,+67,+561,+71,+579,+63,+576,+67,+589,,,-100,+4.996,,+28.7,+4.998,,,,+15.7,+13.9,+59.6,+27.6,,,,,
54.81,1,8,2019-03-30 20:16:08,+40.52902,-78.64906,48,0.0,0.0,+11.8,,,,,20:16:07,+11.2,-0.3,190.3,0.0,-47,+0.1,-0.00,+1.0,99,+88,+22,0.0,30.06,+762,,,96,,120.0,-500,,0,0,,,+0,,,,+2,,,-48,,,,,,,,,59,+28,1068,1068,12.9,2.9,2.9,28.7,15.7,13.9,35.0,14.5,,+10.1,18.1,14.8,,,,,+67,+561,+71,+579,+64,+576,+67,+589,,,-100,+4.996,,+28.7,+4.998,,,,+15.7,+13.9,+59.5,+27.6,,,,,
55.06,1,8,2019-03-30 20:16:08,+40.52902,-78.64906,48,0.0,0.0,+11.8,,,,,20:16:07,+11.2,-0.3,190.3,0.0,-47,+0.1,-0.01,+1.0,99,+104,+22,0.0,30.06,+762,,,96,,120.0,-500,,0,0,,,+0,,,,+2,,,-48,,,,,,,,,59,+28,1069,1069,12.9,2.9,2.9,28.7,15.7,13.9,35.0,14.5,,+10.1,18.1,14.8,,,,,+67,+562,+71,+579,+64,+576,+67,+589,,,-100,+4.996,,+28.7,+4.998,,,,+15.7,+13.9,+59.4,+27.6,,,,,
55.31,1,8,2019-03-30 20:16:08,+40.52902,-78.64906,48,0.0,0.0,+11.8,,,,,20:16:08,+11.2,-0.3,190.3,0.0,-47,+0.1,-0.00,+1.0,99,+75,+22,0.0,30.06,+762,,,96,,120.0,-500,,0,0,,,+0,,,,+2,,,-48,,,,,,,,,59,+28,1068,1068,12.9,2.9,2.9,28.7,15.7,13.9,35.0,14.5,,+10.1,18.1,14.8,,,,,+67,+563,+71,+579,+64,+576,+67,+589,,,-100,+4.996,,+28.7,+4.998,,,,+15.7,+13.9,+59.4,+27.6,,,,,
55.56,1,8,2019-03-30 20:16:09,+40.52902,-78.64906,48,0.0,0.0,+11.8,,,,,20:16:08,+11.2,-0.4,190.3,0.0,-47,+0.1,-0.01,+1.0,99,+71,+22,0.0,30.06,+762,,,96,,120.0,-500,,0,0,,,+0,,,,+2,,,-48,,,,,,,,,59,+28,1065,1065,12.9,2.9,2.9,28.7,15.7,13.9,35.0,14.5,,+10.1,18.1,14.8,,,,,+67,+563,+71,+579,+64,+577,+67,+590,,,-100,+4.996,,+28.7,+4.998,,,,+15.7,+13.9,+59.4,+27.6,,,,,
55.81,1,8,2019-03-30 20:16:09,+40.52902,-78.64906,48,0.0,0.0,+11.8,,,,,20:16:08,+11.2,-0.4,190.3,0.0,-47,+0.1,-0.01,+1.0,99,+59,+22,0.0,30.06,+762,,,96,,120.0,-500,,0,0,,,+0,,,,+2,,,-48,,,,,,,,,59,+28,1067,1067,12.9,2.9,2.9,28.7,15.7,13.9,35.0,14.5,,+10.1,18.1,14.8,,,,,+67,+563,+71,+579,+64,+577,+67,+590,,,-100,+4.996,,+28.7,+4.998,,,,+15.7,+13.9,+59.4,+27.6,,,,,
56.06,1,8,2019-03-30 20:16:09,+40.52902,-78.64906,48,0.0,0.0,+11.8,,,,,20:16:08,+11.2,-0.4,190.3,0.0,-47,+0.1,-0.00,+1.0,99,+51,+22,0.0,30.06,+762,,,96,,120.0,-500,,0,0,,,+0,,,,+2,,,-48,,,,,,,,,59,+28,1067,1067,12.9,2.9,2.9,28.7,15.7,13.9,35.0,14.5,,+10.1,18.1,14.8,,,,,+67,+563,+72,+579,+64,+577,+68,+590,,,-100,+4.996,,+28.7,+4.998,,,,+15.7,+13.9,+59.5,+27.6,,,,,
56.31,1,8,2019-03-30 20:16:09,+40.52902,-78.64906,48,0.0,0.0,+11.8,,,,,20:16:09,+11.2,-0.4,190.3,0.0,-47,+0.1,-0.01,+1.0,99,+39,+22,0.0,30.06,+762,,,96,,120.0,-500,,0,0,,,+0,,,,+2,,,-48,,,,,,,,,60,+28,1071,1071,12.9,2.9,2.9,28.7,15.7,13.9,35.0,14.5,,+10.1,18.1,14.8,,,,,+68,+563,+72,+580,+64,+577,+68,+590,,,-100,+4.996,,+28.7,+4.998,,,,+15.7,+13.9,+59.5,+27.6,,,,,
56.56,1,8,2019-03-30 20:16:10,+40.52902,-78.64906,48,0.0,0.0,+11.8,,,,,20:16:09,+11.2,-0.4,190.3,0.0,-47,+0.1,-0.01,+1.0,99,+45,+22,0.0,30.06,+762,,,96,,120.0,-500,,0,0,,,+0,,,,+2,,,-48,,,,,,,,,60,+28,1071,1071,12.9,2.9,2.9,28.7,15.7,13.9,35.0,14.5,,+10.1,18.1,14.8,,,,,+68,+563,+72,+579,+64,+577,+68,+590,,,-100,+4.996,,+28.7,+4.998,,,,+15.7,+13.9,+59.6,+27.6,,,,,
56.81,1,8,2019-03-30 20:16:10,+40.52902,-78.64906,48,0.0,0.0,+11.8,,,,,20:16:09,+11.2,-0.4,190.3,0.0,-47,+0.1,-0.01,+1.0,99,+28,+22,0.0,30.06,+762,,,96,,120.0,-500,,0,0,,,+0,,,,+2,,,-48,,,,,,,,,60,+28,1072,1072,12.9,2.9,2.9,28.7,15.7,13.9,35.0,14.5,,+10.1,18.1,14.8,,,,,+68,+563,+72,+579,+64,+577,+68,+590,,,-100,+4.996,,+28.7,+4.998,,,,+15.7,+13.9,+59.6,+27.6,,,,,
57.06,1,8,2019-03-30 20:16:10,+40.52902,-78.64906,48,0.0,0.0,+11.8,,,,,20:16:09,+11.2,-0.4,190.3,0.0,-47,+0.1,-0.00,+1.0,99,+27,+22,0.0,30.06,+762,,,96,,120.0,-500,,0,0,,,+0,,,,+2,,,-48,,,,,,,,,60,+28,1068,1068,12.9,2.9,2.9,28.7,15.7,13.9,35.0,14.5,,+10.1,18.1,14.8,,,,,+68,+564,+72,+579,+64,+577,+68,+590,,,-100,+4.996,,+28.7,+4.998,,,,+15.7,+13.9,+59.5,+27.6,,,,,
57.31,1,8,2019-03-30 20:16:10,+40.52902,-78.64906,48,0.0,0.0,+11.8,,,,,20:16:10,+11.2,-0.4,190.3,0.0,-47,+0.1,-0.01,+1.0,99,+15,+22,0.0,30.06,+762,,,96,,120.0,-500,,0,0,,,+0,,,,+2,,,-48,,,,,,,,,59,+28,1065,1065,12.9,2.9,2.9,28.7,15.7,13.9,35.0,14.5,,+10.1,18.1,14.8,,,,,+68,+564,+72,+579,+64,+577,+68,+590,,,-100,+4.996,,+28.7,+4.998,,,,+15.7,+13.9,+59.4,+27.6,,,,,
57.56,1,8,2019-03-30 20:16:11,+40.52902,-78.64906,48,0.0,0.0,+11.8,,,,,20:16:10,+11.2,-0.4,190.3,0.0,-47,+0.1,-0.01,+0.9,99,+10,+22,0.0,30.06,+762,,,96,,120.0,-500,,0,0,,,+0,,,,+2,,,-48,,,,,,,,,59,+28,1060,1060,12.9,2.9,2.9,28.7,15.7,13.9,35.0,14.5,,+10.1,18.1,14.8,,,,,+68,+564,+72,+578,+64,+577,+68,+591,,,-100,+4.996,,+28.7,+4.998,,,,+15.7,+13.9,+59.4,+27.6,,,,,
57.81,1,7,2019-03-30 20:16:11,+40.52902,-78.64906,48,0.0,0.0,+11.8,,,,,20:16:10,+11.2,-0.4,190.3,0.0,-47,+0.1,-0.01,+1.0,99,+21,+22,0.0,30.06,+772,,,96,,120.0,-500,,0,0,,,+0,,,,+2,,,-48,,,,,,,,,59,+28,1060,1060,13.0,2.9,2.9,28.7,15.7,13.9,35.0,14.5,,+10.1,18.1,14.8,,,,,+68,+564,+72,+578,+64,+577,+69,+592,,,-100,+4.996,,+28.7,+4.998,,,,+15.7,+13.9,+59.3,+27.6,,,,,
58.06,1,7,2019-03-30 20:16:11,+40.52902,-78.64906,48,0.0,0.0,+11.8,,,,,20:16:10,+11.2,-0.4,190.3,0.0,-47,+0.1,-0.00,+1.0,99,+28,+22,0.0,30.06,+771,,,96,,120.0,-500,,0,0,,,+0,,,,+2,,,-48,,,,,,,,,59,+28,1061,1061,13.0,2.9,2.9,28.7,15.7,13.9,35.0,14.5,,+10.1,18.1,14.8,,,,,+69,+565,+73,+578,+65,+577,+69,+592,,,-100,+4.996,,+28.7,+4.998,,,,+15.7,+13.9,+59.3,+27.6,,,,,
58.31,1,7,2019-03-30 20:16:11,+40.52902,-78.64906,48,0.0,0.0,+11.8,,,,,20:16:11,+11.2,-0.4,190.3,0.0,-47,+0.1,-0.01,+1.0,99,+26,+22,0.0,30.06,+771,,,96,,120.0,-500,,0,0,,,+0,,,,+2,,,-48,,,,,,,,,59,+28,1066,1066,13.0,2.9,2.9,28.7,15.7,13.9,35.0,14.5,,+10.0,18.1,14.8,,,,,+69,+566,+73,+578,+65,+576,+69,+592,,,-100,+4.996,,+28.7,+4.998,,,,+15.7,+13.9,+59.3,+27.6,,,,,
58.56,1,7,2019-03-30 20:16:12,+40.52902,-78.64906,48,0.0,0.0,+11.8,,,,,20:16:11,+11.2,-0.4,190.3,0.0,-46,+0.1,-0.01,+1.0,99,+38,+22,0.0,30.06,+771,,,96,,120.0,-500,,0,0,,,+0,,,,+2,,,-48,,,,,,,,,59,+28,1072,1072,13.0,2.8,2.8,28.7,15.7,13.9,35.0,14.5,,+10.0,18.1,14.8,,,,,+69,+566,+73,+578,+65,+576,+69,+592,,,-100,+4.996,,+28.7,+4.998,,,,+15.7,+13.9,+59.4,+27.6,,,,,
58.81,1,7,2019-03-30 20:16:12,+40.52902,-78.64906,48,0.0,0.0,+11.8,,,,,20:16:11,+11.2,-0.4,190.3,0.0,-46,+0.1,-0.01,+1.0,99,+42,+22,0.0,30.06,+771,,,96,,120.0,-500,,0,0,,,+0,,,,+2,,,-48,,,,,,,,,60,+28,1072,1072,13.0,2.8,2.8,28.7,15.7,13.9,35.0,14.5,,+10.0,18.1,14.8,,,,,+69,+566,+73,+577,+65,+577,+69,+592,,,-100,+4.996,,+28.7,+4.998,,,,+15.7,+13.9,+59.6,+27.6,,,,,
59.06,1,7,2019-03-30 20:16:12,+40.52902,-78.64906,48,0.0,0.0,+11.8,,,,,20:16:11,+11.2,-0.4,190.3,0.0,-45,+0.1,-0.01,+1.0,99,+58,+22,0.0,30.06,+771,,,96,,120.0,-500,,0,0,,,+0,,,,+2,,,-48,,,,,,,,,59,+28,1066,1066,13.0,2.8,2.8,28.7,15.7,13.9,35.0,14.5,,+10.0,18.1,14.8,,,,,+69,+566,+73,+577,+65,+578,+69,+592,,,-100,+4.996,,+28.7,+4.998,,,,+15.7,+13.9,+59.5,+27.6,,,,,
59.31,1,7,2019-03-30 20:16:12,+40.52902,-78.64906,48,0.0,0.0,+11.8,,,,,20:16:12,+11.2,-0.4,190.3,0.0,-45,+0.1,-0.01,+1.0,99,+35,+22,0.0,30.06,+771,,,96,,120.0,-500,,0,0,,,+0,,,,+2,,,-48,,,,,,,,,59,+28,1070,1070,13.0,2.8,2.8,28.7,15.7,13.9,35.0,14.5,,+10.0,18.1,14.8,,,,,+69,+566,+73,+577,+65,+578,+69,+592,,,-100,+4.996,,+28.7,+4.998,,,,+15.7,+13.9,+59.5,+27.6,,,,,
59.56,1,8,2019-03-30 20:16:13,+40.52902,-78.64906,48,0.0,0.0,+11.8,,,,,20:16:12,+11.2,-0.4,190.3,0.0,-45,+0.1,-0.01,+1.0,99,+30,+22,0.0,30.06,+771,,,96,,120.0,-500,,0,0,,,+0,,,,+2,,,-48,,,,,,,,,60,+28,1074,1074,13.0,2.8,2.8,28.7,15.7,13.9,35.0,14.5,,+10.0,18.1,14.8,,,,,+69,+566,+73,+577,+65,+578,+69,+592,,,-100,+4.996,,+28.7,+4.998,,,,+15.7,+13.9,+59.6,+27.6,,,,,
59.81,1,8,2019-03-30 20:16:13,+40.52902,-78.64906,48,0.0,0.0,+11.8,,,,,20:16:12,+11.2,-0.4,190.2,0.0,-45,+0.1,-0.01,+1.0,99,+24,+22,0.0,30.06,+771,,,96,,120.0,-500,,0,0,,,+0,,,,+2,,,-48,,,,,,,,,60,+28,1073,1073,12.9,2.8,2.8,28.7,15.7,13.9,35.0,14.5,,+10.0,18.1,14.8,,,,,+70,+566,+73,+577,+65,+578,+69,+593,,,-100,+4.996,,+28.7,+4.998,,,,+15.7,+13.9,+59.6,+27.6,,,,,
60.06,1,8,2019-03-30 20:16:13,+40.52902,-78.64906,48,0.0,0.0,+11.8,,,,,20:16:12,+11.2,-0.4,190.2,0.0,-45,+0.1,-0.01,+1.0,99,+28,+22,0.0,30.06,+771,,,96,,120.0,-500,,0,0,,,+0,,,,+2,,,-48,,,,,,,,,60,+28,1079,1079,12.9,2.8,2.8,28.7,15.7,13.9,35.0,14.5,,+10.0,18.1,14.8,,,,,+70,+566,+73,+576,+66,+578,+70,+593,,,-100,+4.996,,+28.7,+4.998,,,,+15.7,+13.9,+59.7,+27.7,,,,,
60.31,1,8,2019-03-30 20:16:13,+40.52902,-78.64906,48,0.0,0.0,+11.8,,,,,20:16:13,+11.2,-0.4,190.2,0.0,-45,+0.1,-0.01,+1.0,99,+8,+22,0.0,30.06,+771,,,96,,120.0,-500,,0,0,,,+0,,,,+2,,,-48,,,,,,,,,60,+28,1085,1085,12.9,2.8,2.8,28.7,15.7,13.9,35.0,14.5,,+10.0,18.1,14.8,,,,,+70,+566,+74,+576,+66,+578,+70,+593,,,-100,+4.996,,+28.7,+4.998,,,,+15.7,+13.9,+59.9,+27.7,,,,,
60.56,1,8,2019-03-30 20:16:14,+40.52902,-78.64906,48,0.0,0.0,+11.8,,,,,20:16:13,+11.2,-0.3,190.3,0.0,-45,+0.1,-0.01,+1.0,99,+16,+22,0.0,30.06,+771,,,96,,120.0,-500,,0,0,,,+0,,,,+2,,,-48,,,,,,,,,60,+28,1091,1091,12.9,2.8,2.8,28.7,15.7,13.9,35.0,14.5,,+10.0,18.1,14.8,,,,,+70,+567,+74,+575,+66,+578,+70,+592,,,-100,+4.996,,+28.7,+4.998,,,,+15.7,+13.9,+60.0,+27.7,,,,,
60.81,1,8,2019-03-30 20:16:14,+40.52902,-78.64906,48,0.0,0.0,+11.8,,,,,20:16:13,+11.2,-0.4,190.3,0.0,-45,+0.1,-0.00,+1.0,99,+22,+22,0.0,30.06,+771,,,96,,120.0,-500,,0,0,,,+0,,,,+3,,,-48,,,,,,,,,60,+28,1082,1082,12.8,2.8,2.8,28.7,15.7,13.9,35.0,14.5,,+10.0,18.1,14.8,,,,,+70,+567,+74,+575,+66,+578,+70,+592,,,-100,+4.996,,+28.7,+4.998,,,,+15.7,+13.9,+59.9,+27.7,,,,,
61.06,1,8,2019-03-30 20:16:14,+40.52902,-78.64906,48,0.0,0.0,+11.8,,,,,20:16:13,+11.2,-0.4,190.2,0.0,-45,+0.1,-0.01,+1.0,99,+41,+22,0.0,30.06,+773,,,96,,120.0,-500,,0,0,,,+0,,,,+3,,,-48,,,,,,,,,60,+28,1070,1070,12.8,2.8,2.8,28.7,15.7,13.9,35.0,14.5,,+10.0,18.1,14.8,,,,,+70,+567,+74,+575,+66,+579,+70,+593,,,-100,+4.996,,+28.7,+4.998,,,,+15.7,+13.9,+59.6,+27.7,,,,,
61.31,1,8,2019-03-30 20:16:14,+40.52902,-78.64906,48,0.0,0.0,+11.8,,,,,20:16:14,+11.2,-0.4,190.3,0.0,-45,+0.1,-0.01,+1.0,99,+12,+22,0.0,30.06,+773,,,96,,120.0,-500,,0,0,,,+0,,,,+4,,,-48,,,,,,,,,59,+28,1069,1069,12.8,2.8,2.8,28.7,15.7,13.9,35.0,14.5,,+10.0,18.1,14.8,,,,,+70,+567,+74,+575,+66,+580,+70,+593,,,-100,+4.996,,+28.7,+4.998,,,,+15.7,+13.9,+59.4,+27.7,,,,,
61.56,1,8,2019-03-30 20:16:15,+40.52902,-78.64906,48,0.0,0.0,+11.8,,,,,20:16:14,+11.2,-0.4,190.3,0.0,-45,+0.1,-0.00,+1.0,99,+16,+22,0.0,30.06,+773,,,96,,120.0,-500,,0,0,,,+0,,,,+4,,,-49,,,,,,,,,60,+28,1079,1079,12.8,2.8,2.8,28.7,15.7,13.9,35.0,14.5,,+9.9,18.1,14.8,,,,,+70,+567,+74,+576,+66,+580,+70,+593,,,-100,+4.996,,+28.7,+4.998,,,,+15.7,+13.9,+59.5,+27.7,,,,,
61.81,1,7,2019-03-30 20:16:15,+40.52902,-78.64906,48,0.0,0.0,+11.8,,,,,20:16:14,+11.2,-0.4,190.3,0.0,-45,+0.1,-0.01,+0.9,99,+9,+22,0.0,30.06,+773,,,96,,120.0,-500,,0,0,,,+0,,,,+4,,,-49,,,,,,,,,60,+28,1081,1081,12.9,2.8,2.8,28.7,15.7,13.9,35.0,14.5,,+9.9,18.1,14.8,,,,,+71,+567,+74,+576,+66,+580,+70,+592,,,-100,+4.996,,+28.7,+4.998,,,,+15.7,+13.9,+59.8,+27.7,,,,,
62.06,1,7,2019-03-30 20:16:15,+40.52902,-78.64906,48,0.0,0.0,+11.8,,,,,20:16:14,+11.2,-0.4,190.3,0.0,-45,+0.1,-0.01,+1.0,99,+8,+22,0.0,30.06,+773,,,96,,120.0,-500,,0,0,,,+0,,,,+4,,,-49,,,,,,,,,60,+28,1075,1075,12.9,2.8,2.8,28.7,15.7,13.9,35.0,14.5,,+9.9,18.1,14.8,,,,,+71,+567,+74,+575,+67,+581,+70,+591,,,-100,+4.996,,+28.7,+4.998,,,,+15.7,+13.9,+59.7,+27.7,,,,,
62.31,1,7,2019-03-30 20:16:15,+40.52902,-78.64906,48,0.0,0.0,+11.8,,,,,20:16:15,+11.3,-0.4,190.3,0.0,-45,+0.1,-0.01,+1.0,99,+15,+22,0.0,30.06,+773,,,96,,120.0,-500,,0,0,,,+0,,,,+4,,,-49,,,,,,,,,60,+28,1071,1071,12.9,2.8,2.8,28.7,15.7,13.9,35.0,14.5,,+9.9,18.1,14.8,,,,,+71,+567,+75,+575,+67,+581,+70,+592,,,-100,+4.996,,+28.7,+4.998,,,,+15.7,+13.9,+59.6,+27.7,,,,,
62.56,1,7,2019-03-30 20:16:16,+40.52902,-78.64906,48,0.0,0.0,+11.8,,,,,20:16:15,+11.3,-0.4,190.3,0.0,-45,+0.1,-0.01,+1.0,99,+12,+22,0.0,30.06,+773,,,96,,120.0,-500,,0,0,,,+0,,,,+4,,,-49,,,,,,,,,59,+28,1069,1069,12.9,2.8,2.8,28.7,15.7,13.9,35.0,14.5,,+9.9,18.1,14.8,,,,,+71,+567,+75,+576,+67,+581,+71,+592,,,-100,+4.996,,+28.7,+4.998,,,,+15.7,+13.9,+59.5,+27.7,,,,,
62.81,1,7,2019-03-30 20:16:16,+40.52902,-78.64906,48,0.0,0.0,+11.8,,,,,20:16:15,+11.2,-0.4,190.2,0.0,-45,+0.1,-0.01,+0.9,99,+16,+22,0.0,30.06,+773,,,96,,120.0,-500,,0,0,,,+0,,,,+4,,,-49,,,,,,,,,59,+28,1068,1068,12.9,2.8,2.8,28.7,15.7,13.9,35.0,14.5,,+9.9,18.1,14.8,,,,,+71,+567,+75,+575,+67,+581,+71,+592,,,-100,+4.996,,+28.7,+4.998,,,,+15.7,+13.9,+59.4,+27.7,,,,,
63.06,1,7,2019-03-30 20:16:16,+40.52902,-78.64906,48,0.0,0.0,+11.8,,,,,20:16:15,+11.2,-0.4,190.3,0.0,-45,+0.1,-0.01,+1.0,99,+28,+22,0.0,30.06,+773,,,96,,120.0,-500,,0,0,,,+0,,,,+4,,,-49,,,,,,,,,59,+28,1065,1065,12.9,2.8,2.8,28.7,15.7,13.9,35.0,14.5,,+9.9,18.1,14.8,,,,,+71,+567,+75,+575,+67,+581,+71,+593,,,-100,+4.996,,+28.7,+4.998,,,,+15.7,+13.9,+59.4,+27.7,,,,,
63.31,1,7,2019-03-30 20:16:16,+40.52902,-78.64906,48,0.0,0.0,+11.8,,,,,20:16:16,+11.3,-0.4,190.3,0.0,-45,+0.1,-0.00,+1.0,99,-2,+22,0.0,30.06,+773,,,96,,120.0,-500,,0,0,,,+0,,,,+4,,,-49,,,,,,,,,59,+28,1063,1063,12.9,2.8,2.8,28.7,15.7,13.9,35.0,14.5,,+9.9,18.1,14.8,,,,,+71,+567,+75,+576,+67,+581,+71,+593,,,-100,+4.996,,+28.7,+4.998,,,,+15.7,+13.9,+59.3,+27.7,,,,,
63.56,1,7,2019-03-30 20:16:17,+40.52902,-78.64906,48,0.0,0.0,+11.8,,,,,20:16:16,+11.3,-0.4,190.3,0.0,-45,+0.1,-0.01,+0.9,99,+8,+22,0.0,30.06,+773,,,96,,120.0,-500,,0,0,,,+0,,,,+4,,,-49,,,,,,,,,59,+28,1059,1059,12.9,2.8,2.8,28.7,15.7,13.9,35.0,14.5,,+9.9,18.1,14.8,,,,,+71,+567,+75,+577,+67,+580,+71,+593,,,-100,+4.996,,+28.7,+4.998,,,,+15.7,+13.9,+59.1,+27.7,,,,,
63.81,1,7,2019-03-30 20:16:17,+40.52902,-78.64906,48,0.0,0.0,+11.8,,,,,20:16:16,+11.2,-0.4,190.3,0.0,-45,+0.1,-0.01,+1.0,99,+3,+22,0.0,30.06,+773,,,96,,120.0,-500,,0,0,,,+0,,,,+4,,,-49,,,,,,,,,59,+28,1070,1070,13.1,2.8,2.8,28.7,15.7,13.9,35.0,14.5,,+9.9,18.1,14.8,,,,,+72,+567,+75,+577,+67,+580,+71,+592,,,-100,+4.996,,+28.7,+4.998,,,,+15.7,+13.9,+59.3,+27.7,,,,,
64.06,1,7,2019-03-30 20:16:17,+40.52902,-78.64906,48,0.0,0.0,+11.8,,,,,20:16:16,+11.2,-0.4,190.2,0.0,-45,+0.1,-0.01,+1.0,99,+26,+22,0.0,30.06,+774,,,96,,120.0,-500,,0,0,,,+0,,,,+4,,,-49,,,,,,,,,59,+28,1074,1074,13.1,2.8,2.8,28.7,15.7,13.9,35.0,14.5,,+9.9,18.1,14.8,,,,,+72,+567,+75,+578,+67,+579,+71,+592,,,-100,+4.996,,+28.7,+4.998,,,,+15.7,+13.9,+59.5,+27.7,,,,,
64.31,1,8,2019-03-30 20:16:17,+40.52902,-78.64906,48,0.0,0.0,+11.8,,,,,20:16:17,+11.3,-0.4,190.2,0.0,-45,+0.1,-0.01,+0.9,99,-1,+22,0.0,30.06,+774,,,96,,120.0,-500,,0,0,,,+0,,,,+4,,,-49,,,,,,,,,59,+28,1072,1072,13.1,2.8,2.8,28.7,15.7,13.9,35.0,14.5,,+9.9,18.1,14.8,,,,,+72,+567,+75,+578,+67,+579,+71,+591,,,-100,+4.996,,+28.7,+4.998,,,,+15.7,+13.9,+59.5,+27.7,,,,,
64.56,1,8,2019-03-30 20:16:18,+40.52902,-78.64906,48,0.0,0.0,+11.8,,,,,20:16:17,+11.3,-0.4,190.2,0.0,-45,+0.1,-0.01,+1.0,99,+23,+22,0.0,30.06,+774,,,96,,120.0,-500,,0,0,,,+0,,,,+4,,,-49,,,,,,,,,60,+28,1074,1074,13.1,2.8,2.8,28.7,15.7,13.9,35.0,14.5,,+9.9,18.1,14.8,,,,,+72,+566,+76,+579,+67,+578,+71,+592,,,-100,+4.996,,+28.7,+4.998,,,,+15.7,+13.9,+59.5,+27.7,,,,,
64.81,1,7,2019-03-30 20:16:18,+40.52902,-78.64906,48,0.0,0.0,+11.8,,,,,20:16:17,+11.3,-0.4,190.2,0.0,-44,+0.1,-0.01,+1.0,99,+3,+22,0.0,30.06,+774,,,96,,120.0,-500,,0,0,,,+0,,,,+4,,,-49,,,,,,,,,59,+28,1071,1071,13.0,2.8,2.8,28.7,15.7,13.9,35.0,14.5,,+9.8,18.1,14.8,,,,,+72,+566,+76,+578,+67,+578,+71,+592,,,-100,+4.996,,+28.7,+4.998,,,,+15.7,+13.9,+59.5,+27.7,,,,,
65.06,1,7,2019-03-30 20:16:18,+40.52902,-78.64906,48,0.0,0.0,+11.8,,,,,20:16:17,+11.3,-0.4,190.2,0.0,-44,+0.1,-0.01,+1.0,99,+45,+22,0.0,30.06,+774,,,96,,120.0,-500,,0,0,,,+0,,,,+4,,,-49,,,,,,,,,60,+28,1078,1078,13.0,2.8,2.8,28.7,15.7,13.9,35.0,14.5,,+9.8,18.1,14.8,,,,,+72,+566,+76,+579,+68,+578,+72,+591,,,-100,+4.996,,+28.7,+4.998,,,,+15.7,+13.9,+59.5,+27.7,,,,,
65.31,1,8,2019-03-30 20:16:18,+40.52902,-78.64906,48,0.0,0.0,+11.8,,,,,20:16:18,+11.3,-0.3,190.2,0.0,-44,+0.1,-0.01,+1.0,99,+16,+22,0.0,30.06,+774,,,96,,120.0,-500,,0,0,,,+0,,,,+4,,,-49,,,,,,,,,60,+28,1075,1075,13.0,2.8,2.8,28.7,15.7,13.9,35.0,14.5,,+9.8,18.1,14.8,,,,,+72,+566,+76,+578,+68,+578,+72,+591,,,-100,+4.996,,+28.7,+4.998,,,,+15.7,+13.9,+59.6,+27.7,,,,,
65.56,1,7,2019-03-30 20:16:19,+40.52902,-78.64906,48,0.0,0.0,+11.8,,,,,20:16:18,+11.3,-0.3,190.3,0.0,-43,+0.1,-0.01,+1.0,99,+39,+22,0.0,30.06,+774,,,96,,120.0,-500,,0,0,,,+0,,,,+4,,,-49,,,,,,,,,60,+28,1077,1077,13.0,2.8,2.8,28.8,15.7,13.9,35.0,14.5,,+9.8,18.1,14.8,,,,,+73,+566,+76,+579,+68,+578,+72,+590,,,-100,+4.996,,+28.8,+4.998,,,,+15.7,+13.9,+59.6,+27.7,,,,,
65.81,1,7,2019-03-30 20:16:19,+40.52902,-78.64906,48,0.0,0.0,+11.8,,,,,20:16:18,+11.3,-0.3,190.2,0.0,-43,+0.1,-0.01,+1.0,99,+2,+22,0.0,30.06,+774,,,96,,120.0,-500,,0,0,,,+0,,,,+4,,,-49,,,,,,,,,60,+28,1082,1082,12.9,2.8,2.8,28.7,15.7,13.9,35.0,14.5,,+9.8,18.1,14.8,,,,,+73,+566,+76,+579,+68,+578,+72,+590,,,-100,+4.996,,+28.7,+4.998,,,,+15.7,+13.9,+59.7,+27.7,,,,,
66.06,1,7,2019-03-30 20:16:19,+40.52902,-78.64906,48,0.0,0.0,+11.8,,,,,20:16:18,+11.3,-0.3,190.2,0.0,-43,+0.1,-0.01,+1.0,99,+12,+22,0.0,30.06,+774,,,96,,120.0,-500,,0,0,,,+0,,,,+4,,,-49,,,,,,,,,60,+28,1083,1083,12.9,2.8,2.8,28.7,15.7,13.9,35.0,14.5,,+9.8,18.1,14.8,,,,,+73,+566,+76,+578,+68,+578,+72,+589,,,-100,+4.996,,+28.7,+4.998,,,,+15.7,+13.9,+59.9,+27.8,,,,,
66.31,1,7,2019-03-30 20:16:19,+40.52902,-78.64906,48,0.0,0.0,+11.8,,,,,20:16:19,+11.3,-0.3,190.2,0.0,-43,+0.1,-0.01,+1.0,99,-7,+22,0.0,30.06,+774,,,96,,120.0,-500,,0,0,,,+0,,,,+4,,,-49,,,,,,,,,60,+28,1074,1074,12.9,2.8,2.8,28.7,15.7,13.9,35.0,14.5,,+9.8,18.1,14.8,,,,,+73,+566,+76,+579,+68,+578,+72,+590,,,-100,+4.996,,+28.7,+4.998,,,,+15.7,+13.9,+59.7,+27.8,,,,,
66.56,1,7,2019-03-30 20:16:20,+40.52902,-78.64906,48,0.0,0.0,+11.8,,,,,20:16:19,+11.3,-0.3,190.2,0.0,-43,+0.1,-0.01,+1.0,99,+0,+22,0.0,30.06,+774,,,96,,120.0,-500,,0,0,,,+0,,,,+4,,,-49,,,,,,,,,60,+28,1076,1076,12.9,2.8,2.8,28.7,15.7,13.9,35.0,14.5,,+9.8,18.1,14.8,,,,,+73,+566,+77,+579,+68,+579,+72,+589,,,-100,+4.996,,+28.7,+4.998,,,,+15.7,+13.9,+59.6,+27.8,,,,,
66.81,1,7,2019-03-30 20:16:20,+40.52902,-78.64906,48,0.0,0.0,+11.8,,,,,20:16:19,+11.3,-0.3,190.2,0.0,-43,+0.1,-0.01,+1.0,99,-16,+22,0.0,30.06,+774,,,96,,120.0,-500,,0,0,,,+0,,,,+4,,,-49,,,,,,,,,60,+28,1075,1075,12.9,2.8,2.8,28.7,15.7,13.9,35.0,14.5,,+9.8,18.1,14.8,,,,,+73,+565,+77,+579,+69,+580,+73,+589,,,-100,+4.996,,+28.7,+4.998,,,,+15.7,+13.9,+59.5,+27.8,,,,,
67.06,1,7,2019-03-30 20:16:20,+40.52902,-78.64906,48,0.0,0.0,+11.8,,,,,20:16:19,+11.3,-0.3,190.2,0.0,-43,+0.1,-0.00,+1.0,99,+25,+22,0.0,30.06,+776,,,96,,120.0,-500,,0,0,,,+0,,,,+4,,,-49,,,,,,,,,60,+28,1080,1080,12.9,2.8,2.8,28.7,15.7,13.9,35.0,14.5,,+9.8,18.1,14.8,,,,,+73,+565,+77,+579,+69,+580,+73,+590,,,-100,+4.996,,+28.7,+4.998,,,,+15.7,+13.9,+59.7,+27.8,,,,,
67.31,1,7,2019-03-30 20:16:20,+40.52902,-78.64906,48,0.0,0.0,+11.8,,,,,20:16:20,+11.3,-0.4,190.2,0.0,-43,+0.1,-0.00,+1.0,99,+6,+22,0.0,30.06,+776,,,96,,120.0,-500,,0,0,,,+0,,,,+4,,,-49,,,,,,,,,60,+28,1084,1084,12.9,2.8,2.8,28.7,15.7,13.9,35.0,14.5,,+9.8,18.1,14.8,,,,,+73,+564,+77,+579,+69,+580,+73,+590,,,-100,+4.996,,+28.7,+4.998,,,,+15.7,+13.9,+59.8,+27.8,,,,,
67.56,1,7,2019-03-30 20:16:21,+40.52902,-78.64906,48,0.0,0.0,+11.8,,,,,20:16:20,+11.3,-0.4,190.3,0.0,-43,+0.1,-0.01,+1.0,99,+20,+22,0.0,30.06,+776,,,96,,120.0,-500,,0,0,,,+0,,,,+3,,,-49,,,,,,,,,60,+28,1084,1084,12.9,2.8,2.8,28.7,15.7,13.9,35.0,14.5,,+9.8,18.1,14.8,,,,,+74,+564,+77,+579,+69,+580,+73,+590,,,-100,+4.996,,+28.7,+4.998,,,,+15.7,+13.9,+59.9,+27.8,,,,,
67.81,1,7,2019-03-30 20:16:21,+40.52902,-78.64906,48,0.0,0.0,+11.8,,,,,20:16:20,+11.3,-0.4,190.3,0.0,-43,+0.2,-0.01,+1.0,99,+5,+22,0.0,30.06,+776,,,96,,120.0,-500,,0,0,,,+0,,,,+3,,,-49,,,,,,,,,60,+28,1090,1090,12.8,2.8,2.8,28.7,15.7,13.9,35.0,14.5,,+9.8,18.1,14.8,,,,,+74,+564,+77,+578,+69,+581,+73,+590,,,-100,+4.996,,+28.7,+4.998,,,,+15.7,+13.9,+59.9,+27.8,,,,,
68.06,1,8,2019-03-30 20:16:21,+40.52902,-78.64906,48,0.0,0.0,+11.8,,,,,20:16:20,+11.3,-0.4,190.3,0.0,-43,+0.1,-0.00,+1.0,99,+9,+22,0.0,30.06,+776,,,96,,120.0,-500,,0,0,,,+0,,,,+4,,,-49,,,,,,,,,60,+28,1098,1098,12.8,2.8,2.8,28.7,15.7,13.9,35.0,14.5,,+9.8,18.1,14.8,,,,,+74,+564,+77,+577,+69,+581,+73,+590,,,-100,+4.996,,+28.7,+4.998,,,,+15.7,+13.9,+60.1,+27.8,,,,,
68.31,1,8,2019-03-30 20:16:21,+40.52902,-78.64906,48,0.0,0.0,+11.8,,,,,20:16:21,+11.3,-0.4,190.2,0.0,-43,+0.1,-0.00,+1.0,99,-30,+22,0.0,30.06,+776,,,96,,120.0,-500,,0,0,,,+0,,,,+4,,,-49,,,,,,,,,60,+28,1095,1095,12.8,2.8,2.8,28.7,15.7,13.9,35.0,14.5,,+9.8,18.1,14.8,,,,,+74,+564,+77,+576,+69,+581,+73,+590,,,-100,+4.996,,+28.7,+4.998,,,,+15.7,+13.9,+60.2,+27.8,,,,,
68.56,1,7,2019-03-30 20:16:22,+40.52902,-78.64906,48,0.0,0.0,+11.8,,,,,20:16:21,+11.3,-0.3,190.3,0.0,-43,+0.1,-0.01,+1.0,99,-21,+22,0.0,30.06,+776,,,96,,120.0,-500,,0,0,,,+0,,,,+4,,,-49,,,,,,,,,60,+28,1095,1095,12.8,2.8,2.8,28.7,15.7,13.9,35.0,14.5,,+9.8,18.1,14.8,,,,,+74,+564,+78,+576,+69,+580,+73,+591,,,-100,+4.996,,+28.7,+4.998,,,,+15.7,+13.9,+60.1,+27.8,,,,,
68.81,1,7,2019-03-30 20:16:22,+40.52902,-78.64906,48,0.0,0.0,+11.8,,,,,20:16:21,+11.3,-0.3,190.3,0.0,-43,+0.2,-0.01,+1.0,99,-28,+22,0.0,30.06,+776,,,96,,120.0,-500,,0,0,,,+0,,,,+4,,,-49,,,,,,,,,60,+28,1096,1096,12.7,2.8,2.8,28.7,15.7,13.9,35.0,14.5,,+9.8,18.1,14.8,,,,,+74,+564,+78,+576,+69,+580,+73,+591,,,-100,+4.996,,+28.7,+4.998,,,,+15.7,+13.9,+60.1,+27.8,,,,,
69.06,1,7,2019-03-30 20:16:22,+40.52902,-78.64906,48,0.0,0.0,+11.8,,,,,20:16:21,+11.3,-0.3,190.2,0.0,-43,+0.2,-0.01,+1.0,99,+3,+22,0.0,30.06,+776,,,96,,120.0,-500,,0,0,,,+0,,,,+4,,,-49,,,,,,,,,60,+28,1104,1104,12.7,2.8,2.8,28.7,15.7,13.9,35.0,14.5,,+9.8,18.1,14.8,,,,,+74,+564,+78,+576,+70,+580,+73,+591,,,-100,+4.996,,+28.7,+4.998,,,,+15.7,+13.9,+60.2,+27.8,,,,,
69.31,1,8,2019-03-30 20:16:22,+40.52902,-78.64906,48,0.0,0.0,+11.8,,,,,20:16:22,+11.3,-0.2,190.2,0.0,-43,+0.2,-0.01,+1.0,99,-15,+22,0.0,30.06,+776,,,96,,120.0,-500,,0,0,,,+0,,,,+4,,,-49,,,,,,,,,60,+28,1103,1103,12.7,2.8,2.8,28.7,15.7,13.9,35.0,14.5,,+9.7,18.1,14.8,,,,,+75,+564,+78,+576,+70,+580,+73,+590,,,-100,+4.996,,+28.7,+4.998,,,,+15.7,+13.9,+60.3,+27.8,,,,,
69.56,1,8,2019-03-30 20:16:23,+40.52902,-78.64906,48,0.0,0.0,+11.8,,,,,20:16:22,+11.3,-0.2,190.2,0.0,-43,+0.1,-0.00,+1.0,99,-5,+22,0.0,30.06,+776,,,96,,120.0,-500,,0,0,,,+0,,,,+4,,,-49,,,,,,,,,60,+28,1106,1106,12.7,2.8,2.8,28.7,15.7,13.9,35.0,14.5,,+9.7,18.1,14.8,,,,,+75,+564,+78,+577,+70,+580,+74,+590,,,-100,+4.996,,+28.7,+4.998,,,,+15.7,+13.9,+60.3,+27.8,,,,,
69.81,1,9,2019-03-30 20:16:23,+40.52902,-78.64906,48,0.0,0.0,+11.8,,,,,20:16:22,+11.3,-0.3,190.1,0.0,-43,+0.1,-0.01,+1.0,99,-20,+22,0.0,30.06,+776,,,96,,120.0,-500,,0,0,,,+0,,,,+4,,,-49,,,,,,,,,60,+28,1102,1102,12.6,2.8,2.8,28.7,15.7,13.9,35.0,14.5,,+9.7,18.1,14.8,,,,,+75,+564,+78,+577,+70,+580,+74,+590,,,-100,+4.996,,+28.7,+4.998,,,,+15.7,+13.9,+60.3,+27.8,,,,,
70.06,1,9,2019-03-30 20:16:23,+40.52902,-78.64906,48,0.0,0.0,+11.8,,,,,20:16:22,+11.3,-0.3,190.1,0.0,-43,+0.1,-0.01,+1.0,99,+2,+22,0.0,30.06,+776,,,96,,120.0,-500,,0,0,,,+0,,,,+4,,,-49,,,,,,,,,60,+28,1103,1103,12.6,2.8,2.8,28.7,15.7,13.9,35.0,14.5,,+9.7,18.1,14.8,,,,,+75,+564,+78,+577,+70,+580,+74,+591,,,-100,+4.996,,+28.7,+4.998,,,,+15.7,+13.9,+60.3,+27.8,,,,,
70.31,1,9,2019-03-30 20:16:23,+40.52902,-78.64906,48,0.0,0.0,+11.8,,,,,20:16:23,+11.3,-0.3,190.2,0.0,-43,+0.1,-0.01,+1.0,99,-10,+22,0.0,30.06,+776,,,96,,120.0,-500,,0,0,,,+0,,,,+4,,,-49,,,,,,,,,60,+28,1100,1100,12.6,2.8,2.8,28.7,15.7,13.9,35.0,14.5,,+9.7,18.1,14.8,,,,,+75,+564,+78,+577,+70,+580,+74,+591,,,-100,+4.996,,+28.7,+4.998,,,,+15.7,+13.9,+60.2,+27.8,,,,,
70.56,1,9,2019-03-30 20:16:24,+40.52902,-78.64906,48,0.0,0.0,+11.8,,,,,20:16:23,+11.3,-0.3,190.2,0.0,-43,+0.1,-0.00,+0.9,99,+2,+22,0.0,30.06,+776,,,96,,120.0,-500,,0,0,,,+0,,,,+4,,,-49,,,,,,,,,60,+28,1100,1100,12.6,2.8,2.8,28.7,15.7,13.9,35.0,14.5,,+9.7,18.1,14.8,,,,,+75,+564,+79,+577,+70,+580,+74,+592,,,-100,+4.996,,+28.7,+4.998,,,,+15.7,+13.9,+60.2,+27.8,,,,,
70.81,1,9,2019-03-30 20:16:24,+40.52902,-78.64906,48,0.0,0.0,+11.8,,,,,20:16:23,+11.3,-0.3,190.2,0.0,-43,+0.1,-0.01,+1.0,99,-7,+22,0.0,30.06,+776,,,96,,120.0,-500,,0,0,,,+0,,,,+4,,,-49,,,,,,,,,60,+28,1097,1097,12.6,2.8,2.8,28.7,15.7,13.9,35.0,14.5,,+9.7,18.1,14.8,,,,,+76,+564,+79,+577,+71,+579,+74,+593,,,-100,+4.996,,+28.7,+4.998,,,,+15.7,+13.9,+60.1,+27.8,,,,,
71.06,1,9,2019-03-30 20:16:24,+40.52902,-78.64906,48,0.0,0.0,+11.8,,,,,20:16:23,+11.3,-0.3,190.2,0.0,-43,+0.1,-0.01,+1.0,99,+7,+22,0.0,30.06,+776,,,96,,120.0,-500,,0,0,,,+0,,,,+4,,,-49,,,,,,,,,60,+28,1093,1093,12.6,2.8,2.8,28.7,15.7,13.9,35.0,14.5,,+9.7,18.1,14.8,,,,,+76,+564,+79,+578,+71,+580,+74,+592,,,-100,+4.996,,+28.7,+4.998,,,,+15.7,+13.9,+60.0,+27.8,,,,,
71.31,1,9,2019-03-30 20:16:24,+40.52902,-78.64906,48,0.0,0.0,+11.8,,,,,20:16:24,+11.3,-0.4,190.2,0.0,-43,+0.1,-0.01,+1.0,99,+10,+22,0.0,30.06,+776,,,96,,120.0,-500,,0,0,,,+0,,,,+4,,,-49,,,,,,,,,60,+28,1093,1093,12.6,2.8,2.8,28.7,15.7,13.9,35.0,14.5,,+9.7,18.1,14.8,,,,,+76,+564,+79,+578,+71,+581,+74,+592,,,-100,+4.996,,+28.7,+4.998,,,,+15.7,+13.9,+60.0,+27.8,,,,,
71.56,1,8,2019-03-30 20:16:25,+40.52902,-78.64906,48,0.0,0.0,+11.8,,,,,20:16:24,+11.3,-0.4,190.2,0.0,-43,+0.1,-0.00,+1.0,99,+29,+22,0.0,30.06,+776,,,96,,120.0,-500,,0,0,,,+0,,,,+3,,,-49,,,,,,,,,60,+28,1092,1092,12.6,2.8,2.8,28.7,15.7,13.9,35.0,14.5,,+9.7,18.1,14.8,,,,,+76,+564,+79,+578,+71,+581,+75,+592,,,-100,+4.996,,+28.7,+4.998,,,,+15.7,+13.9,+60.0,+27.9,,,,,
71.81,1,9,2019-03-30 20:16:25,+40.52902,-78.64906,48,0.0,0.0,+11.8,,,,,20:16:24,+11.3,-0.4,190.2,0.0,-43,+0.1,-0.01,+1.0,99,+18,+22,0.0,30.06,+776,,,96,,120.0,-500,,0,0,,,+0,,,,+3,,,-49,,,,,,,,,60,+28,1089,1089,12.7,2.8,2.8,28.7,15.7,13.9,35.0,14.5,,+9.6,18.1,14.8,,,,,+76,+565,+79,+578,+71,+581,+75,+592,,,-100,+4.996,,+28.7,+4.998,,,,+15.7,+13.9,+59.9,+27.9,,,,,
72.06,1,8,2019-03-30 20:16:25,+40.52902,-78.64906,48,0.0,0.0,+11.8,,,,,20:16:24,+11.3,-0.4,190.2,0.0,-43,+0.1,-0.00,+0.9,99,+27,+22,0.0,30.06,+776,,,96,,120.0,-500,,0,0,,,+0,,,,+3,,,-49,,,,,,,,,60,+28,1090,1090,12.7,2.8,2.8,28.7,15.7,13.9,35.0,14.5,,+9.6,18.1,14.8,,,,,+76,+565,+79,+578,+71,+582,+75,+592,,,-100,+4.996,,+28.7,+4.998,,,,+15.7,+13.9,+59.9,+27.9,,,,,
72.31,1,8,2019-03-30 20:16:25,+40.52902,-78.64906,48,0.0,0.0,+11.8,,,,,20:16:25,+11.3,-0.4,190.2,0.0,-43,+0.1,-0.00,+1.0,99,+18,+22,0.0,30.06,+776,,,96,,120.0,-500,,0,0,,,+0,,,,+3,,,-49,,,,,,,,,60,+28,1095,1095,12.7,2.8,2.8,28.7,15.7,13.9,35.0,14.5,,+9.6,18.1,14.8,,,,,+76,+566,+79,+578,+71,+582,+75,+592,,,-100,+4.996,,+28.7,+4.998,,,,+15.7,+13.9,+60.0,+27.9,,,,,
72.56,1,8,2019-03-30 20:16:26,+40.52902,-78.64906,48,0.0,0.0,+11.8,,,,,20:16:25,+11.3,-0.4,190.3,0.0,-43,+0.1,-0.01,+1.0,99,+35,+22,0.0,30.06,+776,,,96,,120.0,-500,,0,0,,,+0,,,,+3,,,-49,,,,,,,,,60,+28,1101,1101,12.7,2.8,2.8,28.6,15.7,13.9,35.0,14.5,,+9.6,18.1,14.8,,,,,+77,+566,+79,+577,+71,+582,+75,+591,,,-100,+4.996,,+28.6,+4.998,,,,+15.7,+13.9,+60.2,+27.9,,,,,
72.81,1,8,2019-03-30 20:16:26,+40.52902,-78.64906,48,0.0,0.0,+11.8,,,,,20:16:25,+11.3,-0.4,190.3,0.0,-43,+0.1,-0.01,+1.0,99,+29,+22,0.0,30.06,+776,,,96,,120.0,-500,,0,0,,,+0,,,,+3,,,-49,,,,,,,,,60,+28,1094,1094,12.7,2.8,2.8,28.7,15.7,13.9,35.0,14.5,,+9.6,18.1,14.8,,,,,+77,+567,+79,+577,+71,+582,+75,+591,,,-100,+4.996,,+28.7,+4.998,,,,+15.7,+13.9,+60.1,+27.9,,,,,
73.06,1,8,2019-03-30 20:16:26,+40.52902,-78.64906,48,0.0,0.0,+11.8,,,,,20:16:25,+11.3,-0.4,190.3,0.0,-43,+0.1,-0.01,+1.0,99,+54,+22,0.0,30.06,+777,,,96,,120.0,-500,,0,0,,,+0,,,,+3,,,-49,,,,,,,,,60,+28,1092,1092,12.7,2.8,2.8,28.7,15.7,13.9,35.0,14.5,,+9.6,18.1,14.8,,,,,+77,+568,+79,+576,+71,+583,+75,+591,,,-100,+4.996,,+28.7,+4.998,,,,+15.7,+13.9,+60.0,+27.9,,,,,
73.31,1,8,2019-03-30 20:16:26,+40.52902,-78.64906,48,0.0,0.0,+11.8,,,,,20:16:26,+11.3,-0.4,190.3,0.0,-43,+0.1,-0.01,+1.0,99,+26,+22,0.0,30.06,+777,,,96,,120.0,-500,,0,0,,,+0,,,,+2,,,-49,,,,,,,,,60,+28,1094,1094,12.7,2.8,2.8,28.7,15.7,13.9,35.0,14.5,,+9.5,18.1,14.8,,,,,+77,+568,+80,+576,+71,+583,+75,+592,,,-100,+4.996,,+28.7,+4.998,,,,+15.7,+13.9,+60.0,+27.9,,,,,
73.56,1,8,2019-03-30 20:16:27,+40.52902,-78.64906,48,0.0,0.0,+11.8,,,,,20:16:26,+11.3,-0.4,190.3,0.0,-43,+0.1,-0.01,+1.0,99,+42,+22,0.0,30.06,+777,,,96,,120.0,-500,,0,0,,,+0,,,,+2,,,-49,,,,,,,,,60,+28,1099,1099,12.7,2.8,2.8,28.7,15.7,13.9,35.0,14.5,,+9.5,18.1,14.8,,,,,+77,+568,+80,+576,+71,+583,+75,+592,,,-100,+4.996,,+28.7,+4.998,,,,+15.7,+13.9,+60.0,+27.9,,,,,
73.81,1,8,2019-03-30 20:16:27,+40.52902,-78.64906,48,0.0,0.0,+11.8,,,,,20:16:26,+11.3,-0.3,190.3,0.0,-43,+0.1,-0.00,+1.0,99,+22,+22,0.0,30.06,+777,,,96,,120.0,-500,,0,0,,,+0,,,,+2,,,-49,,,,,,,,,60,+28,1101,1101,12.7,2.8,2.8,28.7,15.7,13.9,35.0,14.5,,+9.5,18.1,14.8,,,,,+77,+567,+80,+576,+72,+583,+76,+591,,,-100,+4.996,,+28.7,+4.998,,,,+15.7,+13.9,+60.1,+27.9,,,,,
74.06,1,8,2019-03-30 20:16:27,+40.52902,-78.64906,48,0.0,0.0,+11.8,,,,,20:16:26,+11.3,-0.3,190.3,0.0,-42,+0.1,-0.01,+1.0,99,+65,+22,0.0,30.06,+777,,,96,,120.0,-500,,0,0,,,+0,,,,+2,,,-49,,,,,,,,,60,+28,1100,1100,12.7,2.8,2.8,28.7,15.7,13.9,35.0,14.5,,+9.5,18.1,14.8,,,,,+77,+568,+80,+576,+72,+583,+76,+591,,,-100,+4.996,,+28.7,+4.998,,,,+15.7,+13.9,+60.1,+27.9,,,,,
74.31,1,8,2019-03-30 20:16:27,+40.52902,-78.64906,48,0.0,0.0,+11.8,,,,,20:16:27,+11.3,-0.3,190.3,0.0,-42,+0.1,-0.01,+1.0,99,+53,+22,0.0,30.06,+777,,,96,,120.0,-500,,0,0,,,+0,,,,+2,,,-49,,,,,,,,,60,+28,1095,1095,12.7,2.8,2.8,28.7,15.7,13.9,35.0,14.5,,+9.5,18.1,14.8,,,,,+77,+568,+80,+576,+72,+583,+76,+592,,,-100,+4.996,,+28.7,+4.998,,,,+15.7,+13.9,+60.1,+27.9,,,,,
74.56,1,9,2019-03-30 20:16:28,+40.52902,-78.64906,48,0.0,0.0,+11.8,,,,,20:16:27,+11.3,-0.4,190.3,0.0,-42,+0.1,-0.00,+1.0,99,+49,+22,0.0,30.06,+777,,,96,,120.0,-500,,0,0,,,+0,,,,+2,,,-49,,,,,,,,,60,+28,1099,1099,12.7,2.8,2.8,28.7,15.7,13.9,35.0,14.5,,+9.5,18.1,14.8,,,,,+77,+568,+80,+576,+72,+583,+76,+592,,,-100,+4.996,,+28.7,+4.998,,,,+15.7,+13.9,+60.1,+27.9,,,,,
74.81,1,8,2019-03-30 20:16:28,+40.52902,-78.64906,48,0.0,0.0,+11.8,,,,,20:16:27,+11.3,-0.4,190.3,0.0,-41,+0.1,-0.00,+1.0,99,+56,+22,0.0,30.06,+777,,,96,,120.0,-500,,0,0,,,+0,,,,+2,,,-49,,,,,,,,,60,+28,1098,1098,12.7,2.8,2.8,28.7,15.7,13.9,35.0,14.5,,+9.5,18.1,14.8,,,,,+78,+567,+80,+576,+72,+583,+76,+593,,,-100,+4.996,,+28.7,+4.998,,,,+15.7,+13.9,+60.1,+27.9,,,,,
0.06,1,10,2019-04-06 21:35:52,+40.52906,-78.64900,22,0.0,137.2,+11.8,,,,,21:35:52,,,,,,,,,,,+24,,,,,,208,,120.0,-500,,0,0,,,+0,,,,,,,,,,,,,,,,,,,,,,,,,,33.5,,,,22.0,17.8,,,,,,,,,,,,,,,,,,,,,,,,,,,,,,,
0.31,1,10,2019-04-06 21:35:52,+40.52906,-78.64900,22,0.0,137.2,+11.8,,,,,21:35:52,,,,,,,,,,,+24,,,,,,208,,120.0,-500,,0,0,,,+0,,,,,,,,,,,,,,,,,,,,,,,,,,33.5,,,,22.0,17.8,,,,,,,,,,,,,,,,,,,,,,,,,,,,,,,
0.56,1,10,2019-04-06 21:35:52,+40.52906,-78.64899,22,0.0,137.2,+11.8,,,,,21:35:52,+10.2,-0.4,185.3,0.0,-241,+0.0,-0.01,+1.0,99,-113,+24,0.0,30.22,+783,,,208,,120.0,-500,,0,0,,,+0,,,,+0,,,+0,,,,,,,,,,,0,0,,0.0,0.0,,,,33.5,14.4,,+12.8,22.0,17.8,,,,,+102,+511,+111,+539,+108,+499,+112,+518,,,-100,+4.998,,+28.1,+4.998,,,,+15.6,+13.9,+53.1,+47.0,,,,,
0.81,1,10,2019-04-06 21:35:52,+40.52906,-78.64899,22,0.0,137.2,+11.8,,,,,21:35:52,+10.2,-0.4,185.3,0.0,-241,+0.0,-0.01,+1.0,99,-110,+24,0.0,30.22,+783,,,208,,120.0,-500,,0,0,,,+0,,,,+0,,,+0,,,,,,,,,,,1036,1036,,0.0,0.0,,,,33.5,14.4,,+12.8,22.0,17.8,,,,,+103,+514,+111,+542,+108,+502,+113,+521,,,-100,+4.996,,+28.1,+4.998,,,,+15.6,+13.9,+53.1,+95.0,,,,,
1.06,1,10,2019-04-06 21:35:53,+40.52906,-78.64899,21,0.0,137.2,+11.8,,,,,21:35:52,+10.2,-0.4,185.3,0.0,-242,+0.0,-0.01,+1.0,99,-108,+24,0.0,30.22,+783,,,208,,120.0,-500,,0,0,,,+0,,,,+0,,,+0,,,,,,,,,,,1039,1039,,2.5,2.5,,,,33.5,14.4,,+12.8,22.0,17.8,,,,,+103,+516,+111,+543,+109,+504,+113,+522,,,-100,+4.996,,+28.1,+4.998,,,,+15.6,+13.9,+53.1,+95.0,,,,,
1.31,1,10,2019-04-06 21:35:53,+40.52906,-78.64899,22,0.0,137.2,+11.8,,,,,21:35:53,+10.2,-0.4,185.3,0.0,-242,+0.0,-0.01,+1.0,99,-98,+24,0.0,30.22,+783,,,208,,120.0,-500,,0,0,,,+0,,,,+0,,,+0,,,,,,,,,,,1034,1034,,2.5,2.5,,,,33.5,14.4,,+12.8,22.0,17.8,,,,,+103,+517,+111,+544,+109,+504,+113,+523,,,-100,+4.996,,+28.1,+4.998,,,,+15.6,+13.9,+53.1,+95.0,,,,,
1.56,1,10,2019-04-06 21:35:53,+40.52906,-78.64899,22,0.0,137.2,+11.8,,,,,21:35:53,+10.2,-0.4,185.3,0.0,-242,+0.0,-0.01,+1.0,99,-89,+24,0.0,30.22,+783,,,208,,120.0,-500,,0,0,,,+0,,,,+0,,,+0,,,,,,,,,,,1031,1031,,2.5,2.5,,,,33.5,14.4,,+12.8,22.0,17.8,,,,,+103,+517,+111,+545,+109,+505,+113,+523,,,-100,+4.996,,+28.1,+4.998,,,,+15.6,+13.9,+53.1,+95.0,,,,,
1.81,1,10,2019-04-06 21:35:53,+40.52906,-78.64899,21,0.0,137.2,+11.8,,,,,21:35:53,+10.2,-0.3,185.2,0.0,-242,+0.0,-0.01,+1.0,99,-82,+24,0.0,30.22,+783,,,208,,120.0,-500,,0,0,,,+0,,,,+0,,,+0,,,,,,,,,,,1045,1045,,2.5,2.5,,,,33.5,14.4,,+12.8,22.0,17.8,,,,,+103,+518,+111,+546,+109,+506,+113,+524,,,-100,+4.996,,+28.1,+4.998,,,,+15.6,+13.9,+53.1,+95.0,,,,,
2.06,1,10,2019-04-06 21:35:54,+40.52906,-78.64899,22,0.0,137.2,+11.8,,,,,21:35:53,+10.2,-0.3,185.3,0.0,-243,+0.0,-0.01,+1.0,99,-82,+24,0.0,30.22,+783,,,208,,120.0,-500,,0,0,,,+0,,,,+0,,,+0,,,,,,,,,,,1049,1049,,2.5,2.5,,,,33.5,14.4,,+12.8,22.0,17.8,,,,,+103,+518,+111,+546,+109,+506,+113,+525,,,-100,+4.995,,+28.1,+4.998,,,,+15.6,+13.9,+53.3,+54.1,,,,,
2.31,1,10,2019-04-06 21:35:54,+40.52906,-78.64899,22,0.0,137.2,+11.8,,,,,21:35:54,+10.2,-0.3,185.2,0.0,-243,+0.0,-0.01,+1.0,99,-44,+24,0.0,30.22,+783,,,208,,,,,0,0,,,+0,,,,+0,,,+0,,,,,,,,,53,+54,1044,1044,12.0,2.5,2.5,28.2,15.6,13.9,33.5,14.4,,+12.8,22.0,17.8,,,,,+103,+519,+111,+548,+109,+507,+113,+526,,,-100,+4.996,,+28.2,+4.998,,,,+15.6,+13.9,+53.2,+54.1,,,,,
2.56,1,10,2019-04-06 21:35:54,+40.52906,-78.64899,22,0.0,137.2,+11.8,,,,,21:35:54,+10.2,-0.3,185.2,0.0,-243,+0.1,-0.01,+1.0,99,-22,+24,0.0,30.22,+783,,,208,,,,,0,0,,,+0,,,,+0,,,-1,,,,,,,,,53,+54,1037,1037,11.9,2.5,2.5,28.2,15.6,13.9,33.5,14.4,,+12.8,22.0,17.8,,,,,+103,+520,+111,+548,+109,+507,+113,+527,,,-100,+4.996,,+28.2,+4.998,,,,+15.6,+13.9,+53.2,+54.1,,,,,
2.81,1,10,2019-04-06 21:35:54,+40.52906,-78.64899,22,0.0,137.2,+11.8,,,,,21:35:54,+10.2,-0.3,185.2,0.0,-243,+0.0,-0.01,+1.0,99,-26,+24,0.0,30.22,+783,,,208,,,,,0,0,,,+0,,,,+0,,,+0,,,,,,,,,53,+54,1034,1034,11.9,2.5,2.5,28.2,15.6,13.9,33.5,14.4,,+12.8,22.0,17.8,,,,,+103,+521,+111,+549,+109,+508,+113,+525,,,-100,+4.996,,+28.2,+4.998,,,,+15.6,+13.9,+53.0,+54.1,,,,,
3.06,1,10,2019-04-06 21:35:55,+40.52906,-78.64899,22,0.0,137.2,+11.8,,,,,21:35:54,+10.2,-0.3,185.2,0.0,-243,+0.0,-0.01,+1.0,99,-24,+24,0.0,30.22,+783,,,208,,,,,0,0,,,+0,,,,+0,,,-1,,,,,,,,,53,+54,1029,1029,11.9,2.5,2.5,28.2,15.6,13.9,33.5,14.4,,+12.8,22.0,17.8,,,,,+103,+522,+111,+549,+109,+509,+113,+524,,,-100,+4.996,,+28.2,+4.998,,,,+15.6,+13.9,+53.1,+54.1,,,,,
3.31,1,10,2019-04-06 21:35:55,+40.52906,-78.64899,22,0.0,137.2,+11.8,,,,,21:35:55,+10.2,-0.4,185.2,0.0,-243,+0.0,-0.01,+1.0,99,+1,+24,0.0,30.22,+780,,,208,,,,,0,0,,,+0,,,,+0,,,-1,,,,,,,,,53,+54,1011,1011,11.9,2.5,2.5,28.2,15.6,13.9,33.5,14.4,,+12.7,22.0,17.8,,,,,+103,+522,+111,+550,+109,+510,+113,+524,,,-100,+4.996,,+28.2,+4.998,,,,+15.6,+13.9,+52.6,+54.1,,,,,
3.56,1,10,2019-04-06 21:35:55,+40.52906,-78.64899,21,0.0,137.2,+11.8,,,,,21:35:55,+10.2,-0.4,185.1,0.0,-243,+0.0,-0.01,+1.0,99,+10,+24,0.0,30.22,+780,,,208,,,,,0,0,,,+0,,,,+0,,,-1,,,,,,,,,53,+47,1014,1014,12.0,2.5,2.5,28.2,15.6,13.9,33.5,14.4,,+12.7,22.0,17.8,,,,,+103,+523,+112,+551,+109,+512,+113,+522,,,-100,+4.996,,+28.2,+4.998,,,,+15.6,+13.9,+52.6,+47.4,,,,,
3.81,1,10,2019-04-06 21:35:55,+40.52906,-78.64899,21,0.0,137.2,+11.8,,,,,21:35:55,+10.2,-0.4,185.2,0.0,-243,+0.0,-0.01,+1.0,99,-21,+24,0.0,30.22,+780,,,208,,,,,0,0,,,+0,,,,+0,,,-1,,,,,,,,,53,+47,1020,1020,12.1,2.5,2.5,28.2,15.6,13.9,33.5,14.4,,+12.7,22.0,17.8,,,,,+103,+524,+112,+551,+109,+513,+114,+523,,,-100,+4.996,,+28.2,+4.998,,,,+15.6,+13.9,+52.7,+47.4,,,,,
4.06,1,10,2019-04-06 21:35:56,+40.52906,-78.64899,21,0.0,137.2,+11.8,,,,,21:35:55,+10.2,-0.3,185.1,0.0,-243,+0.0,-0.00,+1.0,99,-3,+24,0.0,30.22,+780,,,208,,,,,0,0,,,+0,,,,+0,,,-1,,,,,,,,,53,+47,1007,1007,12.1,2.5,2.5,28.2,15.6,13.9,33.5,14.4,,+12.7,22.0,17.8,,,,,+104,+525,+112,+552,+109,+514,+114,+523,,,-100,+4.996,,+28.2,+4.998,,,,+15.6,+13.9,+52.5,+47.4,,,,,
4.31,1,10,2019-04-06 21:35:56,+40.52906,-78.64899,21,0.0,137.2,+11.8,,,,,21:35:56,+10.2,-0.3,185.1,0.0,-243,+0.1,-0.01,+1.0,99,-15,+24,0.0,30.22,+780,,,208,,,,,0,0,,,+0,,,,+0,,,-1,,,,,,,,,53,+47,1010,1010,12.1,2.5,2.5,28.3,15.6,13.9,33.5,14.4,,+12.7,22.0,17.8,,,,,+104,+525,+112,+553,+109,+515,+113,+523,,,-100,+4.996,,+28.3,+4.998,,,,+15.6,+13.9,+52.5,+47.4,,,,,
4.56,1,10,2019-04-06 21:35:56,+40.52906,-78.64899,21,0.0,137.2,+11.8,,,,,21:35:56,+10.2,-0.2,185.1,0.0,-243,+0.1,-0.01,+1.0,99,-12,+24,0.0,30.22,+780,,,208,,,,,0,0,,,+0,,,,+0,,,-1,,,,,,,,,53,+47,1015,1015,12.2,2.5,2.5,28.3,15.6,13.9,33.5,14.4,,+12.7,22.0,17.8,,,,,+104,+526,+112,+554,+110,+516,+114,+524,,,-100,+4.996,,+28.3,+4.998,,,,+15.6,+13.9,+52.6,+47.4,,,,,
4.81,1,10,2019-04-06 21:35:56,+40.52906,-78.64899,21,0.0,137.2,+11.8,,,,,21:35:56,+10.2,-0.2,185.1,0.0,-243,+0.1,-0.01,+1.0,99,-7,+24,0.0,30.22,+780,,,208,,,,,0,0,,,+0,,,,+0,,,-1,,,,,,,,,53,+47,1018,1018,12.2,2.5,2.5,28.3,15.6,13.9,33.5,14.4,,+12.6,22.0,17.8,,,,,+104,+527,+112,+555,+110,+516,+114,+524,,,-100,+4.996,,+28.3,+4.998,,,,+15.6,+13.9,+52.7,+47.4,,,,,
5.06,1,10,2019-04-06 21:35:57,+40.52906,-78.64899,21,0.0,137.2,+11.8,,,,,21:35:56,+10.2,-0.3,185.1,0.0,-243,+0.1,-0.01,+0.9,99,-10,+24,0.0,30.22,+780,,,208,,,,,0,0,,,+0,,,,+0,,,-1,,,,,,,,,53,+47,1018,1018,12.2,2.5,2.5,28.3,15.6,13.9,33.5,14.4,,+12.6,22.0,17.8,,,,,+104,+527,+112,+555,+109,+517,+114,+525,,,-100,+4.996,,+28.3,+4.998,,,,+15.6,+13.9,+52.6,+47.4,,,,,
5.31,1,10,2019-04-06 21:35:57,+40.52906,-78.64898,21,0.0,137.2,+11.8,,,,,21:35:57,+10.2,-0.3,185.1,0.0,-243,+0.1,-0.01,+0.9,99,-13,+24,0.0,30.22,+780,,,208,,,,,0,0,,,+0,,,,+0,,,-1,,,,,,,,,53,+47,1022,1022,12.2,2.5,2.5,28.3,15.6,13.9,33.5,14.4,,+12.6,22.0,17.8,,,,,+104,+528,+112,+556,+109,+517,+114,+526,,,-100,+4.996,,+28.3,+4.998,,,,+15.6,+13.9,+52.8,+47.4,,,,,
5.56,1,10,2019-04-06 21:35:57,+40.52906,-78.64898,21,0.0,137.2,+11.8,,,,,21:35:57,+10.2,-0.3,185.1,0.0,-243,+0.1,-0.01,+0.9,99,-34,+24,0.0,30.22,+780,,,208,,,,,0,0,,,+0,,,,+0,,,-1,,,,,,,,,53,+47,1019,1019,12.3,2.5,2.5,28.3,15.6,13.9,33.5,14.4,,+12.5,22.0,17.8,,,,,+104,+527,+112,+556,+110,+515,+114,+526,,,-100,+4.996,,+28.3,+4.998,,,,+15.6,+13.9,+52.6,+47.4,,,,,
5.81,1,10,2019-04-06 21:35:57,+40.52906,-78.64898,21,0.0,137.2,+11.8,,,,,21:35:57,+10.2,-0.3,185.1,0.0,-243,+0.0,-0.01,+1.0,99,-38,+24,0.0,30.22,+780,,,208,,,,,0,0,,,+0,,,,+0,,,-1,,,,,,,,,53,+47,1020,1020,12.3,2.5,2.5,28.3,15.6,13.9,33.5,14.4,,+12.5,22.0,17.8,,,,,+104,+524,+112,+557,+110,+513,+114,+527,,,-100,+4.996,,+28.3,+4.998,,,,+15.6,+13.9,+52.8,+47.4,,,,,
6.06,1,10,2019-04-06 21:35:58,+40.52906,-78.64898,21,0.0,137.2,+11.8,,,,,21:35:57,+10.2,-0.3,185.2,0.0,-243,+0.0,-0.01,+1.0,99,-44,+24,0.0,30.22,+780,,,208,,,,,0,0,,,+0,,,,+0,,,-1,,,,,,,,,53,+47,1019,1019,12.3,2.5,2.5,28.3,15.6,13.9,33.5,14.4,,+12.5,22.0,17.8,,,,,+104,+526,+112,+557,+110,+514,+114,+528,,,-100,+4.996,,+28.3,+4.998,,,,+15.6,+13.9,+52.6,+47.5,,,,,
6.31,1,10,2019-04-06 21:35:58,+40.52906,-78.64898,21,0.0,137.2,+11.8,,,,,21:35:58,+10.2,-0.2,185.2,0.0,-243,+0.1,-0.01,+1.0,99,-32,+24,0.0,30.22,+780,,,208,,,,,0,0,,,+0,,,,+0,,,-1,,,,,,,,,53,+47,1023,1023,12.3,2.5,2.5,28.4,15.6,13.9,33.5,14.4,,+12.5,22.0,17.8,,,,,+104,+527,+112,+558,+110,+515,+114,+528,,,-100,+4.996,,+28.4,+4.998,,,,+15.6,+13.9,+52.8,+47.5,,,,,
6.56,1,10,2019-04-06 21:35:58,+40.52906,-78.64898,22,0.0,137.2,+11.8,,,,,21:35:58,+10.2,-0.3,185.3,0.0,-243,+0.1,-0.01,+1.0,99,-45,+24,0.0,30.22,+780,,,208,,,,,0,0,,,+0,,,,+0,,,-1,,,,,,,,,53,+47,1019,1019,12.3,2.5,2.5,28.4,15.6,13.9,33.5,14.4,,+12.4,22.0,17.8,,,,,+104,+528,+112,+558,+110,+515,+114,+528,,,-100,+4.996,,+28.4,+4.998,,,,+15.6,+13.9,+52.7,+47.5,,,,,
6.81,1,10,2019-04-06 21:35:58,+40.52906,-78.64898,22,0.0,137.2,+11.8,,,,,21:35:58,+10.2,-0.3,185.3,0.0,-244,+0.0,-0.01,+1.0,99,-35,+24,0.0,30.22,+780,,,208,,,,,0,0,,,+0,,,,+0,,,-1,,,,,,,,,53,+47,1016,1016,12.3,2.5,2.5,28.4,15.6,13.9,33.5,14.4,,+12.4,22.0,17.8,,,,,+104,+529,+112,+559,+110,+516,+114,+529,,,-100,+4.996,,+28.4,+4.998,,,,+15.6,+13.9,+52.7,+47.5,,,,,
7.06,1,10,2019-04-06 21:35:59,+40.52906,-78.64898,22,0.0,137.2,+11.8,,,,,21:35:58,+10.2,-0.4,185.4,0.0,-244,+0.1,-0.01,+1.0,99,-28,+24,0.0,30.22,+780,,,208,,,,,0,0,,,+0,,,,+0,,,-1,,,,,,,,,53,+47,1011,1011,12.3,2.5,2.5,28.4,15.6,13.9,33.5,14.4,,+12.4,22.0,17.8,,,,,+104,+530,+112,+559,+110,+516,+114,+530,,,-100,+4.996,,+28.4,+4.998,,,,+15.6,+13.9,+52.6,+47.5,,,,,
7.31,1,10,2019-04-06 21:35:59,+40.52906,-78.64898,22,0.0,137.2,+11.8,,,,,21:35:59,+10.2,-0.4,185.4,0.0,-244,+0.1,-0.01,+1.0,99,-40,+24,0.0,30.22,+780,,,208,,,,,0,0,,,+0,,,,+0,,,-1,,,,,,,,,53,+47,1016,1016,12.3,2.5,2.5,28.4,15.6,13.9,33.5,14.4,,+12.3,22.0,17.8,,,,,+104,+531,+112,+560,+110,+514,+114,+532,,,-100,+4.996,,+28.4,+4.998,,,,+15.6,+13.9,+52.6,+47.5,,,,,
7.56,1,10,2019-04-06 21:35:59,+40.52906,-78.64898,22,0.0,137.2,+11.8,,,,,21:35:59,+10.2,-0.4,185.4,0.0,-244,+0.1,-0.01,+1.0,99,-53,+24,0.0,30.22,+780,,,208,,,,,0,0,,,+0,,,,+0,,,-1,,,,,,,,,53,+47,1008,1008,12.3,2.5,2.5,28.4,15.6,13.9,33.5,14.4,,+12.3,22.0,17.8,,,,,+104,+531,+112,+561,+110,+514,+114,+533,,,-100,+4.996,,+28.4,+4.998,,,,+15.6,+13.9,+52.6,+47.5,,,,,
7.81,1,10,2019-04-06 21:35:59,+40.52907,-78.64898,22,0.0,137.2,+11.8,,,,,21:35:59,+10.2,-0.4,185.5,0.0,-244,+0.1,-0.01,+0.9,99,-51,+24,0.0,30.22,+780,,,208,,,,,0,0,,,+0,,,,+0,,,-1,,,,,,,,,53,+47,1015,1015,12.3,2.5,2.5,28.4,15.6,13.9,33.5,14.4,,+12.3,22.0,17.8,,,,,+104,+532,+113,+561,+110,+511,+114,+533,,,-100,+4.996,,+28.4,+4.998,,,,+15.6,+13.9,+52.6,+47.5,,,,,
8.06,1,10,2019-04-06 21:36:00,+40.52907,-78.64898,22,0.0,137.2,+11.8,,,,,21:35:59,+10.2,-0.4,185.5,0.0,-244,+0.1,-0.01,+1.0,99,-60,+24,0.0,30.22,+780,,,208,,,,,0,0,,,+0,,,,+0,,,-1,,,,,,,,,53,+48,1016,1016,12.3,2.5,2.5,28.4,15.6,13.9,33.5,14.4,,+12.2,22.0,17.8,,,,,+104,+533,+113,+561,+110,+511,+114,+532,,,-100,+4.996,,+28.4,+4.998,,,,+15.6,+13.9,+52.6,+47.5,,,,,
8.31,1,10,2019-04-06 21:36:00,+40.52907,-78.64898,22,0.0,137.2,+11.8,,,,,21:36:00,+10.2,-0.4,185.5,0.0,-245,+0.0,-0.01,+1.0,99,-66,+24,0.0,30.22,+780,,,208,,,,,0,0,,,+0,,,,+0,,,-2,,,,,,,,,53,+48,1031,1031,12.3,2.5,2.5,28.5,15.6,13.9,33.5,14.4,,+12.2,22.0,17.8,,,,,+104,+534,+113,+560,+110,+512,+114,+530,,,-100,+4.996,,+28.5,+4.998,,,,+15.6,+13.9,+52.9,+47.5,,,,,
8.56,1,10,2019-04-06 21:36:00,+40.52907,-78.64898,22,0.0,137.2,+11.8,,,,,21:36:00,+10.3,-0.4,185.5,0.0,-246,+0.0,-0.01,+1.0,99,-86,+24,0.0,30.22,+780,,,208,,,,,0,0,,,+0,,,,+0,,,-2,,,,,,,,,53,+48,1029,1029,12.3,2.5,2.5,28.5,15.6,13.9,33.5,14.4,,+12.2,22.0,17.8,,,,,+105,+535,+113,+560,+110,+513,+114,+530,,,-100,+4.996,,+28.5,+4.998,,,,+15.6,+13.9,+53.0,+47.5,,,,,
8.81,1,10,2019-04-06 21:36:00,+40.52907,-78.64898,22,0.0,137.2,+11.8,,,,,21:36:00,+10.3,-0.4,185.5,0.0,-246,+0.0,-0.01,+0.9,99,-89,+24,0.0,30.22,+780,,,208,,,,,0,0,,,+0,,,,+0,,,-2,,,,,,,,,53,+48,1019,1019,12.3,2.5,2.5,28.5,15.6,13.9,33.5,14.4,,+12.1,22.0,17.8,,,,,+105,+535,+113,+561,+110,+514,+114,+530,,,-100,+4.996,,+28.5,+4.998,,,,+15.6,+13.9,+52.9,+47.5,,,,,
9.06,1,10,2019-04-06 21:36:01,+40.52907,-78.64898,22,0.0,137.2,+11.8,,,,,21:36:00,+10.2,-0.4,185.5,0.0,-247,+0.0,-0.01,+1.0,99,-87,+24,0.0,30.22,+780,,,208,,,,,0,0,,,+0,,,,+0,,,-2,,,,,,,,,53,+48,1014,1014,12.3,2.5,2.5,28.5,15.6,13.9,33.5,14.4,,+12.1,22.0,17.8,,,,,+105,+536,+113,+561,+110,+515,+115,+528,,,-100,+4.996,,+28.5,+4.998,,,,+15.6,+13.9,+52.7,+47.6,,,,,
9.31,1,10,2019-04-06 21:36:01,+40.52907,-78.64898,22,0.0,137.2,+11.8,,,,,21:36:01,+10.2,-0.2,185.5,0.0,-247,+0.0,-0.01,+1.0,99,-76,+24,0.0,30.22,+775,,,208,,,,,0,0,,,+0,,,,+0,,,-2,,,,,,,,,52,+48,1010,1010,12.3,2.5,2.5,28.5,15.6,13.9,33.5,14.4,,+12.1,22.0,17.8,,,,,+105,+537,+113,+562,+110,+513,+114,+528,,,-100,+4.996,,+28.5,+4.998,,,,+15.6,+13.9,+52.5,+47.6,,,,,
9.56,1,10,2019-04-06 21:36:01,+40.52907,-78.64898,22,0.0,137.2,+11.8,,,,,21:36:01,+10.2,-0.3,185.6,0.0,-247,+0.0,-0.01,+1.0,99,-70,+24,0.0,30.22,+775,,,208,,,,,0,0,,,+0,,,,+1,,,-2,,,,,,,,,52,+48,1007,1007,12.4,2.5,2.5,28.5,15.6,13.9,33.5,14.4,,+12.0,22.0,17.8,,,,,+105,+538,+113,+563,+110,+511,+115,+528,,,-100,+4.996,,+28.5,+4.998,,,,+15.6,+13.9,+52.5,+47.6,,,,,
9.81,1,10,2019-04-06 21:36:01,+40.52907,-78.64898,22,0.0,137.2,+11.8,,,,,21:36:01,+10.2,-0.3,185.6,0.0,-247,+0.0,-0.01,+1.0,99,-56,+24,0.0,30.22,+775,,,208,,,,,0,0,,,+0,,,,+1,,,-2,,,,,,,,,53,+48,1009,1009,12.4,2.5,2.5,28.5,15.6,13.9,33.5,14.4,,+12.0,22.0,17.8,,,,,+105,+538,+113,+563,+111,+509,+115,+529,,,-100,+4.996,,+28.5,+4.998,,,,+15.6,+13.9,+52.5,+47.6,,,,,
10.06,1,10,2019-04-06 21:36:02,+40.52907,-78.64898,22,0.0,137.2,+11.8,,,,,21:36:01,+10.3,-0.3,185.6,0.0,-247,+0.1,-0.01,+1.0,99,-62,+24,0.0,30.22,+775,,,208,,,,,0,0,,,+0,,,,+1,,,-2,,,,,,,,,53,+48,1018,1018,12.4,2.5,2.5,28.5,15.6,13.9,33.5,14.4,,+12.0,22.0,17.8,,,,,+105,+538,+113,+564,+111,+509,+115,+530,,,-100,+4.996,,+28.5,+4.998,,,,+15.6,+13.9,+52.6,+47.6,,,,,
10.31,1,10,2019-04-06 21:36:02,+40.52907,-78.64898,22,0.0,137.2,+11.8,,,,,21:36:02,+10.3,-0.3,185.6,0.0,-247,+0.0,-0.01,+1.0,99,-50,+24,0.0,30.22,+775,,,208,,,,,0,0,,,+0,,,,+1,,,-2,,,,,,,,,53,+48,1016,1016,12.4,2.5,2.5,28.5,15.6,13.9,33.5,14.4,,+12.0,22.0,17.8,,,,,+105,+539,+113,+564,+111,+509,+115,+531,,,-100,+4.996,,+28.5,+4.998,,,,+15.6,+13.9,+52.8,+47.6,,,,,
10.56,1,10,2019-04-06 21:36:02,+40.52907,-78.64898,22,0.0,137.2,+11.8,,,,,21:36:02,+10.2,-0.4,185.7,0.0,-247,+0.1,-0.01,+1.0,99,-36,+24,0.0,30.22,+775,,,208,,,,,0,0,,,+0,,,,+1,,,-2,,,,,,,,,53,+48,1015,1015,12.4,2.5,2.5,28.5,15.6,13.9,33.5,14.4,,+12.0,22.0,17.8,,,,,+105,+536,+113,+565,+111,+510,+115,+531,,,-100,+4.996,,+28.5,+4.998,,,,+15.6,+13.9,+52.6,+47.6,,,,,
10.81,1,10,2019-04-06 21:36:02,+40.52907,-78.64898,22,0.0,137.2,+11.8,,,,,21:36:02,+10.2,-0.4,185.6,0.0,-247,+0.1,-0.01,+0.9,99,-46,+24,0.0,30.22,+775,,,208,,,,,0,0,,,+0,,,,+1,,,-2,,,,,,,,,53,+48,1016,1016,12.4,2.5,2.5,28.5,15.6,13.9,33.5,14.4,,+11.9,22.0,17.8,,,,,+105,+535,+113,+565,+111,+510,+115,+532,,,-100,+4.996,,+28.5,+4.998,,,,+15.6,+13.9,+52.6,+47.6,,,,,
11.06,1,10,2019-04-06 21:36:03,+40.52907,-78.64898,22,0.0,137.2,+11.8,,,,,21:36:02,+10.2,-0.4,185.7,0.0,-247,+0.1,-0.01,+0.9,99,-32,+24,0.0,30.22,+775,,,208,,,,,0,0,,,+0,,,,+1,,,-2,,,,,,,,,53,+48,1024,1024,12.4,2.5,2.5,28.5,15.6,13.9,33.5,14.4,,+11.9,22.0,17.8,,,,,+105,+535,+113,+565,+111,+510,+115,+533,,,-100,+4.996,,+28.5,+4.998,,,,+15.6,+13.9,+52.8,+47.6,,,,,
11.31,1,10,2019-04-06 21:36:03,+40.52907,-78.64898,22,0.0,137.2,+11.8,,,,,21:36:03,+10.2,-0.4,185.7,0.0,-247,+0.1,-0.01,+1.0,99,-25,+24,0.0,30.22,+775,,,208,,,,,0,0,,,+0,,,,+1,,,-2,,,,,,,,,53,+48,1020,1020,12.4,2.5,2.5,28.5,15.6,13.9,33.5,14.4,,+11.9,22.0,17.8,,,,,+105,+536,+114,+566,+111,+511,+115,+534,,,-100,+4.996,,+28.5,+4.998,,,,+15.6,+13.9,+52.8,+47.6,,,,,
11.56,1,10,2019-04-06 21:36:03,+40.52907,-78.64898,22,0.0,137.2,+11.8,,,,,21:36:03,+10.2,-0.4,185.7,0.0,-247,+0.1,-0.01,+1.0,99,-19,+24,0.0,30.22,+775,,,208,,,,,0,0,,,+0,,,,+1,,,-2,,,,,,,,,53,+48,1009,1009,12.3,2.5,2.5,28.5,15.6,13.9,33.5,14.4,,+11.8,22.0,17.8,,,,,+105,+538,+114,+567,+111,+511,+115,+535,,,-100,+4.996,,+28.5,+4.998,,,,+15.6,+13.9,+52.6,+47.6,,,,,
11.81,1,10,2019-04-06 21:36:03,+40.52907,-78.64898,22,0.0,137.2,+11.8,,,,,21:36:03,+10.2,-0.4,185.7,0.0,-247,+0.1,-0.01,+1.0,99,-11,+24,0.0,30.22,+775,,,208,,,,,0,0,,,+0,,,,+1,,,-2,,,,,,,,,52,+48,1006,1006,12.3,2.5,2.5,28.5,15.6,13.9,33.5,14.4,,+11.8,22.0,17.8,,,,,+106,+539,+114,+565,+111,+512,+115,+536,,,-100,+4.996,,+28.5,+4.998,,,,+15.6,+13.9,+52.4,+47.6,,,,,
12.06,1,10,2019-04-06 21:36:04,+40.52907,-78.64898,22,0.0,137.2,+11.8,,,,,21:36:03,+10.2,-0.4,185.7,0.0,-247,+0.1,-0.01,+1.0,99,-10,+24,0.0,30.22,+775,,,208,,,,,0,0,,,+0,,,,+1,,,-2,,,,,,,,,53,+48,1016,1016,12.3,2.5,2.5,28.5,15.6,13.9,33.5,14.4,,+11.8,22.0,17.8,,,,,+106,+539,+114,+563,+111,+512,+115,+536,,,-100,+4.996,,+28.5,+4.998,,,,+15.6,+13.9,+52.6,+47.6,,,,,
12.31,1,10,2019-04-06 21:36:04,+40.52907,-78.64898,22,0.0,137.2,+11.8,,,,,21:36:04,+10.2,-0.3,185.7,0.0,-247,+0.1,-0.01,+1.0,99,-6,+24,0.0,30.22,+775,,,208,,,,,0,0,,,+0,,,,+1,,,-2,,,,,,,,,53,+48,1023,1023,12.3,2.5,2.5,28.5,15.6,13.9,33.5,14.4,,+11.8,22.0,17.8,,,,,+106,+540,+114,+564,+111,+513,+115,+536,,,-100,+4.996,,+28.5,+4.998,,,,+15.6,+13.9,+52.7,+47.6,,,,,
12.56,1,10,2019-04-06 21:36:04,+40.52907,-78.64898,22,0.0,137.2,+11.8,,,,,21:36:04,+10.2,-0.3,185.6,0.0,-247,+0.0,-0.01,+1.0,99,-18,+24,0.0,30.22,+775,,,208,,,,,0,0,,,+0,,,,+1,,,-2,,,,,,,,,53,+48,1019,1019,12.3,2.5,2.5,28.6,15.6,13.9,33.5,14.4,,+11.7,22.0,17.8,,,,,+106,+541,+114,+566,+111,+513,+115,+536,,,-100,+4.996,,+28.6,+4.998,,,,+15.6,+13.9,+52.8,+47.7,,,,,
12.81,1,10,2019-04-06 21:36:04,+40.52907,-78.64898,22,0.0,137.2,+11.8,,,,,21:36:04,+10.2,-0.3,185.7,0.0,-247,+0.1,-0.01,+1.0,99,-2,+24,0.0,30.22,+775,,,208,,,,,0,0,,,+0,,,,+1,,,-2,,,,,,,,,53,+48,1017,1017,12.3,2.5,2.5,28.6,15.6,13.9,33.5,14.4,,+11.7,22.0,17.8,,,,,+106,+541,+114,+567,+111,+515,+115,+536,,,-100,+4.996,,+28.6,+4.998,,,,+15.6,+13.9,+52.6,+47.7,,,,,
13.06,1,10,2019-04-06 21:36:05,+40.52907,-78.64898,22,0.0,137.2,+11.8,,,,,21:36:04,+10.2,-0.3,185.7,0.0,-247,+0.0,-0.01,+0.9,99,+15,+24,0.0,30.22,+775,,,208,,,,,0,0,,,+0,,,,+1,,,-2,,,,,,,,,53,+48,1019,1019,12.3,2.5,2.5,28.6,15.6,13.9,33.5,14.4,,+11.7,22.0,17.8,,,,,+106,+542,+114,+568,+111,+515,+115,+538,,,-100,+4.996,,+28.6,+4.998,,,,+15.6,+13.9,+52.7,+47.7,,,,,
13.31,1,10,2019-04-06 21:36:05,+40.52907,-78.64898,22,0.0,137.2,+11.8,,,,,21:36:05,+10.2,-0.3,185.7,0.0,-247,+0.0,-0.01,+1.0,99,+32,+24,0.0,30.22,+775,,,208,,,,,0,0,,,+0,,,,+1,,,-2,,,,,,,,,53,+48,1021,1021,12.3,2.5,2.5,28.6,15.6,13.9,33.5,14.4,,+11.7,22.0,17.8,,,,,+106,+544,+114,+569,+111,+516,+115,+538,,,-100,+4.996,,+28.6,+4.998,,,,+15.6,+13.9,+52.7,+47.7,,,,,
13.56,1,10,2019-04-06 21:36:05,+40.52907,-78.64898,22,0.0,137.2,+11.8,,,,,21:36:05,+10.2,-0.3,185.7,0.0,-247,+0.0,-0.01,+1.0,99,+42,+24,0.0,30.22,+775,,,208,,,,,0,0,,,+0,,,,+1,,,-2,,,,,,,,,53,+48,1027,1027,12.3,2.5,2.5,28.6,15.6,13.9,33.5,14.4,,+11.7,22.0,17.8,,,,,+106,+545,+114,+569,+111,+517,+115,+539,,,-100,+4.996,,+28.6,+4.998,,,,+15.6,+13.9,+52.8,+47.7,,,,,
13.81,1,10,2019-04-06 21:36:05,+40.52907,-78.64898,22,0.0,137.2,+11.8,,,,,21:36:05,+10.2,-0.3,185.7,0.0,-247,+0.1,-0.01,+1.0,99,+23,+24,0.0,30.22,+775,,,208,,,,,0,0,,,+0,,,,+1,,,-2,,,,,,,,,53,+48,1043,1043,12.3,2.5,2.5,28.6,15.6,13.9,33.5,14.4,,+11.6,22.0,17.8,,,,,+106,+545,+114,+569,+111,+517,+115,+541,,,-100,+4.996,,+28.6,+4.998,,,,+15.6,+13.9,+53.1,+47.7,,,,,
14.06,1,10,2019-04-06 21:36:06,+40.52907,-78.64898,22,0.0,137.2,+11.8,,,,,21:36:05,+10.2,-0.3,185.7,0.0,-247,+0.0,-0.01,+1.0,99,+31,+24,0.0,30.22,+775,,,208,,,,,0,0,,,+0,,,,+1,,,-2,,,,,,,,,53,+48,1045,1045,12.3,2.5,2.5,28.6,15.6,13.9,33.5,14.4,,+11.6,22.0,17.8,,,,,+106,+545,+114,+568,+111,+517,+116,+541,,,-100,+4.996,,+28.6,+4.998,,,,+15.6,+13.9,+53.3,+47.7,,,,,
14.31,1,10,2019-04-06 21:36:06,+40.52907,-78.64898,22,0.0,137.2,+11.8,,,,,21:36:06,+10.2,-0.3,185.7,0.0,-247,+0.1,-0.01,+1.0,99,+25,+24,0.0,30.22,+775,,,208,,,,,0,0,,,+0,,,,+1,,,-2,,,,,,,,,53,+48,1030,1030,12.3,2.5,2.5,28.6,15.6,13.9,33.5,14.4,,+11.6,22.0,17.8,,,,,+106,+546,+114,+568,+111,+517,+116,+542,,,-100,+4.996,,+28.6,+4.998,,,,+15.6,+13.9,+53.1,+47.7,,,,,
14.56,1,10,2019-04-06 21:36:06,+40.52907,-78.64898,22,0.0,137.2,+11.8,,,,,21:36:06,+10.2,-0.3,185.7,0.0,-247,+0.1,-0.01,+1.0,99,+25,+24,0.0,30.22,+775,,,208,,,,,0,0,,,+0,,,,+1,,,-2,,,,,,,,,53,+48,1023,1023,12.3,2.5,2.5,28.6,15.6,13.9,33.5,14.4,,+11.6,22.0,17.8,,,,,+106,+547,+114,+569,+112,+515,+116,+542,,,-100,+4.996,,+28.6,+4.998,,,,+15.6,+13.9,+52.9,+47.7,,,,,
14.81,1,10,2019-04-06 21:36:06,+40.52907,-78.64898,22,0.0,137.2,+11.8,,,,,21:36:06,+10.2,-0.3,185.7,0.0,-247,+0.1,-0.01,+1.0,99,+28,+24,0.0,30.22,+775,,,208,,,,,0,0,,,+0,,,,+1,,,-2,,,,,,,,,53,+48,1018,1018,12.3,2.5,2.5,28.6,15.6,13.9,33.5,14.4,,+11.5,22.0,17.8,,,,,+106,+549,+114,+570,+112,+515,+116,+542,,,-100,+4.996,,+28.6,+4.998,,,,+15.6,+13.9,+52.6,+47.7,,,,,
15.06,1,10,2019-04-06 21:36:07,+40.52907,-78.64898,22,0.0,137.2,+11.8,,,,,21:36:06,+10.2,-0.3,185.7,0.0,-247,+0.1,-0.01,+1.0,99,+19,+24,0.0,30.22,+774,,,208,,,,,0,0,,,+0,,,,+1,,,-2,,,,,,,,,53,+48,1028,1028,12.3,2.5,2.5,28.6,15.6,13.9,33.5,14.4,,+11.5,22.0,17.8,,,,,+106,+549,+114,+570,+112,+516,+116,+543,,,-100,+4.996,,+28.6,+4.998,,,,+15.6,+13.9,+52.8,+47.7,,,,,
15.31,1,10,2019-04-06 21:36:07,+40.52907,-78.64898,22,0.0,137.2,+11.8,,,,,21:36:07,+10.2,-0.3,185.7,0.0,-247,+0.1,-0.01,+1.0,99,+25,+24,0.0,30.22,+774,,,208,,,,,0,0,,,+0,,,,+1,,,-2,,,,,,,,,53,+48,1040,1040,12.2,2.5,2.5,28.6,15.6,13.9,33.5,14.4,,+11.5,22.0,17.8,,,,,+106,+550,+114,+569,+112,+517,+116,+542,,,-100,+4.996,,+28.6,+4.998,,,,+15.6,+13.9,+53.1,+47.7,,,,,
15.56,1,10,2019-04-06 21:36:07,+40.52907,-78.64898,22,0.0,137.2,+11.8,,,,,21:36:07,+10.2,-0.3,185.7,0.0,-247,+0.1,-0.01,+1.0,99,+17,+24,0.0,30.22,+774,,,208,,,,,0,0,,,+0,,,,+1,,,-2,,,,,,,,,53,+48,1034,1034,12.2,2.5,2.5,28.6,15.6,13.9,33.5,14.4,,+11.5,22.0,17.8,,,,,+106,+550,+114,+570,+112,+518,+116,+542,,,-100,+4.996,,+28.6,+4.998,,,,+15.6,+13.9,+53.1,+47.7,,,,,
15.81,1,10,2019-04-06 21:36:07,+40.52907,-78.64898,22,0.0,137.2,+11.8,,,,,21:36:07,+10.2,-0.3,185.7,0.0,-247,+0.1,-0.01,+1.0,99,+32,+24,0.0,30.22,+774,,,208,,,,,0,0,,,+0,,,,+1,,,-2,,,,,,,,,53,+48,1015,1015,12.2,2.5,2.5,28.6,15.6,13.9,33.5,14.4,,+11.4,22.0,17.8,,,,,+106,+551,+115,+570,+112,+520,+116,+542,,,-100,+4.996,,+28.6,+4.998,,,,+15.6,+13.9,+52.8,+47.7,,,,,
16.06,1,10,2019-04-06 21:36:08,+40.52907,-78.64898,22,0.0,137.2,+11.8,,,,,21:36:07,+10.2,-0.3,185.7,0.0,-247,+0.1,-0.01,+0.9,99,+22,+24,0.0,30.22,+774,,,208,,,,,0,0,,,+0,,,,+1,,,-2,,,,,,,,,53,+48,1008,1008,12.2,2.5,2.5,28.6,15.6,13.9,33.5,14.4,,+11.4,22.0,17.8,,,,,+107,+553,+115,+571,+112,+523,+116,+543,,,-100,+4.996,,+28.6,+4.998,,,,+15.6,+13.9,+52.5,+47.8,,,,,
16.31,1,10,2019-04-06 21:36:08,+40.52907,-78.64898,22,0.0,137.2,+11.8,,,,,21:36:08,+10.2,-0.3,185.7,0.0,-247,+0.0,-0.01,+1.0,99,+24,+24,0.0,30.22,+774,,,208,,,,,0,0,,,+0,,,,+1,,,-2,,,,,,,,,52,+48,1005,1005,12.3,2.5,2.5,28.6,15.6,13.9,33.5,14.4,,+11.4,22.0,17.8,,,,,+106,+554,+115,+571,+112,+523,+116,+543,,,-100,+4.996,,+28.6,+4.998,,,,+15.6,+13.9,+52.4,+47.8,,,,,
16.56,1,10,2019-04-06 21:36:08,+40.52907,-78.64898,22,0.0,137.2,+11.8,,,,,21:36:08,+10.3,-0.3,185.7,0.0,-247,+0.1,-0.01,+1.0,99,+14,+24,0.0,30.22,+774,,,208,,,,,0,0,,,+0,,,,+1,,,-2,,,,,,,,,53,+48,1012,1012,12.3,2.5,2.5,28.6,15.6,13.9,33.5,14.4,,+11.4,22.0,17.8,,,,,+107,+555,+115,+571,+112,+524,+116,+544,,,-100,+4.996,,+28.6,+4.998,,,,+15.6,+13.9,+52.6,+47.8,,,,,
16.81,1,10,2019-04-06 21:36:08,+40.52907,-78.64898,22,0.0,137.2,+11.8,,,,,21:36:08,+10.3,-0.3,185.7,0.0,-247,+0.1,-0.01,+1.0,99,+35,+24,0.0,30.22,+774,,,208,,,,,0,0,,,+0,,,,+1,,,-2,,,,,,,,,53,+48,1017,1017,12.3,2.5,2.5,28.6,15.6,13.9,33.5,14.4,,+11.3,22.0,17.8,,,,,+107,+556,+115,+571,+112,+525,+116,+545,,,-100,+4.996,,+28.6,+4.998,,,,+15.6,+13.9,+52.6,+47.8,,,,,
17.06,1,10,2019-04-06 21:36:09,+40.52907,-78.64898,22,0.0,137.2,+11.8,,,,,21:36:08,+10.3,-0.3,185.7,0.0,-247,+0.0,-0.01,+1.0,99,+32,+24,0.0,30.22,+774,,,208,,,,,0,0,,,+0,,,,+1,,,-2,,,,,,,,,53,+48,1027,1027,12.3,2.5,2.5,28.6,15.6,13.9,33.5,14.4,,+11.3,22.0,17.8,,,,,+107,+557,+115,+572,+112,+525,+116,+545,,,-100,+4.996,,+28.6,+4.998,,,,+15.6,+13.9,+52.8,+47.8,,,,,
17.31,1,10,2019-04-06 21:36:09,+40.52907,-78.64898,22,0.0,137.2,+11.8,,,,,21:36:09,+10.3,-0.3,185.7,0.0,-247,+0.1,-0.01,+1.0,99,+23,+24,0.0,30.22,+774,,,208,,,,,0,0,,,+0,,,,+1,,,-2,,,,,,,,,53,+48,1022,1022,12.4,2.5,2.5,28.6,15.6,13.9,33.5,14.4,,+11.3,22.0,17.8,,,,,+107,+557,+115,+572,+112,+526,+116,+545,,,-100,+4.996,,+28.6,+4.998,,,,+15.6,+13.9,+52.9,+47.8,,,,,
17.56,1,10,2019-04-06 21:36:09,+40.52907,-78.64898,22,0.0,137.2,+11.8,,,,,21:36:09,+10.3,-0.3,185.7,0.0,-247,+0.1,-0.01,+1.0,99,+20,+24,0.0,30.22,+774,,,208,,,,,0,0,,,+0,,,,+1,,,-2,,,,,,,,,53,+48,1022,1022,12.4,2.5,2.5,28.6,15.6,13.9,33.5,14.4,,+11.3,22.0,17.8,,,,,+107,+557,+115,+573,+112,+526,+116,+543,,,-100,+4.996,,+28.6,+4.998,,,,+15.6,+13.9,+52.7,+47.8,,,,,
17.81,1,10,2019-04-06 21:36:09,+40.52907,-78.64898,22,0.0,137.2,+11.8,,,,,21:36:09,+10.3,-0.3,185.6,0.0,-247,+0.0,-0.01,+1.0,99,+32,+24,0.0,30.22,+774,,,208,,,,,0,0,,,+0,,,,+1,,,-2,,,,,,,,,53,+48,1021,1021,12.4,2.5,2.5,28.6,15.6,13.9,33.5,14.4,,+11.2,22.0,17.8,,,,,+107,+557,+115,+574,+112,+526,+117,+542,,,-100,+4.996,,+28.6,+4.998,,,,+15.6,+13.9,+52.7,+47.8,,,,,
18.06,1,10,2019-04-06 21:36:10,+40.52907,-78.64898,22,0.0,137.2,+11.8,,,,,21:36:09,+10.3,-0.3,185.6,0.0,-247,+0.0,-0.01,+1.0,99,+18,+24,0.0,30.22,+775,,,208,,,,,0,0,,,+0,,,,+1,,,-2,,,,,,,,,53,+48,1030,1030,12.4,2.5,2.5,28.7,15.6,13.9,33.5,14.4,,+11.2,22.0,17.8,,,,,+107,+557,+115,+574,+112,+523,+116,+543,,,-100,+4.996,,+28.7,+4.998,,,,+15.6,+13.9,+52.9,+47.8,,,,,
18.31,1,10,2019-04-06 21:36:10,+40.52907,-78.64898,22,0.0,137.2,+11.8,,,,,21:36:10,+10.3,-0.3,185.6,0.0,-247,+0.0,-0.01,+1.0,99,+5,+24,0.0,30.22,+774,,,208,,,,,0,0,,,+0,,,,+1,,,-2,,,,,,,,,53,+48,1030,1030,12.3,2.5,2.5,28.7,15.6,13.9,33.5,14.4,,+11.2,22.0,17.8,,,,,+107,+558,+115,+574,+113,+524,+117,+544,,,-100,+4.996,,+28.7,+4.998,,,,+15.6,+13.9,+53.0,+47.9,,,,,
18.56,1,10,2019-04-06 21:36:10,+40.52907,-78.64898,22,0.0,137.2,+11.8,,,,,21:36:10,+10.3,-0.3,185.6,0.0,-247,+0.0,-0.01,+0.9,99,-12,+24,0.0,30.22,+774,,,208,,,,,0,0,,,+0,,,,+1,,,-2,,,,,,,,,53,+48,1032,1032,12.3,2.5,2.5,28.7,15.6,13.9,33.5,14.4,,+11.2,22.0,17.8,,,,,+107,+559,+115,+575,+113,+525,+117,+544,,,-100,+4.996,,+28.7,+4.998,,,,+15.6,+13.9,+53.0,+47.9,,,,,
18.81,1,10,2019-04-06 21:36:10,+40.52907,-78.64898,22,0.0,137.2,+11.8,,,,,21:36:10,+10.3,-0.3,185.6,0.0,-247,+0.0,-0.01,+1.0,99,+13,+24,0.0,30.22,+774,,,208,,,,,0,0,,,+0,,,,+1,,,-2,,,,,,,,,53,+48,1031,1031,12.3,2.5,2.5,28.7,15.6,13.9,33.5,14.4,,+11.1,22.0,17.8,,,,,+107,+560,+115,+572,+112,+525,+116,+545,,,-100,+4.996,,+28.7,+4.998,,,,+15.6,+13.9,+52.9,+47.9,,,,,
19.06,1,10,2019-04-06 21:36:11,+40.52907,-78.64898,22,0.0,137.2,+11.8,,,,,21:36:10,+10.2,-0.3,185.6,0.0,-247,+0.0,-0.01,+1.0,99,+3,+24,0.0,30.22,+774,,,208,,,,,0,0,,,+0,,,,+1,,,-2,,,,,,,,,53,+48,1039,1039,12.3,2.5,2.5,28.7,15.6,13.9,33.5,14.4,,+11.1,22.0,17.8,,,,,+107,+559,+115,+571,+113,+525,+117,+545,,,-100,+4.996,,+28.7,+4.998,,,,+15.6,+13.9,+53.1,+47.9,,,,,
19.31,1,10,2019-04-06 21:36:11,+40.52907,-78.64898,22,0.0,137.2,+11.8,,,,,21:36:11,+10.2,-0.3,185.6,0.0,-247,+0.0,-0.01,+1.0,99,-20,+24,0.0,30.22,+774,,,208,,,,,0,0,,,+0,,,,+1,,,-2,,,,,,,,,53,+48,1027,1027,12.1,2.5,2.5,28.6,15.6,13.9,33.5,14.4,,+11.1,22.0,17.8,,,,,+107,+560,+115,+572,+113,+526,+117,+546,,,-100,+4.996,,+28.6,+4.998,,,,+15.6,+13.9,+53.1,+47.9,,,,,
19.56,1,10,2019-04-06 21:36:11,+40.52907,-78.64898,22,0.0,137.2,+11.8,,,,,21:36:11,+10.2,-0.3,185.6,0.0,-247,+0.0,-0.01,+1.0,99,-8,+24,0.0,30.22,+774,,,208,,,,,0,0,,,+0,,,,+1,,,-3,,,,,,,,,53,+48,1028,1028,12.1,2.5,2.5,28.6,15.6,13.9,33.5,14.4,,+11.1,22.0,17.8,,,,,+107,+561,+115,+572,+113,+525,+117,+547,,,-100,+4.996,,+28.6,+4.998,,,,+15.6,+13.9,+52.8,+47.9,,,,,
19.81,1,10,2019-04-06 21:36:11,+40.52907,-78.64898,22,0.0,137.2,+11.8,,,,,21:36:11,+10.2,-0.3,185.6,0.0,-247,+0.0,-0.01,+0.9,99,-2,+24,0.0,30.22,+774,,,208,,,,,0,0,,,+0,,,,+1,,,-3,,,,,,,,,53,+48,1022,1022,12.1,2.5,2.5,28.7,15.6,13.9,33.5,14.4,,+11.1,22.0,17.8,,,,,+107,+561,+116,+573,+113,+524,+117,+548,,,-100,+4.996,,+28.7,+4.998,,,,+15.6,+13.9,+52.8,+47.9,,,,,
20.06,1,10,2019-04-06 21:36:12,+40.52907,-78.64898,22,0.0,137.2,+11.8,,,,,21:36:11,+10.3,-0.3,185.6,0.0,-247,+0.0,-0.01,+1.0,99,-5,+24,0.0,30.22,+774,,,208,,,,,0,0,,,+0,,,,+1,,,-3,,,,,,,,,53,+48,1037,1037,12.1,2.5,2.5,28.7,15.6,13.9,33.5,14.4,,+11.0,22.0,17.8,,,,,+108,+560,+116,+573,+113,+525,+117,+549,,,-100,+4.996,,+28.7,+4.998,,,,+15.6,+13.9,+52.9,+47.9,,,,,
20.31,1,10,2019-04-06 21:36:12,+40.52907,-78.64898,22,0.0,137.2,+11.8,,,,,21:36:12,+10.3,-0.3,185.6,0.0,-247,+0.0,-0.01,+1.0,99,-7,+24,0.0,30.22,+774,,,208,,,,,0,0,,,+0,,,,+1,,,-3,,,,,,,,,53,+48,1034,1034,12.2,2.5,2.5,28.7,15.6,13.9,33.5,14.4,,+11.0,22.0,17.8,,,,,+107,+560,+116,+574,+113,+526,+117,+550,,,-100,+4.996,,+28.7,+4.998,,,,+15.6,+13.9,+53.1,+47.9,,,,,
20.56,1,10,2019-04-06 21:36:12,+40.52907,-78.64898,22,0.0,137.2,+11.8,,,,,21:36:12,+10.3,-0.3,185.6,0.0,-247,+0.0,-0.01,+1.0,99,+5,+24,0.0,30.22,+774,,,208,,,,,0,0,,,+0,,,,+1,,,-3,,,,,,,,,53,+48,1034,1034,12.2,2.5,2.5,28.6,15.6,13.9,33.5,14.4,,+11.0,22.0,17.8,,,,,+107,+561,+116,+575,+113,+526,+117,+551,,,-100,+4.996,,+28.6,+4.998,,,,+15.6,+13.9,+53.1,+47.9,,,,,
20.81,1,10,2019-04-06 21:36:12,+40.52907,-78.64898,22,0.0,137.2,+11.8,,,,,21:36:12,+10.3,-0.3,185.6,0.0,-247,+0.0,-0.01,+0.9,99,-10,+24,0.0,30.22,+774,,,208,,,,,0,0,,,+0,,,,+1,,,-3,,,,,,,,,53,+48,1022,1022,12.2,2.5,2.5,28.6,15.6,13.9,33.5,14.4,,+11.0,22.0,17.8,,,,,+108,+562,+116,+576,+113,+524,+117,+551,,,-100,+4.996,,+28.6,+4.998,,,,+15.6,+13.9,+52.8,+47.9,,,,,
21.06,1,10,2019-04-06 21:36:13,+40.52907,-78.64898,22,0.0,137.2,+11.8,,,,,21:36:12,+10.3,-0.3,185.6,0.0,-247,+0.0,-0.01,+1.0,99,-31,+24,0.0,30.22,+774,,,208,,,,,0,0,,,+0,,,,+1,,,-3,,,,,,,,,53,+48,1018,1018,12.2,2.5,2.5,28.6,15.6,13.9,33.5,14.4,,+11.0,22.0,17.8,,,,,+108,+562,+116,+576,+113,+519,+117,+552,,,-100,+4.996,,+28.6,+4.998,,,,+15.6,+13.9,+52.7,+47.9,,,,,
21.31,1,10,2019-04-06 21:36:13,+40.52907,-78.64898,22,0.0,137.2,+11.8,,,,,21:36:13,+10.3,-0.4,185.7,0.0,-247,+0.0,-0.01,+1.0,99,-42,+24,0.0,30.22,+764,,,208,,,,,0,0,,,+0,,,,+1,,,-3,,,,,,,,,53,+48,1025,1025,12.3,2.5,2.5,28.7,15.6,13.9,33.5,14.4,,+10.9,22.0,17.8,,,,,+108,+563,+116,+576,+113,+520,+117,+551,,,-100,+4.996,,+28.7,+4.998,,,,+15.6,+13.9,+52.7,+47.9,,,,,
21.56,1,10,2019-04-06 21:36:13,+40.52907,-78.64898,22,0.0,137.2,+11.8,,,,,21:36:13,+10.3,-0.4,185.6,0.0,-247,-0.0,-0.01,+1.0,99,-60,+24,0.0,30.22,+765,,,208,,,,,0,0,,,+0,,,,+1,,,-3,,,,,,,,,53,+48,1024,1024,12.3,2.5,2.5,28.7,15.6,13.9,33.5,14.4,,+10.9,22.0,17.8,,,,,+108,+563,+116,+576,+113,+521,+117,+550,,,-100,+4.996,,+28.7,+4.998,,,,+15.6,+13.9,+52.8,+47.9,,,,,
21.81,1,10,2019-04-06 21:36:13,+40.52907,-78.64898,22,0.0,137.2,+11.8,,,,,21:36:13,+10.3,-0.4,185.7,0.0,-247,-0.0,-0.01,+1.0,99,-68,+24,0.0,30.22,+765,,,208,,,,,0,0,,,+0,,,,+1,,,-3,,,,,,,,,53,+48,1025,1025,12.3,2.5,2.5,28.7,15.6,13.9,33.5,14.4,,+10.9,22.0,17.8,,,,,+108,+563,+116,+577,+113,+521,+117,+551,,,-100,+4.996,,+28.7,+4.998,,,,+15.6,+13.9,+52.8,+47.9,,,,,
22.06,1,10,2019-04-06 21:36:14,+40.52907,-78.64898,22,0.0,137.2,+11.8,,,,,21:36:13,+10.3,-0.4,185.7,0.0,-247,-0.0,-0.01,+1.0,99,-61,+24,0.0,30.22,+765,,,208,,,,,0,0,,,+0,,,,+1,,,-3,,,,,,,,,53,+48,1029,1029,12.3,2.5,2.5,28.7,15.6,13.9,33.5,14.4,,+10.9,22.0,17.8,,,,,+108,+563,+116,+578,+113,+522,+117,+551,,,-100,+4.996,,+28.7,+4.998,,,,+15.6,+13.9,+52.8,+47.9,,,,,
22.31,1,10,2019-04-06 21:36:14,+40.52907,-78.64898,22,0.0,137.2,+11.8,,,,,21:36:14,+10.3,-0.4,185.7,0.0,-248,+0.0,-0.01,+1.0,99,-71,+24,0.0,30.22,+765,,,208,,,,,0,0,,,+0,,,,+1,,,-3,,,,,,,,,53,+48,1042,1042,12.2,2.5,2.5,28.7,15.6,13.9,33.5,14.4,,+10.9,22.0,17.8,,,,,+108,+563,+116,+579,+113,+523,+117,+552,,,-100,+4.996,,+28.7,+4.998,,,,+15.6,+13.9,+53.1,+48.0,,,,,
22.56,1,10,2019-04-06 21:36:14,+40.52907,-78.64898,22,0.0,137.2,+11.8,,,,,21:36:14,+10.3,-0.4,185.7,0.0,-248,-0.0,-0.01,+1.0,99,-65,+24,0.0,30.22,+765,,,208,,,,,0,0,,,+0,,,,+1,,,-3,,,,,,,,,53,+48,1045,1045,12.2,2.5,2.5,28.7,15.6,13.9,33.5,14.4,,+10.9,22.0,17.8,,,,,+108,+563,+116,+579,+113,+524,+117,+552,,,-100,+4.996,,+28.7,+4.998,,,,+15.6,+13.9,+53.3,+48.0,,,,,
22.81,1,10,2019-04-06 21:36:14,+40.52907,-78.64898,22,0.0,137.2,+11.8,,,,,21:36:14,+10.3,-0.4,185.7,0.0,-248,+0.0,-0.01,+1.0,99,-62,+24,0.0,30.22,+765,,,208,,,,,0,0,,,+0,,,,+1,,,-3,,,,,,,,,53,+48,1031,1031,12.2,2.5,2.5,28.7,15.6,13.9,33.5,14.4,,+10.8,22.0,17.8,,,,,+108,+564,+116,+580,+113,+525,+117,+552,,,-100,+4.996,,+28.7,+4.998,,,,+15.6,+13.9,+53.1,+48.0,,,,,
23.06,1,10,2019-04-06 21:36:15,+40.52907,-78.64898,22,0.0,137.2,+11.8,,,,,21:36:14,+10.3,-0.4,185.8,0.0,-249,+0.0,-0.01,+1.0,99,-72,+24,0.0,30.22,+765,,,208,,,,,0,0,,,+0,,,,+1,,,-3,,,,,,,,,53,+48,1032,1032,12.2,2.5,2.5,28.7,15.6,13.9,33.5,14.4,,+10.8,22.0,17.8,,,,,+108,+565,+116,+580,+114,+524,+118,+553,,,-100,+4.996,,+28.7,+4.998,,,,+15.6,+13.9,+53.0,+48.0,,,,,
23.31,1,10,2019-04-06 21:36:15,+40.52907,-78.64898,22,0.0,137.2,+11.8,,,,,21:36:15,+10.3,-0.4,185.8,0.0,-249,+0.1,-0.01,+1.0,99,-70,+24,0.0,30.22,+765,,,208,,,,,0,0,,,+0,,,,+1,,,-3,,,,,,,,,53,+48,1022,1022,12.1,2.5,2.5,28.7,15.6,13.9,33.5,14.4,,+10.8,22.0,17.8,,,,,+108,+566,+117,+581,+114,+524,+118,+554,,,-100,+4.996,,+28.7,+4.998,,,,+15.6,+13.9,+52.8,+48.0,,,,,
23.56,1,10,2019-04-06 21:36:15,+40.52907,-78.64898,22,0.0,137.2,+11.8,,,,,21:36:15,+10.3,-0.4,185.7,0.0,-249,+0.1,-0.01,+1.0,99,-85,+24,0.0,30.22,+765,,,208,,,,,0,0,,,+0,,,,+1,,,-3,,,,,,,,,53,+48,1026,1026,12.1,2.5,2.5,28.7,15.6,13.9,33.5,14.4,,+10.8,22.0,17.8,,,,,+108,+566,+116,+582,+113,+524,+117,+555,,,-100,+4.996,,+28.7,+4.998,,,,+15.6,+13.9,+52.8,+48.0,,,,,
23.81,1,10,2019-04-06 21:36:15,+40.52907,-78.64898,22,0.0,137.2,+11.8,,,,,21:36:15,+10.3,-0.4,185.8,0.0,-250,+0.0,-0.01,+1.0,99,-85,+24,0.0,30.22,+765,,,208,,,,,0,0,,,+0,,,,+1,,,-3,,,,,,,,,53,+48,1037,1037,12.1,2.5,2.5,28.7,15.6,13.9,33.5,14.4,,+10.7,22.0,17.8,,,,,+108,+566,+116,+582,+113,+524,+118,+556,,,-100,+4.996,,+28.7,+4.998,,,,+15.6,+13.9,+53.0,+48.0,,,,,
24.06,1,10,2019-04-06 21:36:16,+40.52907,-78.64898,22,0.0,137.2,+11.8,,,,,21:36:15,+10.3,-0.4,185.8,0.0,-250,+0.0,-0.01,+1.0,99,-78,+24,0.0,30.22,+765,,,208,,,,,0,0,,,+0,,,,+1,,,-3,,,,,,,,,53,+48,1032,1032,12.1,2.5,2.5,28.6,15.6,13.9,33.5,14.4,,+10.7,22.0,17.8,,,,,+108,+567,+117,+582,+114,+526,+118,+556,,,-100,+4.996,,+28.6,+4.998,,,,+15.6,+13.9,+53.1,+48.0,,,,,
24.31,1,10,2019-04-06 21:36:16,+40.52907,-78.64898,22,0.0,137.2,+11.8,,,,,21:36:16,+10.3,-0.4,185.8,0.0,-250,+0.0,-0.01,+1.0,99,-62,+24,0.0,30.22,+765,,,208,,,,,0,0,,,+0,,,,+1,,,-3,,,,,,,,,53,+48,1025,1025,12.2,2.5,2.5,28.6,15.6,13.9,33.5,14.4,,+10.7,22.0,17.8,,,,,+109,+567,+117,+583,+114,+527,+118,+556,,,-100,+4.996,,+28.6,+4.998,,,,+15.6,+13.9,+52.9,+48.0,,,,,
24.56,1,10,2019-04-06 21:36:16,+40.52907,-78.64898,22,0.0,137.2,+11.8,,,,,21:36:16,+10.3,-0.4,185.8,0.0,-250,+0.1,-0.01,+1.0,99,-47,+24,0.0,30.22,+760,,,208,,,,,0,0,,,+0,,,,+1,,,-3,,,,,,,,,53,+48,1020,1020,12.2,2.5,2.5,28.6,15.6,13.9,33.5,14.4,,+10.7,22.0,17.8,,,,,+109,+568,+117,+584,+114,+529,+118,+556,,,-100,+4.996,,+28.6,+4.998,,,,+15.6,+13.9,+52.7,+48.0,,,,,
24.81,1,10,2019-04-06 21:36:16,+40.52907,-78.64898,22,0.0,137.2,+11.8,,,,,21:36:16,+10.3,-0.4,185.8,0.0,-250,+0.1,-0.01,+1.0,99,-53,+24,0.0,30.22,+760,,,208,,,,,0,0,,,+0,,,,+2,,,+16,,,,,,,,,53,+48,1028,1028,12.2,2.5,2.5,28.6,15.6,13.9,33.5,14.4,,+10.7,22.0,17.8,,,,,+109,+568,+117,+585,+114,+530,+118,+556,,,-100,+4.996,,+28.6,+4.998,,,,+15.6,+13.9,+52.7,+48.0,,,,,
25.06,1,10,2019-04-06 21:36:17,+40.52907,-78.64898,22,0.0,137.2,+11.8,,,,,21:36:16,+10.3,-0.4,185.8,0.0,-250,+0.1,-0.01,+1.0,99,-52,+24,0.0,30.22,+760,,,208,,,,,0,0,,,+0,,,,+7,,,+55,,,,,,,,,53,+48,1030,1030,12.2,2.5,2.5,28.7,15.6,13.9,33.5,14.4,,+10.6,22.0,17.8,,,,,+109,+568,+117,+585,+114,+531,+118,+557,,,-100,+4.996,,+28.7,+4.998,,,,+15.6,+13.9,+53.0,+48.0,,,,,
25.31,1,10,2019-04-06 21:36:17,+40.52907,-78.64898,22,0.0,137.2,+11.8,,,,,21:36:17,+10.3,-0.5,185.8,0.0,-250,+0.1,-0.01,+1.0,99,-10,+24,0.0,30.22,+760,,,208,,,,,0,0,,,+0,,,,+8,,,+55,,,,,,,,,53,+48,1029,1029,12.2,2.5,2.5,28.7,15.6,13.9,33.5,14.4,,+10.6,22.0,17.8,,,,,+109,+569,+117,+584,+114,+532,+118,+558,,,-100,+4.996,,+28.7,+4.998,,,,+15.6,+13.9,+52.9,+48.0,,,,,
25.56,1,10,2019-04-06 21:36:17,+40.52907,-78.64898,22,0.0,137.2,+11.8,,,,,21:36:17,+10.3,-0.5,185.8,0.0,-250,+0.1,-0.01,+1.0,99,-30,+24,0.0,30.22,+760,,,208,,,,,0,0,,,+0,,,,+8,,,+55,,,,,,,,,53,+48,1019,1019,12.2,2.5,2.5,28.7,15.6,13.9,33.5,14.4,,+10.6,22.0,17.8,,,,,+109,+570,+117,+584,+114,+531,+118,+559,,,-100,+4.996,,+28.7,+4.998,,,,+15.6,+13.9,+52.7,+48.0,,,,,
25.81,1,10,2019-04-06 21:36:17,+40.52907,-78.64898,22,0.0,137.2,+11.8,,,,,21:36:17,+10.3,-0.5,185.9,0.0,-250,+0.1,-0.01,+1.0,99,-35,+24,0.0,30.22,+760,,,208,,,,,0,0,,,+0,,,,+8,,,+55,,,,,,,,,53,+48,1018,1018,12.2,2.5,2.5,28.6,15.6,13.9,33.5,14.4,,+10.6,22.0,17.8,,,,,+109,+569,+117,+584,+114,+526,+118,+559,,,-100,+4.996,,+28.6,+4.998,,,,+15.6,+13.9,+52.7,+48.0,,,,,
26.06,1,10,2019-04-06 21:36:18,+40.52907,-78.64898,22,0.0,137.2,+11.8,,,,,21:36:17,+10.3,-0.5,185.9,0.0,-250,+0.1,-0.01,+1.0,99,-51,+24,0.0,30.22,+760,,,208,,,,,0,0,,,+0,,,,+8,,,+55,,,,,,,,,53,+48,1012,1012,12.2,2.5,2.5,28.6,15.6,13.9,33.5,14.4,,+10.6,22.0,17.8,,,,,+109,+565,+117,+584,+114,+523,+118,+559,,,-100,+4.996,,+28.6,+4.998,,,,+15.6,+13.9,+52.5,+48.0,,,,,
26.31,1,10,2019-04-06 21:36:18,+40.52907,-78.64898,22,0.0,137.2,+11.8,,,,,21:36:18,+10.3,-0.5,185.9,0.0,-252,+0.1,-0.01,+1.0,99,-64,+24,0.0,30.22,+760,,,208,,,,,0,0,,,+0,,,,+7,,,+55,,,,,,,,,53,+48,1017,1017,12.4,2.5,2.5,28.6,15.6,13.9,33.5,14.4,,+10.6,22.0,17.8,,,,,+109,+564,+117,+584,+114,+523,+118,+559,,,-100,+4.996,,+28.6,+4.998,,,,+15.6,+13.9,+52.6,+48.0,,,,,
26.56,1,10,2019-04-06 21:36:18,+40.52907,-78.64898,22,0.0,137.2,+11.8,,,,,21:36:18,+10.3,-0.5,185.9,0.0,-252,+0.1,-0.01,+1.0,99,-72,+24,0.0,30.22,+760,,,208,,,,,0,0,,,+0,,,,+6,,,+55,,,,,,,,,53,+48,1015,1015,12.4,2.5,2.5,28.6,15.6,13.9,33.5,14.4,,+10.6,22.0,17.8,,,,,+109,+566,+117,+584,+114,+523,+118,+559,,,-100,+4.996,,+28.6,+4.998,,,,+15.6,+13.9,+52.6,+48.1,,,,,
26.81,1,10,2019-04-06 21:36:18,+40.52907,-78.64898,22,0.0,137.2,+11.8,,,,,21:36:18,+10.3,-0.5,185.9,0.0,-253,+0.1,-0.01,+1.0,99,-72,+24,0.0,30.22,+760,,,208,,,,,0,0,,,+0,,,,+4,,,+55,,,,,,,,,53,+48,1025,1025,12.4,2.5,2.5,28.6,15.6,13.9,33.5,14.4,,+10.5,22.0,17.8,,,,,+109,+567,+117,+585,+114,+523,+118,+559,,,-100,+4.996,,+28.6,+4.998,,,,+15.6,+13.9,+52.6,+48.1,,,,,
27.06,1,10,2019-04-06 21:36:19,+40.52907,-78.64898,22,0.0,137.2,+11.8,,,,,21:36:18,+10.3,-0.5,185.9,0.0,-253,+0.1,-0.01,+1.0,99,-90,+24,0.0,30.22,+760,,,208,,,,,0,0,,,+0,,,,+4,,,+55,,,,,,,,,54,+48,1096,1096,13.3,2.6,2.6,28.5,15.6,13.9,33.5,14.4,,+10.5,22.0,17.8,,,,,+109,+568,+117,+586,+114,+523,+118,+560,,,-100,+4.996,,+28.5,+4.998,,,,+15.6,+13.9,+53.6,+48.1,,,,,
27.31,1,10,2019-04-06 21:36:19,+40.52907,-78.64898,22,0.0,137.2,+11.8,,,,,21:36:19,+10.3,-0.5,186.0,0.0,-253,+0.1,-0.01,+1.0,99,-77,+24,0.0,30.22,+760,,,208,,,,,0,0,,,+0,,,,+4,,,+55,,,,,,,,,56,+48,1229,1229,15.3,2.6,2.6,28.2,15.6,13.9,33.5,14.4,,+10.5,22.0,17.8,,,,,+110,+570,+118,+587,+115,+525,+119,+561,,,-100,+4.996,,+28.2,+4.998,,,,+15.6,+13.9,+55.9,+48.1,,,,,
27.56,1,10,2019-04-06 21:36:19,+40.52907,-78.64898,22,0.0,137.2,+11.8,,,,,21:36:19,+10.4,-0.5,186.2,0.0,-253,+0.2,-0.00,+1.0,99,-65,+24,0.0,30.22,+756,,,208,,,,,0,0,,,+0,,,,+3,,,+55,,,,,,,,,59,+48,1396,1396,17.2,2.9,2.9,28.3,15.6,13.9,33.5,14.4,,+10.5,22.0,17.8,,,,,+109,+573,+117,+589,+114,+527,+119,+561,,,-100,+4.996,,+28.3,+4.998,,,,+15.6,+13.9,+59.3,+48.1,,,0,R,
27.81,1,10,2019-04-06 21:36:19,+40.52907,-78.64898,22,0.0,137.2,+11.8,,,,,21:36:19,+10.4,-0.4,186.5,0.0,-253,+0.4,-0.00,+1.0,99,-48,+24,0.0,30.22,+756,,,208,,,,,0,0,,,+0,,,,+2,,,+55,,,,,,,,,63,+48,1566,1566,18.8,2.9,2.9,28.3,15.6,13.9,33.5,14.4,,+10.5,22.0,17.8,,,,,+109,+576,+117,+591,+114,+530,+119,+563,,,-100,+4.996,,+28.3,+4.998,,,,+15.6,+13.9,+63.4,+48.1,,,0,L,
28.06,1,10,2019-04-06 21:36:20,+40.52907,-78.64898,22,0.0,137.2,+11.8,,,,,21:36:19,+10.5,-0.4,187.0,0.0,-253,+0.6,-0.01,+1.0,99,-20,+24,0.0,30.22,+756,,,208,,,,,0,0,,,+0,,,,-3,,,+55,,,,,,,,,67,+48,1681,1681,19.4,3.3,3.3,28.3,15.6,13.9,33.5,14.4,,+10.6,22.0,17.8,,,,,+109,+579,+118,+594,+114,+536,+119,+567,,,-100,+4.996,,+28.3,+4.998,,,,+15.6,+13.9,+66.6,+48.1,,,5,L,
28.31,1,10,2019-04-06 21:36:20,+40.52907,-78.64898,22,0.0,137.2,+11.8,,,,,21:36:20,+10.4,-0.5,187.1,0.0,-253,+0.8,-0.03,+1.0,99,+6,+24,0.0,30.22,+756,,,208,,,,,0,0,,,+0,,,,-3,,,+55,,,,,,,,,69,+48,1768,1768,19.4,3.3,3.3,28.2,15.6,13.9,33.5,14.4,,+10.6,22.0,17.8,,,,,+110,+583,+118,+596,+115,+542,+119,+573,,,-100,+4.996,,+28.2,+4.998,,,,+15.6,+13.9,+68.6,+48.1,,,10,L,
28.56,1,10,2019-04-06 21:36:20,+40.52907,-78.64898,22,0.0,137.2,+11.8,,,,,21:36:20,+10.4,-0.8,186.6,0.0,-253,+0.6,-0.03,+1.1,99,-3,+24,0.0,30.22,+756,,,208,,,,,0,0,,,+0,,,,-3,,,+55,,,,,,,,,71,+48,1843,1843,19.4,3.7,3.7,28.3,15.6,13.9,33.5,14.4,,+10.6,22.0,17.8,,,,,+110,+587,+118,+600,+115,+548,+119,+578,,,-100,+4.996,,+28.3,+4.998,,,,+15.6,+13.9,+70.9,+48.1,,,14,L,
28.81,1,10,2019-04-06 21:36:20,+40.52907,-78.64898,22,0.0,137.2,+11.8,,,,,21:36:20,+10.4,-0.9,186.0,0.0,-253,+0.1,-0.04,+1.0,99,-9,+24,0.0,30.22,+756,,,208,,,,,0,0,,,+0,,,,-3,,,+55,,,,,,,,,72,+48,1901,1901,19.1,3.7,3.7,28.3,15.6,13.9,33.5,14.4,,+10.6,22.0,17.8,,,,,+110,+592,+118,+605,+115,+555,+119,+583,,,-100,+4.996,,+28.3,+4.998,,,,+15.6,+13.9,+72.4,+48.2,,,18,L,
29.06,1,10,2019-04-06 21:36:21,+40.52907,-78.64898,22,0.0,137.2,+11.8,,,,,21:36:20,+10.6,-1.4,184.6,0.0,-253,-0.8,-0.06,+1.0,99,+3,+24,0.0,30.22,+756,,,208,,,,,0,0,,,+0,,,,-3,,,+55,,,,,,,,,74,+48,1975,1975,20.1,4.3,4.3,27.9,15.6,13.9,33.5,14.4,,+10.7,22.0,17.8,,,,,+110,+597,+118,+610,+115,+561,+119,+588,,,-100,+4.996,,+27.9,+4.998,,,,+15.6,+13.9,+74.2,+48.2,,,21,L,
29.31,1,10,2019-04-06 21:36:21,+40.52907,-78.64898,22,0.0,137.2,+11.8,,,,,21:36:21,+10.8,-1.5,182.4,0.0,-253,-2.0,-0.07,+0.9,99,+48,+24,0.0,30.22,+756,,,208,,,,,0,0,,,+0,,,,-2,,,+55,,,,,,,,,77,+48,2119,2119,22.3,4.3,4.3,27.9,15.6,13.9,33.5,14.4,,+10.7,22.0,17.8,,,,,+110,+604,+119,+616,+115,+568,+119,+593,,,-100,+4.996,,+27.9,+4.998,,,,+15.6,+13.9,+77.3,+48.2,,,24,L,
29.56,1,10,2019-04-06 21:36:21,+40.52907,-78.64898,22,0.0,137.2,+11.8,,,,,21:36:21,+11.1,-1.6,179.2,0.0,-253,-3.7,-0.09,+0.9,99,+78,+24,0.0,30.22,+756,,,208,,,,,0,0,,,+0,,,,-1,,,+55,,,,,,,,,81,+48,2211,2211,23.1,4.9,4.9,28.2,15.6,13.9,33.5,14.4,,+10.7,22.0,17.8,,,,,+110,+612,+119,+622,+116,+575,+120,+599,,,-100,+4.996,,+28.2,+4.998,,,,+15.6,+13.9,+80.9,+48.3,,,27,L,
29.81,1,10,2019-04-06 21:36:21,+40.52907,-78.64898,22,0.0,137.2,+11.8,,,,,21:36:21,+11.3,-1.4,174.0,0.0,-253,-6.2,-0.10,+1.0,99,+97,+24,0.0,30.22,+756,,,208,,,,,0,0,,,+0,,,,-2,,,+50,,,,,,,,,80,+48,2138,2138,21.1,4.9,4.9,28.6,15.6,13.9,33.5,14.4,,+10.7,22.0,17.8,,,,,+110,+617,+119,+626,+116,+580,+120,+604,,,-100,+4.996,,+28.6,+4.998,,,,+15.6,+13.9,+79.7,+48.3,,,30,L,
30.06,1,10,2019-04-06 21:36:22,+40.52907,-78.64898,22,0.1,137.2,+11.8,,,,,21:36:21,+11.3,-1.6,167.6,19.7,-253,-9.5,-0.06,+1.1,99,+92,+24,20.0,30.22,+756,,,208,,,,,0,0,,,+0,,,,+1,,,+50,,,,,,,,,78,+48,2061,2061,18.8,5.1,5.1,28.6,15.6,13.9,33.5,14.4,,+10.8,22.0,17.8,,,,,+111,+619,+120,+626,+116,+581,+120,+605,,,-100,+4.996,,+28.6,+4.998,,,,+15.6,+13.9,+77.6,+48.3,,,32,P,
30.31,1,10,2019-04-06 21:36:22,+40.52907,-78.64898,22,0.2,137.2,+11.8,,,,,21:36:22,+11.7,-3.5,160.5,21.0,-253,-13.0,-0.01,+0.9,99,+93,+24,21.3,30.22,+756,,,208,,,,,0,0,,,+0,,,,+6,,,+48,,,,,,,,,76,+48,2015,2015,17.8,5.1,5.1,28.6,15.6,13.9,33.5,14.4,,+10.8,22.0,17.8,,,,,+110,+620,+120,+627,+116,+582,+120,+607,,,-100,+4.996,,+28.6,+4.998,,,,+15.6,+13.9,+76.2,+48.3,,,33,R,
30.56,1,10,2019-04-06 21:36:22,+40.52907,-78.64898,22,0.3,137.2,+11.8,,,,,21:36:22,+11.9,-3.6,153.6,21.1,-253,-16.2,+0.01,+1.0,99,+77,+24,21.3,30.22,+756,,,208,,,,,0,0,,,+0,,,,+3,,,+46,,,,,,,,,75,+48,1985,1985,17.3,5.2,5.2,28.5,15.6,13.9,33.5,14.4,,+10.8,22.0,17.8,,,,,+111,+622,+120,+628,+116,+584,+120,+608,,,-100,+4.996,,+28.5,+4.998,,,,+15.6,+13.9,+75.3,+48.3,,,33,R,
30.81,1,9,2019-04-06 21:36:22,+40.52907,-78.64898,22,0.7,137.2,+11.8,,,,,21:36:22,+11.9,-3.8,146.4,20.7,-253,-18.9,+0.03,+0.9,99,+58,+24,21.0,30.22,+756,,,208,,,,,0,0,,,+0,,,,+4,,,+43,,,,,,,,,75,+48,1964,1964,17.0,5.2,5.2,28.5,15.6,13.9,33.5,14.4,,+10.8,22.0,17.8,,,,,+111,+624,+120,+628,+116,+586,+120,+609,,,-100,+4.996,,+28.5,+4.998,,,,+15.6,+13.9,+74.6,+48.3,,,32,R,
31.06,1,10,2019-04-06 21:36:23,+40.52906,-78.64898,22,2.0,137.2,+11.8,,,,,21:36:22,+11.8,-3.6,139.2,0.0,-253,-21.2,+0.07,+0.9,99,+18,+24,0.0,30.22,+756,,,208,,,,,0,0,,,+0,,,,+8,,,+34,,,,,,,,,74,+48,1953,1953,17.0,5.4,5.4,28.5,15.6,13.9,33.5,14.4,,+10.8,22.0,17.8,,,,,+111,+626,+120,+629,+116,+588,+120,+611,,,-100,+4.996,,+28.5,+4.998,,,,+15.6,+13.9,+74.1,+48.4,,,32,R,
31.31,1,10,2019-04-06 21:36:23,+40.52906,-78.64898,22,3.4,137.2,+11.8,,,,,21:36:23,+11.8,-2.2,132.8,0.0,-253,-22.7,+0.13,+0.6,99,-5,+24,0.0,30.22,+756,,,208,,,,,0,0,,,+0,,,,+10,,,+32,,,,,,,,,74,+48,1907,1907,16.4,5.4,5.4,28.6,15.6,13.9,33.5,14.4,,+10.8,22.0,17.8,,,,,+111,+627,+120,+630,+117,+591,+120,+612,,,-100,+4.996,,+28.6,+4.998,,,,+15.6,+13.9,+73.6,+48.4,,,30,R,
31.56,1,9,2019-04-06 21:36:23,+40.52906,-78.64898,23,3.8,134.7,+11.8,,,,,21:36:23,+11.9,-2.1,127.0,0.0,-253,-23.3,+0.14,+1.3,99,-61,+24,0.0,30.22,+756,,,208,,,,,0,0,,,+0,,,,+12,,,+31,,,,,,,,,71,+48,1792,1792,14.9,5.3,5.3,28.8,15.6,13.9,33.5,14.4,,+10.7,22.0,17.8,,,,,+111,+629,+121,+632,+117,+592,+120,+613,,,-100,+4.996,,+28.8,+4.998,,,,+15.6,+13.9,+71.1,+48.4,,,28,R,
31.81,1,10,2019-04-06 21:36:23,+40.52906,-78.64897,22,4.3,130.0,+11.8,,,,,21:36:23,+11.7,-1.7,121.8,0.0,-253,-23.3,+0.15,+1.0,99,-88,+24,0.0,30.22,+756,,,208,,,,,0,0,,,+0,,,,+12,,,+31,,,,,,,,,69,+48,1713,1713,14.1,5.3,5.3,28.7,15.6,13.9,33.5,14.4,,+10.7,22.0,17.8,,,,,+111,+631,+121,+634,+117,+593,+120,+615,,,-100,+4.996,,+28.7,+4.998,,,,+15.6,+13.9,+68.5,+48.4,,,,,
32.06,1,10,2019-04-06 21:36:24,+40.52905,-78.64896,22,4.7,127.2,+11.8,,,,,21:36:23,+11.3,-1.5,117.1,0.0,-253,-22.8,+0.15,+0.7,99,-124,+24,0.0,30.22,+756,,,208,,,,,0,0,,,+0,,,,+13,,,+31,,,,,,,,,67,+48,1665,1665,13.8,5.3,5.3,28.6,15.6,13.9,33.5,14.4,,+10.7,22.0,17.8,,,,,+112,+632,+121,+636,+117,+593,+121,+616,,,-100,+4.996,,+28.6,+4.998,,,,+15.6,+13.9,+67.1,+48.4,,,,,
32.31,1,10,2019-04-06 21:36:24,+40.52905,-78.64894,22,5.7,121.7,+11.8,,,,,21:36:24,+11.3,-1.5,113.0,0.0,-254,-22.0,+0.17,+0.9,99,-105,+24,0.0,30.22,+756,,,208,,,,,0,0,,,+0,,,,+14,,,+34,,,,,,,,,66,+48,1630,1630,13.8,5.3,5.3,28.5,15.6,13.9,33.5,14.4,,+10.7,22.0,17.8,,,,,+112,+633,+121,+636,+117,+594,+121,+616,,,-100,+4.996,,+28.5,+4.998,,,,+15.6,+13.9,+65.9,+48.4,,,,,
32.56,1,10,2019-04-06 21:36:24,+40.52905,-78.64894,22,5.8,119.6,+11.8,,,,,21:36:24,+11.7,-2.6,109.5,0.0,-255,-20.8,+0.13,+1.2,99,-136,+24,0.0,30.22,+754,,,208,,,,,0,0,,,+0,,,,+14,,,+34,,,,,,,,,65,+48,1608,1608,13.8,5.2,5.2,28.5,15.6,13.9,33.5,14.4,,+10.7,22.0,17.8,,,,,+112,+634,+122,+636,+117,+593,+121,+616,,,-100,+4.996,,+28.5,+4.998,,,,+15.6,+13.9,+65.3,+48.4,,,,,
32.81,1,10,2019-04-06 21:36:24,+40.52904,-78.64894,22,6.1,117.6,+11.8,,,,,21:36:24,+11.5,-2.0,106.5,0.0,-256,-19.4,+0.11,+1.5,99,-114,+24,0.0,30.22,+753,,,208,,,,,0,0,,,+0,,,,+11,,,+29,,,,,,,,,65,+48,1592,1592,13.8,5.2,5.2,28.4,15.6,13.9,33.5,14.4,,+10.6,22.0,17.8,,,,,+112,+634,+122,+636,+118,+593,+121,+617,,,-100,+4.996,,+28.4,+4.998,,,,+15.6,+13.9,+65.0,+48.4,,,,,
33.06,1,9,2019-04-06 21:36:25,+40.52904,-78.64893,22,6.2,106.4,+11.8,,,,,21:36:24,+11.2,-2.6,103.7,0.0,-256,-17.9,+0.11,+0.8,99,-118,+24,0.0,30.22,+753,,,208,,,,,0,0,,,+0,,,,+12,,,+28,,,,,,,,,64,+48,1579,1579,13.8,5.1,5.1,28.5,15.6,13.9,33.5,14.4,,+10.6,22.0,17.8,,,,,+112,+635,+122,+636,+118,+594,+121,+617,,,-100,+4.996,,+28.5,+4.998,,,,+15.6,+13.9,+64.4,+48.5,,,,,
33.31,1,9,2019-04-06 21:36:25,+40.52904,-78.64891,22,6.2,101.2,+11.8,,,,,21:36:25,+11.2,-2.4,101.0,0.0,-256,-16.6,+0.08,+1.4,99,-120,+24,0.0,30.22,+753,,,208,,,,,0,0,,,+0,,,,+11,,,+23,,,,,,,,,64,+48,1580,1580,14.0,5.1,5.1,28.5,15.6,13.9,33.5,14.4,,+10.6,22.0,17.8,,,,,+112,+635,+122,+637,+118,+595,+121,+617,,,-100,+4.996,,+28.5,+4.998,,,,+15.6,+13.9,+64.3,+48.5,,,,,
33.56,1,9,2019-04-06 21:36:25,+40.52904,-78.64891,22,6.2,99.2,+11.8,,,,,21:36:25,+11.1,-3.2,97.8,0.0,-258,-15.6,+0.04,+1.0,99,-148,+24,0.0,30.22,+751,,,208,,,,,0,0,,,+0,,,,+11,,,+19,,,,,,,,,64,+48,1581,1581,14.0,5.0,5.0,28.4,15.6,13.9,33.5,14.4,,+10.6,22.0,17.8,,,,,+112,+635,+122,+637,+118,+595,+121,+617,,,-100,+4.996,,+28.4,+4.998,,,,+15.6,+13.9,+64.5,+48.5,,,,,
33.81,1,9,2019-04-06 21:36:25,+40.52904,-78.64889,22,6.2,98.2,+11.8,,,,,21:36:25,+10.8,-2.9,94.6,0.0,-258,-15.1,+0.07,+0.8,99,-134,+24,0.0,30.22,+751,,,208,,,,,0,0,,,+0,,,,+11,,,+18,,,,,,,,,65,+49,1586,1586,14.0,5.0,5.0,28.4,15.6,13.9,33.5,14.4,,+10.5,22.0,17.8,,,,,+112,+636,+122,+638,+118,+595,+121,+617,,,-100,+4.996,,+28.4,+4.998,,,,+15.6,+13.9,+64.5,+48.5,,,,,
34.06,1,9,2019-04-06 21:36:26,+40.52904,-78.64889,22,6.0,94.5,+11.8,,,,,21:36:25,+10.6,-1.7,91.7,0.0,-258,-14.6,+0.05,+1.1,99,-130,+24,0.0,30.22,+750,,,208,,,,,0,0,,,+0,,,,+10,,,+11,,,,,,,,,65,+49,1590,1590,14.0,5.0,5.0,28.4,15.6,13.9,33.5,14.4,,+10.5,22.0,17.8,,,,,+113,+637,+122,+638,+118,+595,+121,+618,,,-100,+4.996,,+28.4,+4.998,,,,+15.6,+13.9,+64.8,+48.5,,,,,
34.31,1,9,2019-04-06 21:36:26,+40.52904,-78.64888,22,5.8,89.1,+11.8,,,,,21:36:26,+10.6,-2.1,88.4,0.0,-259,-14.2,+0.08,+1.0,99,-138,+24,0.0,30.22,+749,,,208,,,,,0,0,,,+0,,,,+10,,,+7,,,,,,,,,65,+49,1594,1594,14.0,5.0,5.0,28.4,15.6,13.9,33.5,14.4,,+10.5,22.0,17.8,,,,,+113,+637,+122,+639,+118,+595,+121,+619,,,-100,+4.996,,+28.4,+4.998,,,,+15.6,+13.9,+64.7,+48.5,,,,,
34.56,1,9,2019-04-06 21:36:26,+40.52904,-78.64887,22,5.7,83.9,+11.8,,,,,21:36:26,+10.4,-1.9,85.5,0.0,-259,-13.9,+0.04,+0.7,99,-131,+24,0.0,30.22,+749,,,208,,,,,0,0,,,+0,,,,+10,,,+5,,,,,,,,,65,+49,1586,1586,14.0,4.9,4.9,28.5,15.6,13.9,33.5,14.4,,+10.5,22.0,17.8,,,,,+113,+637,+122,+639,+118,+596,+121,+620,,,-100,+4.996,,+28.5,+4.998,,,,+15.6,+13.9,+64.9,+48.5,,,,,
34.81,1,9,2019-04-06 21:36:26,+40.52904,-78.64886,22,5.4,83.9,+11.8,,,,,21:36:26,+10.6,-1.1,82.1,0.0,-259,-13.7,+0.06,+1.4,99,-112,+24,0.0,30.22,+749,,,208,,,,,0,0,,,+0,,,,+7,,,+5,,,,,,,,,64,+49,1531,1531,13.5,4.9,4.9,28.6,15.6,13.9,33.5,14.4,,+10.5,22.0,17.8,,,,,+113,+637,+122,+639,+118,+597,+122,+621,,,-100,+4.996,,+28.6,+4.998,,,,+15.6,+13.9,+63.7,+48.5,,,,,
35.06,1,9,2019-04-06 21:36:27,+40.52904,-78.64885,22,5.3,81.3,+11.8,,,,,21:36:26,+10.2,-1.5,78.6,0.0,-259,-13.8,+0.05,+0.8,99,-108,+24,0.0,30.22,+749,,,208,,,,,0,0,,,+0,,,,+7,,,+6,,,,,,,,,63,+49,1487,1487,12.9,4.8,4.8,28.6,15.6,13.9,33.5,14.4,,+10.4,22.0,17.8,,,,,+113,+637,+122,+640,+118,+597,+122,+621,,,-100,+4.996,,+28.6,+4.998,,,,+15.6,+13.9,+62.6,+48.5,,,,,
35.31,1,9,2019-04-06 21:36:27,+40.52904,-78.64884,22,5.1,75.3,+11.8,,,,,21:36:27,+9.5,-1.1,74.8,0.0,-259,-14.1,+0.06,+0.5,99,-95,+24,0.0,30.22,+749,,,208,,,,,0,0,,,+0,,,,+7,,,+6,,,,,,,,,62,+49,1435,1435,12.7,4.8,4.8,28.5,15.6,13.9,33.5,14.4,,+10.4,22.0,17.8,,,,,+113,+637,+122,+642,+118,+597,+122,+622,,,-100,+4.996,,+28.5,+4.998,,,,+15.6,+13.9,+61.7,+48.5,,,,,
35.56,1,9,2019-04-06 21:36:27,+40.52905,-78.64883,22,4.9,75.6,+11.8,,,,,21:36:27,+10.0,-1.9,71.0,0.0,-260,-14.4,+0.07,+1.3,99,-106,+24,0.0,30.22,+748,,,208,,,,,0,0,,,+0,,,,+8,,,+7,,,,,,,,,60,+49,1395,1395,12.7,4.7,4.7,28.5,15.6,13.9,33.5,14.4,,+10.4,22.0,17.8,,,,,+113,+638,+123,+642,+118,+598,+122,+622,,,-100,+4.996,,+28.5,+4.998,,,,+15.6,+13.9,+60.4,+48.6,,,,,
35.81,1,9,2019-04-06 21:36:27,+40.52905,-78.64883,23,4.7,75.9,+11.8,,,,,21:36:27,+9.9,-0.0,68.2,0.0,-261,-14.4,+0.07,+0.9,99,-111,+24,0.0,30.22,+746,,,208,,,,,0,0,,,+0,,,,+8,,,+6,,,,,,,,,60,+49,1376,1376,12.7,4.7,4.7,28.5,15.6,13.9,33.5,14.4,,+10.3,22.0,17.8,,,,,+113,+639,+123,+642,+119,+599,+122,+623,,,-100,+4.996,,+28.5,+4.998,,,,+15.6,+13.9,+60.1,+48.6,,,,,
36.06,1,9,2019-04-06 21:36:28,+40.52905,-78.64882,22,4.5,79.5,+11.8,,,,,21:36:27,+9.8,-1.0,65.7,0.0,-262,-13.8,+0.08,+0.9,99,-121,+24,0.0,30.22,+745,,,208,,,,,0,0,,,+0,,,,+8,,,+5,,,,,,,,,60,+49,1366,1366,12.8,4.6,4.6,28.5,15.6,13.9,33.5,14.4,,+10.3,22.0,17.8,,,,,+113,+638,+123,+642,+119,+599,+122,+623,,,-100,+4.996,,+28.5,+4.998,,,,+15.6,+13.9,+59.6,+48.6,,,,,
36.31,1,9,2019-04-06 21:36:28,+40.52905,-78.64882,22,3.8,70.6,+11.8,,,,,21:36:28,+9.6,+0.0,63.9,0.0,-262,-12.9,+0.05,+1.0,99,-110,+24,0.0,30.22,+744,,,208,,,,,0,0,,,+0,,,,+8,,,+4,,,,,,,,,60,+49,1359,1359,12.9,4.6,4.6,28.5,15.6,13.9,33.5,14.4,,+10.3,22.0,17.8,,,,,+113,+638,+123,+642,+119,+600,+122,+624,,,-100,+4.996,,+28.5,+4.998,,,,+15.6,+13.9,+59.6,+48.6,,,,,
36.56,1,9,2019-04-06 21:36:28,+40.52905,-78.64881,22,3.7,67.0,+11.8,,,,,21:36:28,+9.5,-0.7,61.8,0.0,-262,-12.1,+0.07,+1.3,99,-95,+24,0.0,30.22,+744,,,208,,,,,0,0,,,+0,,,,+8,,,+2,,,,,,,,,59,+49,1345,1345,13.1,4.4,4.4,28.5,15.6,13.9,33.5,14.4,,+10.3,22.0,17.8,,,,,+114,+638,+123,+643,+119,+600,+122,+623,,,-100,+4.996,,+28.5,+4.998,,,,+15.6,+13.9,+59.2,+48.6,,,,,
36.81,1,9,2019-04-06 21:36:28,+40.52906,-78.64881,22,3.4,63.8,+11.8,,,,,21:36:28,+9.1,-0.1,60.7,0.0,-262,-11.0,+0.06,+0.8,99,-92,+24,0.0,30.22,+744,,,208,,,,,0,0,,,+0,,,,+8,,,-8,,,,,,,,,59,+49,1345,1345,13.2,4.4,4.4,28.5,15.6,13.9,33.5,14.4,,+10.2,22.0,17.8,,,,,+114,+637,+123,+643,+119,+599,+122,+621,,,-100,+4.996,,+28.5,+4.998,,,,+15.6,+13.9,+59.3,+48.6,,,,,
37.06,1,10,2019-04-06 21:36:29,+40.52906,-78.64880,21,3.0,62.2,+11.8,,,,,21:36:28,+9.4,-0.8,59.7,0.0,-262,-9.8,+0.05,+0.9,99,-74,+24,0.0,30.22,+744,,,208,,,,,0,0,,,+0,,,,+8,,,-10,,,,,,,,,59,+49,1340,1340,13.2,4.3,4.3,28.5,15.6,13.9,33.5,14.4,,+10.2,22.0,17.8,,,,,+114,+637,+123,+643,+119,+600,+122,+620,,,-100,+4.996,,+28.5,+4.998,,,,+15.6,+13.9,+58.9,+48.6,,,,,
37.31,1,10,2019-04-06 21:36:29,+40.52906,-78.64880,21,2.1,64.5,+11.8,,,,,21:36:29,+9.3,-0.9,59.2,0.0,-262,-8.5,+0.04,+1.1,99,-70,+24,0.0,30.22,+744,,,208,,,,,0,0,,,+0,,,,+8,,,-11,,,,,,,,,59,+49,1331,1331,13.3,4.3,4.3,28.5,15.6,13.9,33.5,14.4,,+10.2,22.0,17.8,,,,,+114,+638,+123,+643,+119,+601,+122,+620,,,-100,+4.996,,+28.5,+4.998,,,,+15.6,+13.9,+59.0,+48.6,,,,,
37.56,1,10,2019-04-06 21:36:29,+40.52906,-78.64880,21,1.2,66.8,+11.8,,,,,21:36:29,+9.4,-0.9,59.2,0.0,-262,-7.2,+0.04,+1.0,99,-72,+24,0.0,30.22,+744,,,208,,,,,0,0,,,+0,,,,+8,,,-11,,,,,,,,,59,+49,1340,1340,13.3,4.3,4.3,28.5,15.6,13.9,33.5,14.4,,+10.2,22.0,17.8,,,,,+114,+638,+123,+642,+119,+601,+123,+621,,,-100,+4.996,,+28.5,+4.998,,,,+15.6,+13.9,+59.0,+48.6,,,,,
37.81,1,10,2019-04-06 21:36:29,+40.52906,-78.64879,21,0.9,67.4,+11.8,,,,,21:36:29,+9.6,-0.9,59.3,0.0,-262,-5.7,+0.01,+1.0,99,-64,+24,0.0,30.22,+744,,,208,,,,,0,0,,,+0,,,,+8,,,-11,,,,,,,,,59,+49,1347,1347,13.3,4.3,4.3,28.5,15.6,13.9,33.5,14.4,,+10.2,22.0,17.8,,,,,+114,+637,+123,+642,+119,+601,+122,+620,,,-100,+4.996,,+28.5,+4.998,,,,+15.6,+13.9,+59.1,+48.6,,,,,
38.06,1,9,2019-04-06 21:36:30,+40.52906,-78.64879,21,0.7,67.4,+11.8,,,,,21:36:29,+9.6,-0.8,59.4,0.0,-262,-4.5,+0.02,+1.0,99,-56,+24,0.0,30.22,+744,,,208,,,,,0,0,,,+0,,,,+8,,,-12,,,,,,,,,60,+49,1360,1360,13.3,4.2,4.2,28.6,15.6,13.9,33.5,14.4,,+10.1,22.0,17.8,,,,,+114,+636,+123,+641,+119,+601,+123,+621,,,-100,+4.996,,+28.6,+4.998,,,,+15.6,+13.9,+59.5,+48.6,,,,,
38.31,1,9,2019-04-06 21:36:30,+40.52906,-78.64879,21,0.5,67.4,+11.8,,,,,21:36:30,+9.7,-0.8,59.5,0.0,-263,-3.5,-0.00,+0.9,99,-62,+24,0.0,30.22,+743,,,208,,,,,0,0,,,+0,,,,+8,,,-12,,,,,,,,,60,+49,1367,1367,13.3,4.2,4.2,28.6,15.6,13.9,33.5,14.4,,+10.1,22.0,17.8,,,,,+114,+637,+123,+641,+119,+601,+123,+621,,,-100,+4.996,,+28.6,+4.998,,,,+15.6,+13.9,+59.6,+48.6,,,,,
38.56,1,9,2019-04-06 21:36:30,+40.52906,-78.64879,21,0.4,67.4,+11.8,,,,,21:36:30,+9.7,-0.8,59.6,0.0,-263,-2.7,+0.00,+1.0,99,-60,+24,0.0,30.22,+743,,,208,,,,,0,0,,,+0,,,,+8,,,-13,,,,,,,,,60,+49,1369,1369,13.3,4.2,4.2,28.6,15.6,13.9,33.5,14.4,,+10.1,22.0,17.8,,,,,+114,+637,+123,+640,+119,+601,+123,+621,,,-100,+4.996,,+28.6,+4.998,,,,+15.6,+13.9,+59.7,+48.6,,,,,
38.81,1,9,2019-04-06 21:36:30,+40.52906,-78.64879,21,0.4,67.4,+11.8,,,,,21:36:30,+9.7,-0.8,59.7,0.0,-263,-2.1,-0.00,+1.1,99,-43,+24,0.0,30.22,+743,,,208,,,,,0,0,,,+0,,,,+8,,,-13,,,,,,,,,60,+49,1349,1349,13.2,4.2,4.2,28.6,15.6,13.9,33.5,14.4,,+10.1,22.0,17.8,,,,,+114,+637,+124,+640,+119,+601,+123,+621,,,-100,+4.996,,+28.6,+4.998,,,,+15.6,+13.9,+59.6,+48.6,,,,,
39.06,1,9,2019-04-06 21:36:31,+40.52906,-78.64879,21,0.3,67.4,+11.8,,,,,21:36:30,+9.7,-0.7,59.7,0.0,-263,-1.6,-0.00,+1.0,99,-38,+24,0.0,30.22,+743,,,208,,,,,0,0,,,+0,,,,+8,,,-13,,,,,,,,,59,+49,1293,1293,12.5,4.0,4.0,28.7,15.6,13.9,33.5,14.4,,+10.1,22.0,17.8,,,,,+114,+636,+124,+640,+119,+602,+123,+622,,,-100,+4.996,,+28.7,+4.998,,,,+15.6,+13.9,+58.7,+48.6,,,,,
39.31,1,9,2019-04-06 21:36:31,+40.52906,-78.64879,21,0.2,67.4,+11.8,,,,,21:36:31,+9.7,-0.7,59.8,0.0,-263,-1.3,-0.01,+0.9,99,-29,+24,0.0,30.22,+743,,,208,,,,,0,0,,,+0,,,,+8,,,-14,,,,,,,,,57,+49,1239,1239,11.9,4.0,4.0,28.7,15.6,13.9,33.5,14.4,,+10.1,22.0,17.8,,,,,+115,+637,+124,+642,+120,+604,+123,+623,,,-100,+4.996,,+28.7,+4.998,,,,+15.6,+13.9,+57.4,+48.6,,,,,
39.56,1,9,2019-04-06 21:36:31,+40.52906,-78.64879,21,0.2,67.4,+11.8,,,,,21:36:31,+9.7,-0.7,59.9,0.0,-263,-1.0,-0.00,+1.0,99,-41,+24,0.0,30.22,+743,,,208,,,,,0,0,,,+0,,,,+8,,,-14,,,,,,,,,57,+49,1210,1210,11.5,3.9,3.9,28.7,15.6,13.9,33.5,14.4,,+10.0,22.0,17.8,,,,,+114,+637,+124,+643,+120,+606,+123,+624,,,-100,+4.996,,+28.7,+4.998,,,,+15.6,+13.9,+56.8,+48.7,,,,,
39.81,1,9,2019-04-06 21:36:31,+40.52906,-78.64879,21,0.1,67.4,+11.8,,,,,21:36:31,+9.7,-0.7,60.0,0.0,-263,-0.8,-0.00,+1.0,99,-44,+24,0.0,30.22,+743,,,208,,,,,0,0,,,+0,,,,+8,,,-14,,,,,,,,,56,+49,1181,1181,11.4,3.9,3.9,28.7,15.6,13.9,33.5,14.4,,+10.0,22.0,17.8,,,,,+115,+636,+124,+642,+120,+606,+123,+624,,,-100,+4.996,,+28.7,+4.998,,,,+15.6,+13.9,+56.4,+48.7,,,,,
40.06,1,9,2019-04-06 21:36:32,+40.52906,-78.64879,21,0.1,67.4,+11.8,,,,,21:36:31,+9.8,-0.7,60.0,0.0,-264,-0.6,-0.00,+1.0,99,-68,+24,0.0,30.22,+742,,,208,,,,,0,0,,,+0,,,,+8,,,-14,,,,,,,,,56,+49,1142,1142,11.4,3.7,3.7,28.6,15.6,13.9,33.5,14.4,,+10.0,22.0,17.8,,,,,+115,+635,+124,+642,+120,+606,+123,+625,,,-100,+4.996,,+28.6,+4.998,,,,+15.6,+13.9,+55.6,+48.7,,,,,
40.31,1,9,2019-04-06 21:36:32,+40.52906,-78.64879,22,0.1,67.4,+11.8,,,,,21:36:32,+9.8,-0.7,60.1,0.0,-266,-0.4,-0.01,+1.0,99,-87,+24,0.0,30.22,+730,,,208,,,,,0,0,,,+0,,,,+8,,,-14,,,,,,,,,55,+49,1115,1115,11.4,3.7,3.7,28.6,15.6,13.9,33.5,14.4,,+10.0,22.0,17.8,,,,,+115,+634,+124,+641,+120,+603,+123,+623,,,-100,+4.996,,+28.6,+4.998,,,,+15.6,+13.9,+54.8,+48.7,,,,,
40.56,1,9,2019-04-06 21:36:32,+40.52906,-78.64879,22,0.1,67.4,+11.8,,,,,21:36:32,+9.8,-0.7,60.2,0.0,-266,-0.3,-0.00,+1.0,99,-92,+24,0.0,30.22,+730,,,208,,,,,0,0,,,+0,,,,+8,,,-14,,,,,,,,,54,+49,1099,1099,11.6,3.6,3.6,28.6,15.6,13.8,33.5,14.4,,+10.0,22.0,17.8,,,,,+115,+632,+124,+640,+120,+602,+123,+616,,,-100,+4.996,,+28.6,+4.998,,,,+15.6,+13.8,+54.4,+48.7,,,,,
40.81,1,9,2019-04-06 21:36:32,+40.52906,-78.64879,22,0.1,67.4,+11.8,,,,,21:36:32,+9.8,-0.7,60.2,0.0,-267,-0.3,-0.00,+1.0,99,-87,+24,0.0,30.22,+730,,,208,,,,,0,0,,,+0,,,,+8,,,-14,,,,,,,,,54,+49,1084,1084,11.8,3.6,3.6,28.6,15.6,13.8,33.5,14.4,,+9.9,22.0,17.8,,,,,+115,+631,+124,+639,+120,+603,+123,+613,,,-100,+4.996,,+28.6,+4.998,,,,+15.6,+13.8,+54.1,+48.7,,,,,
41.06,1,9,2019-04-06 21:36:33,+40.52906,-78.64878,22,0.0,67.4,+11.8,,,,,21:36:32,+9.9,-0.7,60.3,0.0,-267,-0.2,-0.00,+1.0,99,-83,+24,0.0,30.22,+729,,,208,,,,,0,0,,,+0,,,,+8,,,-14,,,,,,,,,54,+49,1063,1063,12.0,3.5,3.5,28.6,15.6,13.8,33.5,14.4,,+9.9,22.0,17.8,,,,,+115,+629,+124,+638,+120,+603,+123,+613,,,-100,+4.996,,+28.6,+4.998,,,,+15.6,+13.8,+53.7,+48.7,,,,,
41.31,1,9,2019-04-06 21:36:33,+40.52906,-78.64878,22,0.1,67.4,+11.8,,,,,21:36:33,+9.9,-0.7,60.4,0.0,-267,-0.1,-0.01,+1.0,99,-85,+24,0.0,30.22,+728,,,208,,,,,0,0,,,+0,,,,+8,,,-14,,,,,,,,,53,+49,1056,1056,12.3,3.5,3.5,28.6,15.6,13.8,33.5,14.4,,+9.9,22.0,17.8,,,,,+115,+628,+124,+636,+120,+603,+123,+608,,,-100,+4.996,,+28.6,+4.998,,,,+15.6,+13.8,+53.4,+48.7,,,,,
41.56,1,9,2019-04-06 21:36:33,+40.52906,-78.64878,22,0.1,67.4,+11.8,,,,,21:36:33,+10.0,-0.7,60.6,0.0,-267,-0.1,-0.01,+0.9,99,-82,+24,0.0,30.22,+728,,,208,,,,,0,0,,,+0,,,,+8,,,-14,,,,,,,,,53,+49,1055,1055,12.5,3.4,3.4,28.6,15.6,13.8,33.5,14.4,,+9.9,22.0,17.8,,,,,+115,+627,+124,+635,+120,+602,+123,+606,,,-100,+4.996,,+28.6,+4.998,,,,+15.6,+13.8,+53.4,+48.7,,,,,
41.81,1,9,2019-04-06 21:36:33,+40.52906,-78.64878,22,0.1,67.4,+11.8,,,,,21:36:33,+10.1,-0.7,60.6,0.0,-267,-0.1,-0.00,+0.9,99,-95,+24,0.0,30.22,+728,,,208,,,,,0,0,,,+0,,,,+8,,,-14,,,,,,,,,53,+49,1050,1050,12.6,3.4,3.4,28.6,15.6,13.8,33.5,14.4,,+9.8,22.0,17.8,,,,,+115,+627,+124,+635,+120,+602,+123,+605,,,-100,+4.996,,+28.6,+4.998,,,,+15.6,+13.8,+53.3,+48.7,,,,,
42.06,1,9,2019-04-06 21:36:34,+40.52906,-78.64878,22,0.0,67.4,+11.8,,,,,21:36:33,+10.2,-0.6,60.7,0.0,-267,-0.1,-0.00,+1.0,99,-73,+24,0.0,30.22,+728,,,208,,,,,0,0,,,+0,,,,+8,,,-14,,,,,,,,,53,+49,1038,1038,12.7,3.3,3.3,28.6,15.6,13.8,33.5,14.4,,+9.8,22.0,17.8,,,,,+115,+626,+124,+634,+120,+600,+124,+605,,,-100,+4.996,,+28.6,+4.998,,,,+15.6,+13.8,+53.1,+48.7,,,,,
42.31,1,9,2019-04-06 21:36:34,+40.52906,-78.64878,22,0.0,67.4,+11.8,,,,,21:36:34,+10.2,-0.6,60.8,0.0,-268,-0.0,-0.01,+1.0,99,-68,+24,0.0,30.22,+727,,,208,,,,,0,0,,,+0,,,,+8,,,-14,,,,,,,,,53,+49,1042,1042,12.8,3.3,3.3,28.6,15.6,13.8,33.5,14.4,,+9.8,22.0,17.8,,,,,+115,+625,+124,+633,+120,+597,+124,+602,,,-100,+4.996,,+28.6,+4.998,,,,+15.6,+13.8,+53.1,+48.7,,,,,
42.56,1,9,2019-04-06 21:36:34,+40.52906,-78.64878,22,0.0,67.4,+11.8,,,,,21:36:34,+10.3,-0.6,60.8,0.0,-268,-0.0,-0.01,+1.0,99,-75,+24,0.0,30.22,+727,,,208,,,,,0,0,,,+0,,,,+8,,,-14,,,,,,,,,53,+49,1036,1036,12.9,3.3,3.3,28.6,15.6,13.8,33.5,14.4,,+9.8,22.0,17.8,,,,,+115,+624,+124,+633,+120,+596,+124,+600,,,-100,+4.996,,+28.6,+4.998,,,,+15.6,+13.8,+53.0,+48.7,,,,,
42.81,1,9,2019-04-06 21:36:34,+40.52906,-78.64878,22,0.0,67.4,+11.8,,,,,21:36:34,+10.4,-0.6,60.9,0.0,-268,-0.0,-0.00,+1.0,99,-82,+24,0.0,30.22,+727,,,208,,,,,0,0,,,+0,,,,+8,,,-14,,,,,,,,,53,+49,1048,1048,12.9,3.3,3.3,28.6,15.6,13.8,33.5,14.4,,+9.8,22.0,17.8,,,,,+115,+623,+124,+632,+120,+596,+124,+599,,,-100,+4.996,,+28.6,+4.998,,,,+15.6,+13.8,+53.1,+48.7,,,,,
43.06,1,9,2019-04-06 21:36:35,+40.52906,-78.64878,22,0.0,67.4,+11.8,,,,,21:36:34,+10.4,-0.5,60.9,0.0,-269,+0.0,-0.00,+1.0,99,-72,+24,0.0,30.22,+726,,,208,,,,,0,0,,,+0,,,,+8,,,-14,,,,,,,,,53,+49,1062,1062,12.9,3.2,3.2,28.7,15.6,13.8,33.5,14.4,,+9.8,22.0,17.8,,,,,+115,+623,+124,+630,+120,+596,+124,+598,,,-100,+4.996,,+28.7,+4.998,,,,+15.6,+13.8,+53.5,+48.7,,,,,
43.31,1,9,2019-04-06 21:36:35,+40.52906,-78.64878,22,0.1,67.4,+11.8,,,,,21:36:35,+10.5,-0.5,60.9,0.0,-269,+0.0,-0.01,+1.0,99,-45,+24,0.0,30.22,+726,,,208,,,,,0,0,,,+0,,,,+8,,,-14,,,,,,,,,54,+49,1069,1069,12.9,3.2,3.2,28.7,15.6,13.8,33.5,14.4,,+9.7,22.0,17.8,,,,,+115,+623,+124,+629,+120,+595,+124,+597,,,-100,+4.996,,+28.7,+4.998,,,,+15.6,+13.8,+53.7,+48.7,,,,,
43.56,1,9,2019-04-06 21:36:35,+40.52906,-78.64878,22,0.1,67.4,+11.8,,,,,21:36:35,+10.5,-0.4,60.9,0.0,-269,+0.0,-0.01,+1.0,99,-42,+24,0.0,30.22,+726,,,208,,,,,0,0,,,+0,,,,+8,,,-14,,,,,,,,,53,+49,1052,1052,12.9,3.2,3.2,28.7,15.6,13.8,33.5,14.4,,+9.7,22.0,17.8,,,,,+116,+623,+124,+629,+120,+593,+124,+596,,,-100,+4.996,,+28.7,+4.998,,,,+15.6,+13.8,+53.4,+48.7,,,,,
43.81,1,9,2019-04-06 21:36:35,+40.52906,-78.64878,22,0.1,67.4,+11.8,,,,,21:36:35,+10.6,-0.4,60.9,0.0,-269,+0.0,+0.00,+1.0,99,-45,+24,0.0,30.22,+726,,,208,,,,,0,0,,,+0,,,,+8,,,-14,,,,,,,,,53,+49,1021,1021,12.5,3.2,3.2,28.7,15.6,13.8,33.5,14.4,,+9.7,22.0,17.8,,,,,+116,+621,+124,+628,+120,+590,+124,+596,,,-100,+4.996,,+28.7,+4.998,,,,+15.6,+13.8,+53.0,+48.7,,,,,
44.06,1,9,2019-04-06 21:36:36,+40.52906,-78.64878,22,0.1,67.4,+11.8,,,,,21:36:35,+10.7,-0.4,60.9,0.0,-269,+0.1,-0.01,+1.0,99,-43,+24,0.0,30.22,+726,,,208,,,,,0,0,,,+0,,,,+8,,,-14,,,,,,,,,52,+49,982,982,12.2,3.1,3.1,28.6,15.6,13.8,33.5,14.4,,+9.7,22.0,17.8,,,,,+116,+616,+124,+627,+120,+590,+124,+596,,,-100,+4.996,,+28.6,+4.998,,,,+15.6,+13.8,+52.1,+48.7,,,,,
44.31,1,9,2019-04-06 21:36:36,+40.52906,-78.64878,22,0.1,67.4,+11.8,,,,,21:36:36,+10.7,-0.4,60.8,0.0,-269,+0.0,-0.01,+1.0,99,-45,+24,0.0,30.22,+726,,,208,,,,,0,0,,,+0,,,,+8,,,-14,,,,,,,,,51,+49,955,955,12.2,3.1,3.1,28.6,15.6,13.8,33.5,14.4,,+9.7,22.0,17.8,,,,,+116,+612,+124,+627,+120,+589,+124,+595,,,-100,+4.996,,+28.6,+4.998,,,,+15.6,+13.8,+51.4,+48.7,,,,,
44.56,1,9,2019-04-06 21:36:36,+40.52906,-78.64878,22,0.0,67.4,+11.8,,,,,21:36:36,+10.7,-0.4,60.8,0.0,-269,+0.0,-0.00,+1.0,99,-35,+24,0.0,30.22,+726,,,208,,,,,0,0,,,+0,,,,+8,,,-14,,,,,,,,,51,+49,941,941,12.2,3.0,3.0,28.6,15.6,13.8,33.5,14.4,,+9.7,22.0,17.8,,,,,+116,+610,+124,+627,+120,+584,+124,+594,,,-100,+4.996,,+28.6,+4.998,,,,+15.6,+13.8,+51.0,+48.7,,,,,
44.81,1,9,2019-04-06 21:36:36,+40.52906,-78.64878,22,0.0,67.4,+11.8,,,,,21:36:36,+10.8,-0.4,60.7,0.0,-269,+0.0,-0.00,+0.9,99,-34,+24,0.0,30.22,+726,,,208,,,,,0,0,,,+0,,,,+8,,,-14,,,,,,,,,51,+49,926,926,12.2,3.0,3.0,28.6,15.6,13.8,33.5,14.4,,+9.7,22.0,17.8,,,,,+116,+608,+124,+627,+120,+583,+124,+593,,,-100,+4.996,,+28.6,+4.998,,,,+15.6,+13.8,+50.8,+48.7,,,,,
45.06,1,9,2019-04-06 21:36:37,+40.52906,-78.64878,22,0.0,67.4,+11.8,,,,,21:36:36,+10.8,-0.4,60.7,0.0,-269,+0.0,-0.01,+0.9,99,-29,+24,0.0,30.22,+726,,,208,,,,,0,0,,,+0,,,,+8,,,-14,,,,,,,,,50,+49,914,914,12.3,2.9,2.9,28.6,15.6,13.8,33.5,14.4,,+9.6,22.0,17.8,,,,,+116,+607,+124,+626,+120,+582,+124,+591,,,-100,+4.996,,+28.6,+4.998,,,,+15.6,+13.8,+50.4,+48.7,,,,,
45.31,1,9,2019-04-06 21:36:37,+40.52906,-78.64878,22,0.0,67.4,+11.8,,,,,21:36:37,+10.8,-0.4,60.7,0.0,-269,+0.0,-0.00,+1.0,99,-22,+24,0.0,30.22,+726,,,208,,,,,0,0,,,+0,,,,+8,,,-14,,,,,,,,,51,+49,932,932,12.6,2.9,2.9,28.6,15.6,13.8,33.5,14.4,,+9.6,22.0,17.8,,,,,+116,+606,+125,+625,+120,+580,+124,+588,,,-100,+4.996,,+28.6,+4.998,,,,+15.6,+13.8,+50.7,+48.7,,,,,
45.56,1,9,2019-04-06 21:36:37,+40.52906,-78.64878,22,0.0,67.4,+11.8,,,,,21:36:37,+10.8,-0.4,60.6,0.0,-269,+0.0,-0.01,+1.0,99,-18,+24,0.0,30.22,+726,,,208,,,,,0,0,,,+0,,,,+8,,,-14,,,,,,,,,51,+49,935,935,12.7,2.9,2.9,28.7,15.6,13.8,33.5,14.4,,+9.6,22.0,17.8,,,,,+116,+605,+125,+623,+120,+577,+124,+586,,,-100,+4.996,,+28.7,+4.998,,,,+15.6,+13.8,+50.8,+48.7,,,,,
45.81,1,9,2019-04-06 21:36:37,+40.52906,-78.64878,22,0.0,67.4,+11.8,,,,,21:36:37,+10.8,-0.4,60.6,0.0,-269,+0.0,-0.01,+1.0,99,-17,+24,0.0,30.22,+726,,,208,,,,,0,0,,,+0,,,,+8,,,-14,,,,,,,,,51,+49,936,936,12.7,2.9,2.9,28.7,15.6,13.8,33.5,14.4,,+9.6,22.0,17.8,,,,,+116,+604,+125,+621,+120,+575,+124,+585,,,-100,+4.996,,+28.7,+4.998,,,,+15.6,+13.8,+50.9,+48.8,,,,,
46.06,1,9,2019-04-06 21:36:38,+40.52906,-78.64878,22,0.0,67.4,+11.8,,,,,21:36:37,+10.9,-0.4,60.6,0.0,-269,+0.1,-0.01,+1.0,99,-10,+24,0.0,30.22,+716,,,208,,,,,0,0,,,+0,,,,+8,,,-14,,,,,,,,,51,+49,939,939,12.7,2.8,2.8,28.7,15.6,13.8,33.5,14.4,,+9.6,22.0,17.8,,,,,+116,+604,+125,+621,+120,+573,+124,+585,,,-100,+4.996,,+28.7,+4.998,,,,+15.6,+13.8,+50.9,+48.8,,,,,
46.31,1,9,2019-04-06 21:36:38,+40.52906,-78.64878,22,0.0,67.4,+11.8,,,,,21:36:38,+10.9,-0.4,60.5,0.0,-269,+0.0,-0.00,+1.0,99,+5,+24,0.0,30.22,+716,,,208,,,,,0,0,,,+0,,,,+8,,,-14,,,,,,,,,51,+49,936,936,12.7,2.8,2.8,28.7,15.6,13.8,33.5,14.4,,+9.6,22.0,17.8,,,,,+116,+603,+125,+620,+120,+569,+124,+585,,,-100,+4.996,,+28.7,+4.998,,,,+15.6,+13.8,+50.9,+48.8,,,,,
46.56,1,9,2019-04-06 21:36:38,+40.52906,-78.64878,22,0.1,67.4,+11.8,,,,,21:36:38,+10.9,-0.3,60.5,0.0,-269,+0.1,-0.01,+0.9,99,+15,+24,0.0,30.22,+716,,,208,,,,,0,0,,,+0,,,,+8,,,-14,,,,,,,,,51,+49,937,937,12.7,2.7,2.7,28.7,15.6,13.8,33.5,14.4,,+9.6,22.0,17.8,,,,,+116,+602,+125,+618,+121,+566,+124,+584,,,-100,+4.996,,+28.7,+4.998,,,,+15.6,+13.8,+50.9,+48.8,,,,,
46.81,1,9,2019-04-06 21:36:38,+40.52906,-78.64878,21,0.0,67.4,+11.8,,,,,21:36:38,+10.9,-0.3,60.5,0.0,-269,+0.0,-0.01,+1.0,99,+13,+24,0.0,30.22,+716,,,208,,,,,0,0,,,+0,,,,+8,,,-14,,,,,,,,,51,+49,946,946,12.7,2.7,2.7,28.7,15.6,13.8,33.5,14.4,,+9.6,22.0,17.8,,,,,+116,+601,+125,+617,+120,+565,+124,+584,,,-100,+4.996,,+28.7,+4.998,,,,+15.6,+13.8,+50.9,+48.8,,,,,
47.06,1,9,2019-04-06 21:36:39,+40.52906,-78.64878,21,0.0,67.4,+11.8,,,,,21:36:38,+10.9,-0.3,60.5,0.0,-269,+0.0,-0.00,+1.0,99,-7,+24,0.0,30.22,+716,,,208,,,,,0,0,,,+0,,,,+8,,,-14,,,,,,,,,51,+49,952,952,12.7,2.7,2.7,28.7,15.6,13.8,33.5,14.4,,+9.6,22.0,17.8,,,,,+116,+600,+125,+615,+121,+563,+124,+584,,,-100,+4.996,,+28.7,+4.998,,,,+15.6,+13.8,+51.3,+48.8,,,,,
47.31,1,9,2019-04-06 21:36:39,+40.52906,-78.64878,21,0.0,67.4,+11.8,,,,,21:36:39,+11.0,-0.3,60.4,0.0,-269,+0.0,-0.00,+1.0,99,+10,+24,0.0,30.22,+716,,,208,,,,,0,0,,,+0,,,,+8,,,-14,,,,,,,,,51,+49,951,951,12.7,2.7,2.7,28.8,15.6,13.8,33.5,14.4,,+9.5,22.0,17.8,,,,,+116,+600,+125,+614,+121,+562,+124,+583,,,-100,+4.996,,+28.8,+4.998,,,,+15.6,+13.8,+51.1,+48.8,,,,,
47.56,1,9,2019-04-06 21:36:39,+40.52906,-78.64878,21,0.0,67.4,+11.8,,,,,21:36:39,+11.0,-0.3,60.3,0.0,-269,+0.0,-0.00,+1.0,99,+22,+24,0.0,30.22,+716,,,208,,,,,0,0,,,+0,,,,+8,,,-14,,,,,,,,,51,+49,958,958,12.8,2.7,2.7,28.8,15.6,13.8,33.5,14.4,,+9.5,22.0,17.8,,,,,+116,+599,+125,+613,+121,+560,+125,+583,,,-100,+4.996,,+28.8,+4.998,,,,+15.6,+13.8,+51.3,+48.8,,,,,
47.81,1,9,2019-04-06 21:36:39,+40.52906,-78.64878,21,0.0,67.4,+11.8,,,,,21:36:39,+11.0,-0.3,60.3,0.0,-269,+0.0,-0.01,+1.0,99,+25,+24,0.0,30.22,+716,,,208,,,,,0,0,,,+0,,,,+8,,,-14,,,,,,,,,51,+49,965,965,12.8,2.7,2.7,28.8,15.6,13.8,33.5,14.4,,+9.5,22.0,17.8,,,,,+116,+599,+125,+612,+121,+560,+125,+583,,,-100,+4.996,,+28.8,+4.998,,,,+15.6,+13.8,+51.5,+48.8,,,,,
48.06,1,9,2019-04-06 21:36:40,+40.52906,-78.64878,21,0.0,67.4,+11.8,,,,,21:36:39,+11.1,-0.2,60.3,0.0,-269,+0.0,-0.01,+1.0,99,+32,+24,0.0,30.22,+716,,,208,,,,,0,0,,,+0,,,,+8,,,-14,,,,,,,,,51,+49,962,962,12.8,2.6,2.6,28.8,15.6,13.8,33.5,14.4,,+9.5,22.0,17.8,,,,,+117,+599,+125,+612,+121,+557,+125,+582,,,-100,+4.996,,+28.8,+4.998,,,,+15.6,+13.8,+51.5,+48.9,,,,,
48.31,1,9,2019-04-06 21:36:40,+40.52906,-78.64878,21,0.0,67.4,+11.8,,,,,21:36:40,+11.1,-0.2,60.3,0.0,-269,+0.0,-0.00,+1.0,99,+51,+24,0.0,30.22,+716,,,208,,,,,0,0,,,+0,,,,+8,,,-14,,,,,,,,,51,+49,965,965,12.8,2.6,2.6,28.8,15.6,13.8,33.5,14.4,,+9.5,22.0,17.8,,,,,+117,+599,+125,+610,+121,+555,+125,+581,,,-100,+4.996,,+28.8,+4.998,,,,+15.6,+13.8,+51.4,+48.9,,,,,
48.56,1,9,2019-04-06 21:36:40,+40.52906,-78.64878,21,0.0,67.4,+11.8,,,,,21:36:40,+11.1,-0.2,60.2,0.0,-269,+0.0,-0.00,+1.0,99,+30,+24,0.0,30.22,+716,,,208,,,,,0,0,,,+0,,,,+8,,,-14,,,,,,,,,52,+49,967,967,12.6,2.6,2.6,28.8,15.6,13.8,33.5,14.4,,+9.5,22.0,17.8,,,,,+117,+599,+125,+609,+121,+552,+125,+580,,,-100,+4.996,,+28.8,+4.998,,,,+15.6,+13.8,+51.5,+48.9,,,,,
48.81,1,9,2019-04-06 21:36:40,+40.52906,-78.64878,21,0.0,67.4,+11.8,,,,,21:36:40,+11.1,-0.2,60.2,0.0,-269,+0.0,-0.01,+1.0,99,+34,+24,0.0,30.22,+716,,,208,,,,,0,0,,,+0,,,,+8,,,-14,,,,,,,,,52,+49,967,967,12.6,2.6,2.6,28.7,15.6,13.8,33.5,14.4,,+9.5,22.0,17.8,,,,,+117,+600,+125,+609,+121,+552,+125,+580,,,-100,+4.996,,+28.7,+4.998,,,,+15.6,+13.8,+51.5,+48.9,,,,,
49.06,1,9,2019-04-06 21:36:41,+40.52906,-78.64878,21,0.0,67.4,+11.8,,,,,21:36:40,+11.1,-0.2,60.2,0.0,-269,+0.0,-0.01,+1.0,99,+37,+24,0.0,30.22,+716,,,208,,,,,0,0,,,+0,,,,+8,,,-14,,,,,,,,,52,+49,965,965,12.6,2.6,2.6,28.7,15.6,13.8,33.5,14.4,,+9.5,22.0,17.8,,,,,+117,+600,+125,+609,+121,+550,+125,+579,,,-100,+4.996,,+28.7,+4.998,,,,+15.6,+13.8,+51.5,+48.9,,,,,
49.31,1,9,2019-04-06 21:36:41,+40.52906,-78.64878,21,0.0,67.4,+11.8,,,,,21:36:41,+11.1,-0.2,60.2,0.0,-269,+0.0,-0.01,+1.0,99,+46,+24,0.0,30.22,+705,,,208,,,,,0,0,,,+0,,,,+8,,,-14,,,,,,,,,51,+49,969,969,12.6,2.6,2.6,28.7,15.6,13.8,33.5,14.4,,+9.5,22.0,17.8,,,,,+117,+596,+125,+609,+121,+549,+125,+579,,,-100,+4.996,,+28.7,+4.998,,,,+15.6,+13.8,+51.5,+48.9,,,,,
49.56,1,9,2019-04-06 21:36:41,+40.52906,-78.64878,21,0.0,67.4,+11.8,,,,,21:36:41,+11.2,-0.2,60.1,0.0,-269,+0.1,-0.00,+1.0,99,+40,+24,0.0,30.22,+707,,,208,,,,,0,0,,,+0,,,,+8,,,-14,,,,,,,,,52,+49,985,985,12.6,2.5,2.5,28.7,15.6,13.8,33.5,14.4,,+9.5,22.0,17.8,,,,,+117,+594,+125,+608,+121,+546,+125,+578,,,-100,+4.996,,+28.7,+4.998,,,,+15.6,+13.8,+51.8,+48.9,,,,,
49.81,1,9,2019-04-06 21:36:41,+40.52906,-78.64878,21,0.0,67.4,+11.8,,,,,21:36:41,+11.2,-0.3,60.1,0.0,-269,+0.1,-0.01,+1.0,99,+25,+24,0.0,30.22,+707,,,208,,,,,0,0,,,+0,,,,+8,,,-14,,,,,,,,,52,+49,976,976,12.6,2.5,2.5,28.8,15.6,13.8,33.5,14.4,,+9.5,22.0,17.8,,,,,+117,+594,+125,+607,+121,+545,+125,+578,,,-100,+4.996,,+28.8,+4.998,,,,+15.6,+13.8,+51.8,+48.9,,,,,
50.06,1,9,2019-04-06 21:36:42,+40.52906,-78.64878,21,0.0,67.4,+11.8,,,,,21:36:41,+11.2,-0.3,60.1,0.0,-269,+0.1,-0.01,+1.0,99,+20,+24,0.0,30.22,+707,,,208,,,,,0,0,,,+0,,,,+8,,,-14,,,,,,,,,52,+49,985,985,12.6,2.5,2.5,28.7,15.6,13.8,33.5,14.4,,+9.5,22.0,17.8,,,,,+117,+594,+125,+607,+121,+543,+125,+579,,,-100,+4.996,,+28.7,+4.998,,,,+15.6,+13.8,+51.8,+48.9,,,,,
50.31,1,9,2019-04-06 21:36:42,+40.52906,-78.64878,21,0.0,67.4,+11.8,,,,,21:36:42,+11.2,-0.3,60.1,0.0,-269,+0.1,-0.00,+0.9,99,+18,+24,0.0,30.22,+707,,,208,,,,,0,0,,,+0,,,,+8,,,-14,,,,,,,,,52,+49,988,988,12.5,2.5,2.5,28.7,15.6,13.8,33.5,14.4,,+9.5,22.0,17.8,,,,,+117,+594,+125,+606,+121,+541,+125,+579,,,-100,+4.996,,+28.7,+4.998,,,,+15.6,+13.8,+52.0,+48.9,,,,,
50.56,1,9,2019-04-06 21:36:42,+40.52906,-78.64878,21,0.0,67.4,+11.8,,,,,21:36:42,+11.2,-0.3,60.0,0.0,-269,+0.0,-0.00,+1.0,99,+37,+24,0.0,30.22,+707,,,208,,,,,0,0,,,+0,,,,+8,,,-14,,,,,,,,,52,+49,974,974,12.5,2.5,2.5,28.7,15.6,13.8,33.5,14.4,,+9.5,22.0,17.8,,,,,+117,+593,+125,+606,+121,+541,+125,+579,,,-100,+4.996,,+28.7,+4.998,,,,+15.6,+13.8,+51.8,+48.9,,,,,
50.81,1,9,2019-04-06 21:36:42,+40.52906,-78.64878,21,0.0,67.4,+11.8,,,,,21:36:42,+11.3,-0.3,59.9,0.0,-269,+0.0,-0.01,+1.0,99,+48,+24,0.0,30.22,+707,,,208,,,,,0,0,,,+0,,,,+8,,,-14,,,,,,,,,52,+49,988,988,12.5,2.5,2.5,28.7,15.6,13.8,33.5,14.4,,+9.4,22.0,17.8,,,,,+117,+590,+125,+607,+121,+541,+125,+577,,,-100,+4.996,,+28.7,+4.998,,,,+15.6,+13.8,+51.9,+49.0,,,,,
51.06,1,9,2019-04-06 21:36:43,+40.52906,-78.64878,21,0.0,67.4,+11.8,,,,,21:36:42,+11.3,-0.3,59.9,0.0,-269,+0.0,-0.01,+0.9,99,+48,+24,0.0,30.22,+707,,,208,,,,,0,0,,,+0,,,,+8,,,-14,,,,,,,,,52,+49,1000,1000,12.5,2.5,2.5,28.8,15.6,13.8,33.5,14.4,,+9.4,22.0,17.8,,,,,+117,+589,+125,+606,+121,+539,+125,+576,,,-100,+4.996,,+28.8,+4.998,,,,+15.6,+13.8,+52.0,+49.0,,,,,
51.31,1,9,2019-04-06 21:36:43,+40.52906,-78.64878,21,0.0,67.4,+11.8,,,,,21:36:43,+11.4,-0.3,59.9,0.0,-269,+0.0,-0.00,+1.0,99,+59,+24,0.0,30.22,+707,,,208,,,,,0,0,,,+0,,,,+8,,,-14,,,,,,,,,52,+49,1016,1016,12.4,2.5,2.5,28.8,15.6,13.8,33.5,14.4,,+9.4,22.0,17.8,,,,,+117,+588,+125,+604,+121,+537,+125,+575,,,-100,+4.996,,+28.8,+4.998,,,,+15.6,+13.8,+52.5,+49.0,,,,,
51.56,1,9,2019-04-06 21:36:43,+40.52906,-78.64878,21,0.0,67.4,+11.8,,,,,21:36:43,+11.4,-0.3,59.8,0.0,-269,+0.0,-0.01,+1.0,99,+57,+24,0.0,30.22,+707,,,208,,,,,0,0,,,+0,,,,+8,,,-14,,,,,,,,,53,+49,1011,1011,12.3,2.5,2.5,28.8,15.6,13.8,33.5,14.4,,+9.4,22.0,17.8,,,,,+117,+588,+126,+603,+121,+538,+125,+575,,,-100,+4.996,,+28.8,+4.998,,,,+15.6,+13.8,+52.5,+49.0,,,,,
51.81,1,9,2019-04-06 21:36:43,+40.52906,-78.64878,21,0.0,67.4,+11.8,,,,,21:36:43,+11.4,-0.3,59.8,0.0,-269,+0.0,-0.01,+1.0,99,+46,+24,0.0,30.22,+707,,,208,,,,,0,0,,,+0,,,,+8,,,-14,,,,,,,,,52,+49,1006,1006,12.2,2.5,2.5,28.8,15.6,13.8,33.5,14.4,,+9.4,22.0,17.8,,,,,+117,+589,+126,+604,+121,+538,+125,+575,,,-100,+4.996,,+28.8,+4.998,,,,+15.6,+13.8,+52.3,+49.0,,,,,
52.06,1,9,2019-04-06 21:36:44,+40.52906,-78.64878,21,0.0,67.4,+11.8,,,,,21:36:43,+11.4,-0.3,59.8,0.0,-269,+0.0,-0.00,+1.0,99,+42,+24,0.0,30.22,+707,,,208,,,,,0,0,,,+0,,,,+8,,,-14,,,,,,,,,52,+49,997,997,12.2,2.4,2.4,28.8,15.6,13.8,33.5,14.4,,+9.4,22.0,17.8,,,,,+117,+590,+126,+604,+121,+538,+125,+575,,,-100,+4.996,,+28.8,+4.998,,,,+15.6,+13.8,+52.2,+49.0,,,,,
52.31,1,9,2019-04-06 21:36:44,+40.52906,-78.64878,21,0.0,67.4,+11.8,,,,,21:36:44,+11.4,-0.3,59.7,0.0,-269,-0.0,-0.00,+1.0,99,+25,+24,0.0,30.22,+707,,,208,,,,,0,0,,,+0,,,,+8,,,-14,,,,,,,,,52,+49,1000,1000,12.2,2.4,2.4,28.8,15.6,13.8,33.5,14.4,,+9.4,22.0,17.8,,,,,+117,+589,+126,+604,+121,+536,+125,+575,,,-100,+4.996,,+28.8,+4.998,,,,+15.6,+13.8,+52.1,+49.0,,,,,
52.56,1,9,2019-04-06 21:36:44,+40.52906,-78.64878,21,0.0,67.4,+11.8,,,,,21:36:44,+11.4,-0.3,59.7,0.0,-269,+0.0,-0.01,+1.0,99,+31,+24,0.0,30.22,+706,,,208,,,,,0,0,,,+0,,,,+8,,,-14,,,,,,,,,52,+49,1007,1007,12.2,2.4,2.4,28.8,15.6,13.8,33.5,14.4,,+9.4,22.0,17.8,,,,,+117,+589,+126,+604,+121,+536,+125,+575,,,-100,+4.996,,+28.8,+4.998,,,,+15.6,+13.8,+52.3,+49.0,,,,,
52.81,1,9,2019-04-06 21:36:44,+40.52906,-78.64878,21,0.0,67.4,+11.8,,,,,21:36:44,+11.4,-0.2,59.7,0.0,-269,+0.0,-0.00,+1.0,99,+8,+24,0.0,30.22,+706,,,208,,,,,0,0,,,+0,,,,+8,,,-14,,,,,,,,,52,+49,1013,1013,12.2,2.4,2.4,28.9,15.6,13.8,33.5,14.4,,+9.4,22.0,17.8,,,,,+118,+590,+126,+605,+121,+538,+126,+575,,,-100,+4.996,,+28.9,+4.998,,,,+15.6,+13.8,+52.4,+49.0,,,,,
53.06,1,9,2019-04-06 21:36:45,+40.52906,-78.64878,21,0.0,67.4,+11.8,,,,,21:36:44,+11.4,-0.2,59.7,0.0,-269,+0.0,-0.01,+1.0,99,-1,+24,0.0,30.22,+706,,,208,,,,,0,0,,,+0,,,,+8,,,-14,,,,,,,,,53,+49,1030,1030,12.1,2.3,2.3,29.8,15.6,13.8,33.5,14.4,,+9.4,22.0,17.8,,,,,+117,+589,+126,+604,+121,+538,+125,+575,,,-100,+4.996,,+29.8,+4.998,,,,+15.6,+13.8,+52.7,+49.0,,,,,
53.31,1,9,2019-04-06 21:36:45,+40.52906,-78.64878,21,0.0,67.4,+11.8,,,,,21:36:45,+11.4,-0.1,59.7,0.0,-269,+0.0,-0.00,+1.0,99,+17,+24,0.0,30.22,+706,,,208,,,,,0,0,,,+0,,,,+8,,,-14,,,,,,,,,52,+49,943,943,12.1,2.3,2.3,30.0,15.6,13.8,33.5,14.4,,+9.4,22.0,17.8,,,,,+117,+590,+126,+604,+121,+537,+125,+574,,,-100,+4.996,,+30.0,+4.998,,,,+15.6,+13.8,+51.9,+49.0,,,,,
53.56,1,9,2019-04-06 21:36:45,+40.52906,-78.64878,21,0.0,67.4,+11.8,,,,,21:36:45,+11.4,-0.2,59.7,0.0,-269,+0.1,-0.01,+1.0,99,+0,+24,0.0,30.22,+707,,,208,,,,,0,0,,,+0,,,,+8,,,-14,,,,,,,,,50,+49,839,839,12.3,2.1,2.1,29.9,15.6,13.8,33.5,14.4,,+9.4,22.0,17.8,,,,,+118,+587,+126,+598,+121,+531,+126,+569,,,-100,+4.996,,+29.9,+4.998,,,,+15.6,+13.8,+49.6,+49.0,,,,,
53.81,1,9,2019-04-06 21:36:45,+40.52906,-78.64878,21,0.0,67.4,+11.8,,,,,21:36:45,+11.4,-0.2,59.7,0.0,-269,+0.0,-0.00,+1.0,99,+18,+24,0.0,30.22,+707,,,208,,,,,0,0,,,+0,,,,+8,,,-14,,,,,,,,,48,+49,752,752,13.5,2.1,2.1,29.9,15.6,13.8,33.5,14.4,,+9.4,22.0,17.8,,,,,+118,+578,+126,+588,+121,+523,+126,+561,,,-100,+4.996,,+29.9,+4.998,,,,+15.6,+13.8,+47.7,+49.0,,,,,
54.06,1,9,2019-04-06 21:36:46,+40.52906,-78.64878,21,0.0,67.4,+11.8,,,,,21:36:45,+11.4,-0.2,59.7,0.0,-269,+0.1,-0.01,+1.0,99,+4,+24,0.0,30.22,+707,,,208,,,,,0,0,,,+0,,,,+8,,,-14,,,,,,,,,46,+49,678,678,14.9,1.9,1.9,29.8,15.6,13.8,33.5,14.4,,+9.4,22.0,17.8,,,,,+118,+569,+126,+578,+121,+516,+126,+554,,,-100,+4.996,,+29.8,+4.998,,,,+15.6,+13.8,+46.2,+49.0,,,,,
54.31,1,9,2019-04-06 21:36:46,+40.52906,-78.64878,21,0.0,67.4,+11.8,,,,,21:36:46,+11.5,-0.2,59.7,0.0,-269,+0.1,-0.00,+1.0,99,-18,+24,0.0,30.22,+707,,,208,,,,,0,0,,,+0,,,,+8,,,-14,,,,,,,,,45,+49,602,602,16.4,1.9,1.9,29.8,15.6,13.8,33.5,14.4,,+9.3,22.0,17.8,,,,,+118,+560,+126,+570,+121,+510,+126,+547,,,-100,+4.996,,+29.8,+4.998,,,,+15.6,+13.8,+44.9,+49.0,,,,,
54.56,1,10,2019-04-06 21:36:46,+40.52906,-78.64878,21,0.0,67.4,+11.8,,,,,21:36:46,+11.5,-0.2,59.7,0.0,-269,+0.1,-0.01,+1.0,99,-45,+24,0.0,30.22,+707,,,208,,,,,0,0,,,+0,,,,+8,,,-14,,,,,,,,,44,+49,542,542,18.1,1.7,1.7,29.8,15.6,13.8,33.5,14.4,,+9.3,22.0,17.8,,,,,+118,+552,+126,+562,+121,+503,+126,+541,,,-100,+4.996,,+29.8,+4.998,,,,+15.6,+13.8,+43.8,+49.0,,,,,
54.81,1,10,2019-04-06 21:36:46,+40.52906,-78.64878,21,0.0,67.4,+11.8,,,,,21:36:46,+11.4,-0.1,59.6,0.0,-269,+0.1,-0.01,+1.0,99,-27,+24,0.0,30.22,+707,,,208,,,,,0,0,,,+0,,,,+8,,,-14,,,,,,,,,43,+49,478,478,19.7,1.7,1.7,29.9,15.6,13.8,33.5,14.4,,+9.2,22.0,17.8,,,,,+118,+545,+126,+555,+121,+498,+126,+534,,,-100,+4.996,,+29.9,+4.998,,,,+15.6,+13.8,+42.7,+49.0,,,,,
55.06,1,10,2019-04-06 21:36:47,+40.52906,-78.64878,21,0.0,67.4,+11.8,,,,,21:36:46,+11.4,-0.1,59.6,0.0,-269,+0.0,-0.01,+1.0,99,-36,+24,0.0,30.22,+707,,,208,,,,,0,0,,,+0,,,,+8,,,-14,,,,,,,,,42,+49,425,425,21.3,1.5,1.5,29.8,15.6,13.8,33.5,14.4,,+9.2,22.0,17.8,,,,,+118,+537,+126,+548,+121,+492,+126,+529,,,-100,+4.996,,+29.8,+4.998,,,,+15.6,+13.8,+41.7,+49.1,,,0,L,
55.31,1,10,2019-04-06 21:36:47,+40.52906,-78.64878,21,0.0,67.4,+11.8,,,,,21:36:47,+11.4,-0.2,59.6,0.0,-269,+0.0,-0.00,+1.0,99,-34,+24,0.0,30.22,+707,,,208,,,,,0,0,,,+0,,,,+8,,,-14,,,,,,,,,41,+49,385,385,22.8,1.5,1.5,29.8,15.6,13.8,33.5,14.4,,+9.1,22.0,17.8,,,,,+118,+531,+126,+541,+121,+487,+126,+524,,,-100,+4.996,,+29.8,+4.998,,,,+15.6,+13.8,+40.6,+49.0,,,1,L,
55.56,1,9,2019-04-06 21:36:47,+40.52906,-78.64878,21,0.0,67.4,+11.8,,,,,21:36:47,+11.4,-0.2,59.5,0.0,-269,+0.0,-0.00,+1.0,99,-33,+24,0.0,30.22,+707,,,208,,,,,0,0,,,+0,,,,+8,,,-14,,,,,,,,,40,+49,337,337,24.2,1.5,1.5,30.0,15.6,13.8,33.5,14.2,,+8.6,22.0,17.8,,,,,+118,+525,+126,+535,+121,+482,+126,+518,,,-100,+4.996,,+30.0,+4.998,,,,+15.6,+13.8,+39.8,+48.8,,,3,L,
55.81,1,9,2019-04-06 21:36:47,+40.52906,-78.64878,21,0.0,67.4,+11.8,,,,,21:36:47,+11.4,-0.2,59.5,0.0,-269,+0.0,-0.01,+1.0,99,-20,+24,0.0,30.22,+707,,,208,,,,,0,0,,,+0,,,,+8,,,-14,,,,,,,,,39,+49,296,296,25.4,1.5,1.5,30.0,15.6,13.8,33.5,13.8,,+7.7,22.0,17.8,,,,,+118,+519,+126,+530,+121,+477,+126,+514,,,-100,+4.996,,+30.0,+4.998,,,,+15.6,+13.8,+39.1,+48.7,,,5,L,
56.06,1,10,2019-04-06 21:36:48,+40.52906,-78.64878,21,0.0,67.4,+11.8,,,,,21:36:47,+11.4,-0.2,59.4,0.0,-269,+0.0,-0.00,+1.0,99,-35,+24,0.0,30.22,+707,,,208,,,,,0,0,,,+0,,,,+8,,,-14,,,,,,,,,38,+49,261,261,26.4,1.5,1.5,30.0,15.6,13.8,33.5,13.4,,+6.5,22.0,17.8,,,,,+118,+514,+126,+525,+121,+473,+126,+510,,,-100,+4.996,,+30.0,+4.998,,,,+15.6,+13.8,+38.4,+48.6,,,7,L,
56.31,1,10,2019-04-06 21:36:48,+40.52906,-78.64878,21,0.0,67.4,+11.8,,,,,21:36:48,+11.4,-0.2,59.3,0.0,-269,+0.0,-0.00,+1.0,99,-36,+24,0.0,30.22,+707,,,208,,,,,0,0,,,+0,,,,+8,,,-14,,,,,,,,,38,+49,222,222,27.3,1.5,1.5,30.1,15.6,13.8,33.5,13.2,,+5.3,22.0,17.8,,,,,+118,+509,+126,+520,+121,+470,+126,+506,,,-100,+4.996,,+30.1,+4.998,,,,+15.6,+13.8,+37.8,+48.6,,,8,L,
56.56,1,10,2019-04-06 21:36:48,+40.52906,-78.64878,21,0.0,67.4,+11.8,,,,,21:36:48,+11.4,-0.2,59.3,0.0,-269,+0.0,-0.01,+1.0,99,-38,+24,0.0,30.22,+706,,,208,,,,,0,0,,,+0,,,,+8,,,-14,,,,,,,,,37,+49,177,177,28.0,1.5,1.5,30.2,15.6,13.9,33.5,13.1,,+4.2,22.0,17.8,,,,,+118,+505,+126,+515,+121,+466,+126,+503,,,-100,+4.996,,+30.2,+4.998,,,,+15.6,+13.9,+36.9,+48.6,,,9,L,
56.81,1,10,2019-04-06 21:36:48,+40.52906,-78.64878,21,0.0,67.4,+11.8,,,,,21:36:48,+11.4,-0.2,59.3,0.0,-269,+0.1,-0.01,+1.0,99,-38,+24,0.0,30.22,+706,,,208,,,,,0,0,,,+0,,,,+8,,,-14,,,,,,,,,35,+49,130,130,28.5,1.5,1.5,29.5,15.6,13.9,33.5,13.0,,+3.3,22.0,17.8,,,,,+118,+500,+126,+512,+121,+462,+126,+499,,,-100,+4.996,,+29.5,+4.998,,,,+15.6,+13.9,+35.2,+48.6,,,10,L,
57.06,1,10,2019-04-06 21:36:49,+40.52906,-78.64878,21,0.0,67.4,+11.8,,,,,21:36:48,+11.4,-0.1,59.2,0.0,-269,+0.1,-0.00,+1.0,99,-45,+24,0.0,30.22,+706,,,208,,,,,0,0,,,+0,,,,+8,,,-14,,,,,,,,,31,+49,130,130,29.0,1.5,1.5,29.9,15.6,13.9,33.5,12.9,,+2.5,22.0,17.8,,,,,+118,+497,+126,+508,+121,+461,+126,+496,,,-100,+4.996,,+29.9,+4.998,,,,+15.6,+13.9,+30.5,+48.6,,,10,L,
57.31,1,10,2019-04-06 21:36:49,+40.52906,-78.64878,21,0.0,67.4,+11.8,,,,,21:36:49,+11.4,-0.5,59.3,0.0,-269,+0.1,-0.01,+1.0,99,-40,+24,0.0,30.22,+706,,,208,,,,,0,0,,,+0,,,,+8,,,-14,,,,,,,,,15,+49,130,130,29.8,1.5,1.5,29.4,15.6,13.9,33.5,12.9,,+1.8,22.0,17.8,,,,,+118,+495,+126,+503,+121,+458,+126,+494,,,-100,+4.996,,+29.4,+4.998,,,,+15.6,+13.9,+15.2,+48.6,,,11,L,
57.56,1,10,2019-04-06 21:36:49,+40.52906,-78.64878,21,0.0,67.4,+11.8,,,,,21:36:49,+11.4,+0.1,59.1,0.0,-269,+0.1,-0.00,+1.0,99,-51,+24,0.0,30.22,+705,,,208,,,,,0,0,,,+0,,,,+8,,,-14,,,,,,,,,10,+49,103,103,30.1,0.0,0.0,29.4,15.6,13.9,33.5,12.8,,+1.2,22.0,17.8,,,,,+118,+493,+126,+499,+121,+456,+126,+492,,,-100,+4.996,,+29.4,+4.998,,,,+15.6,+13.9,+10.5,+48.6,,,,,
57.81,1,10,2019-04-06 21:36:49,+40.52906,-78.64878,21,0.0,67.4,+11.8,,,,,21:36:49,+11.4,-0.6,59.1,0.0,-269,+0.0,-0.01,+1.0,99,-42,+24,0.0,30.22,+705,,,208,,,,,0,0,,,+0,,,,+8,,,-14,,,,,,,,,10,+49,94,94,30.2,0.0,0.0,29.9,15.6,13.9,33.5,12.8,,+0.7,22.0,17.8,,,,,+118,+492,+126,+495,+121,+454,+126,+490,,,-100,+4.996,,+29.9,+4.998,,,,+15.6,+13.9,+9.8,+48.6,,,,,
58.06,1,10,2019-04-06 21:36:50,+40.52906,-78.64878,21,0.0,67.4,+11.8,,,,,21:36:49,+11.4,-0.0,59.0,0.0,-269,+0.0,-0.00,+1.0,99,-36,+24,0.0,30.22,+705,,,208,,,,,0,0,,,+0,,,,+8,,,-14,,,,,,,,,8,+49,100,100,30.4,0.0,0.0,29.0,15.6,13.9,33.5,12.8,,+0.2,22.0,17.8,,,,,+118,+490,+125,+492,+121,+453,+126,+489,,,-100,+4.996,,+29.0,+4.998,,,,+15.6,+13.9,+7.9,+48.6,,,,,
58.31,1,10,2019-04-06 21:36:50,+40.52906,-78.64878,21,0.0,67.4,+11.8,,,,,21:36:50,+11.4,-0.4,59.1,0.0,-269,+0.0,-0.01,+1.0,99,-25,+24,0.0,30.22,+705,,,208,,,,,0,0,,,+0,,,,+8,,,-14,,,,,,,,,7,+49,100,100,30.4,0.0,0.0,29.5,15.6,13.9,33.5,12.8,,-0.3,22.0,17.8,,,,,+118,+489,+125,+489,+121,+451,+126,+488,,,-100,+4.996,,+29.5,+4.998,,,,+15.6,+13.9,+7.1,+48.6,,,,,
58.56,1,10,2019-04-06 21:36:50,+40.52906,-78.64878,21,0.0,67.4,+11.8,,,,,21:36:50,+11.4,-0.1,59.0,0.0,-269,+0.0,-0.00,+1.0,99,-22,+24,0.0,30.22,+705,,,208,,,,,0,0,,,+0,,,,+8,,,-14,,,,,,,,,6,+49,100,100,30.4,0.0,0.0,29.3,15.6,13.9,33.5,12.8,,-0.6,22.0,17.8,,,,,+118,+487,+125,+486,+121,+450,+126,+486,,,-100,+4.996,,+29.3,+4.998,,,,+15.6,+13.9,+6.4,+48.6,,,,,
58.81,1,10,2019-04-06 21:36:50,+40.52906,-78.64878,21,0.0,67.4,+11.8,,,,,21:36:50,+11.4,-0.4,59.0,0.0,-269,+0.0,-0.01,+1.0,99,-32,+24,0.0,30.22,+705,,,208,,,,,0,0,,,+0,,,,+8,,,-14,,,,,,,,,6,+49,0,0,30.5,0.0,0.0,28.9,15.6,13.9,33.5,12.8,,-1.0,22.0,17.8,,,,,+118,+485,+125,+484,+121,+448,+126,+484,,,-100,+4.996,,+28.9,+4.998,,,,+15.6,+13.9,+5.7,+48.6,,,,,
59.06,1,10,2019-04-06 21:36:51,+40.52906,-78.64878,21,0.0,67.4,+11.8,,,,,21:36:50,+11.4,-0.2,59.0,0.0,-269,+0.0,-0.00,+1.0,99,-47,+24,0.0,30.22,+705,,,208,,,,,0,0,,,+0,,,,+8,,,-14,,,,,,,,,5,+49,0,0,30.5,0.0,0.0,28.6,15.6,13.9,33.5,12.7,,-1.3,22.0,17.8,,,,,+118,+483,+125,+483,+121,+447,+126,+483,,,-100,+4.996,,+28.6,+4.998,,,,+15.6,+13.9,+5.1,+48.5,,,,,
59.31,1,10,2019-04-06 21:36:51,+40.52906,-78.64878,21,0.0,67.4,+11.8,,,,,21:36:51,+11.4,-0.3,59.0,0.0,-269,+0.0,-0.01,+1.0,99,-32,+24,0.0,30.22,+705,,,208,,,,,0,0,,,+0,,,,+8,,,-14,,,,,,,,,5,+49,0,0,30.5,0.0,0.0,28.4,15.6,13.9,33.5,12.7,,-1.5,22.0,17.8,,,,,+118,+482,+125,+482,+121,+445,+126,+481,,,-100,+4.996,,+28.4,+4.998,,,,+15.6,+13.9,+4.6,+48.5,,,,,
59.56,1,10,2019-04-06 21:36:51,+40.52906,-78.64878,21,0.0,67.4,+11.8,,,,,21:36:51,+11.4,-0.2,58.9,0.0,-269,+0.0,-0.00,+1.0,99,-23,+24,0.0,30.22,+705,,,208,,,,,0,0,,,+0,,,,+8,,,-14,,,,,,,,,4,+49,0,0,30.5,0.0,0.0,28.2,15.6,13.9,33.5,12.7,,-1.7,22.0,17.8,,,,,+118,+480,+125,+481,+121,+444,+126,+480,,,-100,+4.996,,+28.2,+4.998,,,,+15.6,+13.9,+4.2,+48.5,,,,,
59.81,1,10,2019-04-06 21:36:51,+40.52906,-78.64878,21,0.0,67.4,+11.8,,,,,21:36:51,+11.4,-0.3,58.9,0.0,-269,+0.0,-0.01,+1.0,99,-17,+24,0.0,30.22,+705,,,208,,,,,0,0,,,+0,,,,+8,,,-14,,,,,,,,,4,+49,0,0,30.5,0.0,0.0,28.1,15.6,13.9,33.5,12.7,,-1.9,22.0,17.8,,,,,+118,+478,+125,+479,+121,+443,+126,+478,,,-100,+4.996,,+28.1,+4.998,,,,+15.6,+13.9,+3.8,+48.5,,,,,
60.06,1,10,2019-04-06 21:36:52,+40.52906,-78.64878,21,0.0,67.4,+11.8,,,,,21:36:51,+11.4,-0.2,58.9,0.0,-269,-0.0,-0.00,+1.0,99,-28,+24,0.0,30.22,+705,,,208,,,,,0,0,,,+0,,,,+8,,,-14,,,,,,,,,4,+49,0,0,30.7,0.0,0.0,27.9,15.6,13.9,33.5,12.7,,-2.1,22.0,17.8,,,,,+118,+476,+125,+478,+121,+441,+126,+476,,,-100,+4.996,,+27.9,+4.998,,,,+15.6,+13.9,+3.5,+48.5,,,,,
60.31,1,10,2019-04-06 21:36:52,+40.52906,-78.64878,21,0.0,67.4,+11.8,,,,,21:36:52,+11.4,-0.3,58.9,0.0,-269,+0.0,-0.01,+1.0,99,-21,+24,0.0,30.22,+705,,,208,,,,,0,0,,,+0,,,,+8,,,-14,,,,,,,,,3,+48,0,0,30.7,0.0,0.0,27.7,15.6,13.9,33.5,12.7,,-2.3,22.0,17.8,,,,,+118,+475,+125,+477,+121,+439,+126,+475,,,-100,+4.996,,+27.7,+4.998,,,,+15.6,+13.9,+3.2,+48.5,,,,,
60.56,1,10,2019-04-06 21:36:52,+40.52906,-78.64878,21,0.0,67.4,+11.8,,,,,21:36:52,+11.4,-0.3,58.9,0.0,-269,-0.0,-0.00,+1.0,99,-9,+24,0.0,30.22,+696,,,208,,,,,0,0,,,+0,,,,+8,,,-14,,,,,,,,,3,+48,0,0,30.7,0.0,0.0,27.6,15.6,13.9,33.5,12.7,,-2.4,22.0,17.8,,,,,+118,+473,+125,+475,+121,+437,+126,+473,,,-100,+4.996,,+27.6,+4.998,,,,+15.6,+13.9,+3.1,+48.5,,,,,
60.81,1,10,2019-04-06 21:36:52,+40.52906,-78.64878,21,0.0,67.4,+11.8,,,,,21:36:52,+11.5,-0.3,58.9,0.0,-269,+0.0,-0.01,+1.0,99,-14,+24,0.0,30.22,+696,,,208,,,,,0,0,,,+0,,,,+8,,,-14,,,,,,,,,3,+48,0,0,30.7,0.0,0.0,27.4,15.6,13.9,33.5,12.7,,-2.5,22.0,17.8,,,,,+118,+471,+125,+473,+121,+436,+126,+472,,,-100,+4.996,,+27.4,+4.998,,,,+15.6,+13.9,+2.8,+48.4,,,,,
61.06,1,10,2019-04-06 21:36:53,+40.52906,-78.64878,21,0.0,67.4,+11.8,,,,,21:36:52,+11.5,-0.3,58.8,0.0,-269,+0.0,-0.00,+1.0,99,-15,+24,0.0,30.22,+696,,,208,,,,,0,0,,,+0,,,,+8,,,-14,,,,,,,,,3,+48,0,0,30.7,0.0,0.0,27.3,15.6,13.9,33.5,12.7,,-2.6,22.0,17.8,,,,,+118,+470,+125,+471,+121,+435,+126,+471,,,-100,+4.996,,+27.3,+4.998,,,,+15.6,+13.9,+2.6,+48.4,,,,,
61.31,1,10,2019-04-06 21:36:53,+40.52906,-78.64878,21,0.0,67.4,+11.8,,,,,21:36:53,+11.4,-0.3,58.9,0.0,-269,+0.0,-0.01,+1.0,99,-29,+24,0.0,30.22,+696,,,208,,,,,0,0,,,+0,,,,+8,,,-14,,,,,,,,,2,+48,0,0,30.7,0.0,0.0,27.1,15.6,13.9,33.5,12.3,,-2.7,22.0,17.8,,,,,+118,+469,+125,+470,+121,+433,+126,+469,,,-100,+4.996,,+27.1,+4.998,,,,+15.6,+13.9,+2.4,+48.4,,,,,
61.56,1,10,2019-04-06 21:36:53,+40.52906,-78.64878,21,0.0,67.4,+11.8,,,,,21:36:53,+11.4,-0.2,58.9,0.0,-270,+0.0,-0.00,+1.0,99,-50,+24,0.0,30.22,+696,,,208,,,,,0,0,,,+0,,,,+8,,,-14,,,,,,,,,2,+49,0,0,30.7,0.0,0.0,26.9,15.6,13.9,33.5,8.9,,-2.4,22.0,17.8,,,,,+118,+468,+125,+469,+121,+432,+126,+468,,,-100,+4.996,,+26.9,+4.998,,,,+15.6,+13.9,+2.2,+48.5,,,,,
61.81,1,10,2019-04-06 21:36:53,+40.52906,-78.64878,21,0.0,67.4,+11.8,,,,,21:36:53,+11.5,-0.3,58.9,0.0,-271,+0.0,-0.00,+1.0,99,-51,+24,0.0,30.22,+696,,,208,,,,,0,0,,,+0,,,,+8,,,-14,,,,,,,,,2,+49,0,0,30.7,0.0,0.0,26.8,15.6,13.9,33.5,6.1,,-2.1,22.0,17.8,,,,,+118,+466,+125,+467,+121,+431,+126,+467,,,-100,+4.996,,+26.8,+4.998,,,,+15.6,+13.9,+2.1,+48.5,,,,,
62.06,1,10,2019-04-06 21:36:54,+40.52906,-78.64878,21,0.0,67.4,+11.8,,,,,21:36:53,+11.5,-0.3,58.9,0.0,-271,+0.0,-0.00,+1.0,99,-59,+24,0.0,30.22,+696,,,208,,,,,0,0,,,+0,,,,+8,,,-14,,,,,,,,,2,+49,0,0,30.7,0.0,0.0,26.7,15.6,13.9,33.5,4.6,,-1.9,22.0,17.8,,,,,+118,+465,+125,+466,+121,+429,+126,+465,,,-100,+4.996,,+26.7,+4.998,,,,+15.6,+13.9,+1.9,+48.5,,,,,
62.31,1,10,2019-04-06 21:36:54,+40.52906,-78.64878,21,0.0,67.4,+11.8,,,,,21:36:54,+11.5,-0.4,58.9,0.0,-271,+0.0,-0.01,+1.0,99,-39,+24,0.0,30.22,+696,,,208,,,,,0,0,,,+0,,,,,,,,,,,,,,,,2,+49,0,0,30.7,0.0,0.0,26.5,15.6,13.9,33.5,3.8,,-1.6,22.0,17.8,,,,,+118,+464,+125,+465,+121,+428,+126,+463,,,-100,+4.996,,+26.5,+4.998,,,,+15.6,+13.9,+1.8,+48.5,,,,,
62.56,1,10,2019-04-06 21:36:54,+40.52906,-78.64878,21,0.0,67.4,+11.8,,,,,21:36:54,+11.5,-0.3,59.0,0.0,-271,+0.0,-0.00,+1.0,99,-13,+24,0.0,30.22,+696,,,208,,,,,0,0,,,+0,,,,,,,,,,,,,,,,2,+48,0,0,30.7,0.0,0.0,26.4,15.6,13.9,33.5,3.3,,-1.4,22.0,17.8,,,,,+118,+462,+125,+464,+121,+426,+126,+462,,,-100,+4.996,,+26.4,+4.998,,,,+15.6,+13.9,+1.7,+48.5,,,,,
62.81,1,10,2019-04-06 21:36:54,+40.52906,-78.64878,21,0.0,67.4,+11.8,,,,,21:36:54,+11.5,-0.3,59.0,0.0,-271,+0.0,-0.01,+1.0,99,+1,+24,0.0,30.22,+696,,,208,,,,,0,0,,,+0,,,,,,,,,,,,,,,,2,+48,0,0,30.7,0.0,0.0,26.2,15.6,13.9,33.5,3.0,,-1.3,22.0,17.8,,,,,+118,+461,+125,+463,+120,+425,+126,+461,,,-100,+4.996,,+26.2,+4.998,,,,+15.6,+13.9,+1.6,+48.4,,,,,
63.06,1,10,2019-04-06 21:36:55,+40.52906,-78.64878,21,0.0,67.4,+11.8,,,,,21:36:54,+11.5,-0.2,59.0,0.0,-271,+0.0,-0.00,+1.0,99,-16,+24,0.0,30.22,+696,,,208,,,,,0,0,,,+0,,,,,,,,,,,,,,,,2,+48,0,0,30.7,0.0,0.0,26.1,15.6,13.9,33.5,2.8,,-1.1,22.0,17.8,,,,,+118,+459,+125,+461,+121,+424,+126,+459,,,-100,+4.996,,+26.1,+4.998,,,,+15.6,+13.9,+1.6,+48.4,,,,,
63.31,1,10,2019-04-06 21:36:55,+40.52906,-78.64878,21,0.0,67.4,+11.8,,,,,21:36:55,+11.5,-0.2,59.0,0.0,-271,+0.0,-0.00,+1.0,99,-22,+24,0.0,30.22,+696,,,208,,,,,0,0,,,+0,,,,,,,,,,,,,,,,1,+48,0,0,30.7,0.0,0.0,25.9,15.6,13.9,33.5,2.7,,-1.0,22.0,17.8,,,,,+118,+457,+124,+460,+120,+423,+126,+458,,,-100,+4.996,,+25.9,+4.998,,,,+15.6,+13.9,+1.5,+48.4,,,,,
63.56,1,10,2019-04-06 21:36:55,+40.52906,-78.64878,21,0.0,67.4,+11.8,,,,,21:36:55,+11.5,-0.2,59.0,0.0,-271,+0.0,-0.00,+1.0,99,-30,+24,0.0,30.22,+694,,,208,,,,,0,0,,,+0,,,,,,,,,,,,,,,,1,+48,0,0,30.7,0.0,0.0,25.8,15.6,13.9,33.5,2.6,,-0.8,22.0,17.8,,,,,+118,+456,+125,+458,+121,+421,+126,+456,,,-100,+4.996,,+25.8,+4.998,,,,+15.6,+13.9,+1.4,+48.4,,,,,
63.81,1,10,2019-04-06 21:36:55,+40.52906,-78.64878,21,0.0,67.4,+11.8,,,,,21:36:55,+11.5,-0.2,59.0,0.0,-271,+0.0,-0.00,+1.0,99,-18,+24,0.0,30.22,+694,,,208,,,,,0,0,,,+0,,,,,,,,,,,,,,,,1,+48,0,0,30.7,0.0,0.0,25.6,15.6,13.9,33.5,2.6,,-0.7,22.0,17.8,,,,,+118,+455,+125,+457,+121,+420,+126,+455,,,-100,+4.996,,+25.6,+4.998,,,,+15.6,+13.9,+1.3,+48.4,,,,,
64.06,1,10,2019-04-06 21:36:56,+40.52906,-78.64878,21,0.0,67.4,+11.8,,,,,21:36:55,+11.5,-0.1,59.1,0.0,-271,+0.0,-0.01,+1.0,99,-38,+24,0.0,30.22,+694,,,208,,,,,0,0,,,+0,,,,,,,,,,,,,,,,1,+48,0,0,30.7,0.0,0.0,25.5,15.6,13.9,33.5,2.6,,-0.6,22.0,17.8,,,,,+118,+453,+125,+456,+121,+418,+126,+454,,,-100,+4.996,,+25.5,+4.998,,,,+15.6,+13.9,+1.2,+48.4,,,,,
64.31,1,10,2019-04-06 21:36:56,+40.52906,-78.64878,21,0.0,67.4,+11.8,,,,,21:36:56,+11.5,-0.1,59.1,0.0,-271,+0.1,-0.00,+1.0,99,-35,+24,0.0,30.22,+694,,,208,,,,,0,0,,,+0,,,,,,,,,,,,,,,,1,+48,0,0,30.7,0.0,0.0,25.4,15.6,13.9,33.5,2.6,,-0.6,22.0,17.8,,,,,+118,+452,+125,+454,+121,+417,+126,+452,,,-100,+4.996,,+25.4,+4.998,,,,+15.6,+13.9,+1.2,+48.4,,,,,
64.56,1,10,2019-04-06 21:36:56,+40.52906,-78.64878,21,0.0,67.4,+11.8,,,,,21:36:56,+11.5,-0.2,59.1,0.0,-271,+0.0,-0.00,+1.0,99,-59,+24,0.0,30.22,+694,,,208,,,,,0,0,,,+0,,,,,,,,,,,,,,,,1,+48,0,0,30.7,0.0,0.0,25.2,15.7,13.9,33.5,2.5,,-0.5,22.0,17.8,,,,,+118,+451,+124,+453,+121,+415,+126,+451,,,-100,+4.996,,+25.2,+4.998,,,,+15.7,+13.9,+1.1,+48.3,,,,,
64.81,1,10,2019-04-06 21:36:56,+40.52906,-78.64878,21,0.0,67.4,+11.8,,,,,21:36:56,+11.5,-0.2,59.1,0.0,-273,+0.0,-0.00,+1.0,99,-77,+24,0.0,30.22,+694,,,208,,,,,0,0,,,+0,,,,,,,,,,,,,,,,1,+48,0,0,30.7,0.0,0.0,25.1,15.7,13.9,33.5,2.5,,-0.4,22.0,17.8,,,,,+118,+450,+124,+452,+121,+414,+126,+450,,,-100,+4.996,,+25.1,+4.998,,,,+15.7,+13.9,+1.1,+48.3,,,,,
65.06,1,10,2019-04-06 21:36:57,+40.52906,-78.64878,21,0.0,67.4,+11.8,,,,,21:36:56,+11.5,-0.2,59.1,0.0,-274,+0.0,-0.01,+1.0,99,-105,+24,0.0,30.22,+694,,,208,,,,,0,0,,,+0,,,,,,,,,,,,,,,,1,+48,0,0,30.7,0.0,0.0,25.0,15.7,13.9,33.5,2.5,,-0.4,22.0,17.8,,,,,+118,+449,+124,+450,+121,+413,+126,+448,,,-100,+4.996,,+25.0,+4.998,,,,+15.7,+13.9,+1.0,+48.3,,,,,
65.31,1,10,2019-04-06 21:36:57,+40.52906,-78.64878,21,0.0,67.4,+11.8,,,,,21:36:57,+11.5,-0.2,59.1,0.0,-274,+0.0,-0.00,+1.0,99,-102,+24,0.0,30.22,+694,,,208,,,,,0,0,,,+0,,,,,,,,,,,,,,,,1,+48,0,0,30.7,0.0,0.0,24.8,15.7,13.9,33.5,2.5,,-0.3,22.0,17.8,,,,,+118,+448,+124,+449,+121,+411,+126,+447,,,-100,+4.996,,+24.8,+4.998,,,,+15.7,+13.9,+0.9,+48.3,,,,,
65.56,1,10,2019-04-06 21:36:57,+40.52906,-78.64878,21,0.0,67.4,+11.8,,,,,21:36:57,+11.5,-0.2,59.1,0.0,-275,+0.0,-0.00,+1.0,99,-92,+24,0.0,30.22,+694,,,208,,,,,0,0,,,+0,,,,,,,,,,,,,,,,1,+48,0,0,30.7,0.0,0.0,24.7,15.7,13.9,33.5,2.5,,-0.3,22.0,17.8,,,,,+118,+447,+124,+448,+120,+410,+126,+446,,,-100,+4.996,,+24.7,+4.998,,,,+15.7,+13.9,+0.9,+48.3,,,,,
65.81,1,10,2019-04-06 21:36:57,+40.52906,-78.64878,21,0.0,67.4,+11.8,,,,,21:36:57,+11.5,-0.2,59.1,0.0,-275,+0.0,-0.00,+1.0,99,-72,+24,0.0,30.22,+694,,,208,,,,,0,0,,,+0,,,,,,,,,,,,,,,,1,+48,0,0,30.7,0.0,0.0,24.6,15.7,13.9,33.5,2.5,,-0.2,22.0,17.8,,,,,+118,+446,+124,+447,+120,+409,+126,+444,,,-100,+4.996,,+24.6,+4.998,,,,+15.7,+13.9,+0.9,+48.3,,,,,
66.06,1,10,2019-04-06 21:36:58,+40.52906,-78.64878,21,0.0,67.4,+11.8,,,,,21:36:57,+11.5,-0.2,59.1,0.0,-275,+0.0,-0.01,+1.0,99,-78,+24,0.0,30.22,+694,,,208,,,,,0,0,,,+0,,,,,,,,,,,,,,,,1,+48,0,0,30.7,0.0,0.0,24.4,15.7,13.9,33.5,2.5,,-0.2,22.0,17.8,,,,,+118,+445,+124,+446,+120,+408,+126,+443,,,-100,+4.996,,+24.4,+4.998,,,,+15.7,+13.9,+0.9,+48.3,,,,,
66.31,1,10,2019-04-06 21:36:58,+40.52906,-78.64878,21,0.0,67.4,+11.8,,,,,21:36:58,+11.5,-0.2,59.1,0.0,-276,+0.0,-0.00,+1.0,99,-79,+24,0.0,30.22,+694,,,208,,,,,0,0,,,+0,,,,,,,,,,,,,,,,1,+48,0,0,30.7,0.0,0.0,24.3,15.7,13.9,33.5,2.5,,-0.2,22.0,17.8,,,,,+118,+444,+124,+444,+120,+407,+126,+441,,,-100,+4.996,,+24.3,+4.998,,,,+15.7,+13.9,+0.8,+48.2,,,,,
66.56,1,10,2019-04-06 21:36:58,+40.52906,-78.64878,21,0.0,67.4,+11.8,,,,,21:36:58,+11.5,-0.2,59.1,0.0,-276,+0.0,-0.01,+1.0,99,-63,+24,0.0,30.22,+694,,,208,,,,,0,0,,,+0,,,,,,,,,,,,,,,,1,+48,0,0,30.7,0.0,0.0,24.2,15.7,13.9,33.5,2.4,,-0.1,22.0,17.8,,,,,+118,+442,+124,+443,+120,+406,+126,+440,,,-100,+4.996,,+24.2,+4.998,,,,+15.7,+13.9,+0.8,+48.2,,,,,
66.81,1,10,2019-04-06 21:36:58,+40.52906,-78.64878,21,0.0,67.4,+11.8,,,,,21:36:58,+11.4,-0.2,59.1,0.0,-276,-0.0,-0.00,+1.0,99,-48,+24,0.0,30.22,+688,,,208,,,,,0,0,,,+0,,,,,,,,,,,,,,,,1,+48,0,0,30.7,0.0,0.0,24.1,15.7,13.9,33.5,2.4,,-0.1,22.0,17.8,,,,,+118,+441,+124,+442,+120,+405,+126,+439,,,-100,+4.996,,+24.1,+4.998,,,,+15.7,+13.9,+0.7,+48.2,,,,,
67.06,1,10,2019-04-06 21:36:59,+40.52906,-78.64878,21,0.0,67.4,+11.8,,,,,21:36:58,+11.4,-0.3,59.1,0.0,-276,-0.0,-0.01,+1.0,99,-44,+24,0.0,30.22,+688,,,208,,,,,0,0,,,+0,,,,,,,,,,,,,,,,1,+48,0,0,30.7,0.0,0.0,23.9,15.7,13.9,33.5,2.4,,-0.1,22.0,17.8,,,,,+118,+440,+124,+440,+120,+404,+126,+438,,,-100,+4.996,,+23.9,+4.998,,,,+15.7,+13.9,+0.7,+48.2,,,,,
67.31,1,10,2019-04-06 21:36:59,+40.52906,-78.64878,21,0.0,67.4,+11.8,,,,,21:36:59,+11.5,-0.3,59.1,0.0,-276,+0.0,-0.00,+1.0,99,-46,+24,0.0,30.22,+688,,,208,,,,,0,0,,,+0,,,,,,,,,,,,,,,,1,+48,0,0,30.7,0.0,0.0,23.8,15.7,13.9,33.5,2.4,,-0.1,22.0,17.8,,,,,+118,+439,+124,+439,+120,+403,+126,+437,,,-100,+4.996,,+23.8,+4.998,,,,+15.7,+13.9,+0.7,+48.2,,,,,
67.56,1,10,2019-04-06 21:36:59,+40.52906,-78.64878,21,0.0,67.4,+11.8,,,,,21:36:59,+11.5,-0.2,59.2,0.0,-276,+0.0,-0.00,+1.0,99,-61,+24,0.0,30.22,+688,,,208,,,,,0,0,,,+0,,,,,,,,,,,,,,,,1,+48,0,0,30.7,0.0,0.0,23.7,15.7,13.9,33.5,2.4,,-0.1,22.0,17.8,,,,,+118,+438,+124,+438,+120,+402,+126,+435,,,-100,+4.996,,+23.7,+4.998,,,,+15.7,+13.9,+0.6,+48.2,,,,,
67.81,1,10,2019-04-06 21:36:59,+40.52906,-78.64878,21,0.0,67.4,+11.8,,,,,21:36:59,+11.5,-0.2,59.1,0.0,-276,+0.0,-0.00,+1.0,99,-48,+24,0.0,30.22,+688,,,208,,,,,0,0,,,+0,,,,,,,,,,,,,,,,1,+48,0,0,30.7,0.0,0.0,23.6,15.7,13.9,33.5,2.4,,-0.0,22.0,17.8,,,,,+118,+437,+124,+437,+120,+401,+126,+434,,,-100,+4.996,,+23.6,+4.998,,,,+15.7,+13.9,+0.6,+48.1,,,,,
68.06,1,10,2019-04-06 21:37:00,+40.52906,-78.64878,21,0.0,67.4,+11.8,,,,,21:36:59,+11.5,-0.2,59.1,0.0,-276,+0.0,-0.00,+1.0,99,-49,+24,0.0,30.22,+688,,,208,,,,,0,0,,,+0,,,,,,,,,,,,,,,,1,+48,0,0,30.7,0.0,0.0,23.5,15.7,13.9,33.5,2.4,,-0.0,22.0,17.8,,,,,+118,+435,+124,+435,+120,+400,+126,+433,,,-100,+4.996,,+23.5,+4.998,,,,+15.7,+13.9,+0.6,+48.1,,,,,
68.31,1,10,2019-04-06 21:37:00,+40.52906,-78.64878,21,0.0,67.4,+11.8,,,,,21:37:00,+11.5,-0.2,59.2,0.0,-276,+0.0,-0.00,+1.0,99,-33,+24,0.0,30.22,+688,,,208,,,,,0,0,,,+0,,,,,,,,,,,,,,,,1,+48,0,0,30.7,0.0,0.0,23.3,15.7,13.9,33.5,2.4,,-0.0,22.0,17.8,,,,,+118,+435,+124,+435,+120,+399,+126,+432,,,-100,+4.996,,+23.3,+4.998,,,,+15.7,+13.9,+0.5,+48.1,,,,,
68.56,1,10,2019-04-06 21:37:00,+40.52906,-78.64878,21,0.0,67.4,+11.8,,,,,21:37:00,+11.5,-0.2,59.2,0.0,-276,+0.0,-0.01,+1.0,99,-35,+24,0.0,30.22,+688,,,208,,,,,0,0,,,+0,,,,,,,,,,,,,,,,0,+48,0,0,30.7,0.0,0.0,23.2,15.7,13.9,33.5,2.4,,-0.0,22.0,17.8,,,,,+118,+433,+124,+433,+120,+397,+126,+431,,,-100,+4.996,,+23.2,+4.998,,,,+15.7,+13.9,+0.5,+48.1,,,,,
68.81,1,10,2019-04-06 21:37:00,+40.52906,-78.64878,21,0.0,67.4,+11.8,,,,,21:37:00,+11.5,-0.2,59.1,0.0,-276,+0.0,-0.00,+1.0,99,-46,+24,0.0,30.22,+688,,,208,,,,,0,0,,,+0,,,,,,,,,,,,,,,,0,+48,0,0,30.7,0.0,0.0,23.1,15.7,13.9,33.5,2.4,,-0.0,22.0,17.8,,,,,+118,+433,+124,+432,+120,+397,+126,+430,,,-100,+4.996,,+23.1,+4.998,,,,+15.7,+13.9,+0.5,+48.1,,,,,
69.06,1,10,2019-04-06 21:37:01,+40.52906,-78.64878,21,0.0,67.4,+11.8,,,,,21:37:00,+11.5,-0.2,59.1,0.0,-276,+0.0,-0.01,+1.0,99,-57,+24,0.0,30.22,+688,,,208,,,,,0,0,,,+0,,,,,,,,,,,,,,,,0,+48,0,0,30.7,0.0,0.0,23.0,15.7,13.9,33.5,2.4,,+0.0,22.0,17.8,,,,,+118,+432,+124,+431,+120,+396,+126,+429,,,-100,+4.996,,+23.0,+4.998,,,,+15.7,+13.9,+0.4,+48.1,,,,,
69.31,1,10,2019-04-06 21:37:01,+40.52906,-78.64878,21,0.0,67.4,+11.8,,,,,21:37:01,+11.5,-0.2,59.1,0.0,-277,+0.0,-0.00,+1.0,99,-35,+24,0.0,30.22,+688,,,208,,,,,0,0,,,+0,,,,,,,,,,,,,,,,0,+48,0,0,30.7,0.0,0.0,22.9,15.7,13.9,33.5,2.4,,+0.0,22.0,17.8,,,,,+118,+430,+124,+430,+120,+395,+126,+428,,,-100,+4.996,,+22.9,+4.998,,,,+15.7,+13.9,+0.4,+48.1,,,,,
69.56,1,10,2019-04-06 21:37:01,+40.52906,-78.64878,21,0.0,67.4,+11.8,,,,,21:37:01,+11.5,-0.2,59.1,0.0,-277,+0.0,-0.00,+1.0,99,-46,+24,0.0,30.22,+688,,,208,,,,,0,0,,,+0,,,,,,,,,,,,,,,,0,+48,0,0,30.7,0.0,0.0,22.8,15.7,13.9,33.5,2.4,,+0.0,22.0,17.8,,,,,+118,+429,+124,+428,+120,+394,+126,+427,,,-100,+4.996,,+22.8,+4.998,,,,+15.7,+13.9,+0.4,+48.1,,,,,
69.81,1,10,2019-04-06 21:37:01,+40.52906,-78.64878,21,0.0,67.4,+11.8,,,,,21:37:01,+11.5,-0.2,59.1,0.0,-277,+0.0,-0.00,+1.0,99,-48,+24,0.0,30.22,+686,,,208,,,,,0,0,,,+0,,,,,,,,,,,,,,,,0,+48,0,0,30.7,0.0,0.0,22.6,15.7,13.9,33.5,2.4,,+0.0,22.0,17.8,,,,,+118,+428,+124,+427,+120,+393,+126,+426,,,-100,+4.996,,+22.6,+4.998,,,,+15.7,+13.9,+0.4,+48.0,,,,,
70.06,1,10,2019-04-06 21:37:02,+40.52906,-78.64878,21,0.0,67.4,+11.8,,,,,21:37:01,+11.5,-0.2,59.2,0.0,-277,+0.0,-0.01,+1.0,99,-65,+24,0.0,30.22,+686,,,208,,,,,0,0,,,+0,,,,,,,,,,,,,,,,0,+48,0,0,30.7,0.0,0.0,22.5,15.7,13.9,33.5,2.4,,+0.0,22.0,17.8,,,,,+118,+428,+124,+426,+120,+392,+126,+425,,,-100,+4.996,,+22.5,+4.998,,,,+15.7,+13.9,+0.3,+48.0,,,,,
70.31,1,10,2019-04-06 21:37:02,+40.52906,-78.64878,21,0.0,67.4,+11.8,,,,,21:37:02,+11.4,-0.2,59.2,0.0,-278,+0.0,-0.00,+0.9,99,-65,+24,0.0,30.22,+686,,,208,,,,,0,0,,,+0,,,,,,,,,,,,,,,,0,+48,0,0,30.7,0.0,0.0,22.4,15.7,13.9,33.5,2.4,,+0.0,22.0,17.8,,,,,+118,+427,+124,+425,+120,+390,+126,+424,,,-100,+4.996,,+22.4,+4.998,,,,+15.7,+13.9,+0.3,+48.0,,,,,
70.56,1,10,2019-04-06 21:37:02,+40.52906,-78.64878,21,0.0,67.4,+11.8,,,,,21:37:02,+11.4,-0.2,59.2,0.0,-278,+0.0,-0.00,+1.0,99,-56,+24,0.0,30.22,+686,,,208,,,,,0,0,,,+0,,,,,,,,,,,,,,,,0,+48,0,0,30.7,0.0,0.0,22.3,15.7,13.9,33.5,2.4,,+0.0,22.0,17.8,,,,,+118,+425,+124,+424,+120,+389,+126,+423,,,-100,+4.996,,+22.3,+4.998,,,,+15.7,+13.9,+0.3,+48.0,,,,,
70.81,1,10,2019-04-06 21:37:02,+40.52906,-78.64878,21,0.0,67.4,+11.8,,,,,21:37:02,+11.4,-0.2,59.2,0.0,-278,+0.0,-0.01,+1.0,99,-38,+24,0.0,30.22,+686,,,208,,,,,0,0,,,+0,,,,,,,,,,,,,,,,0,+48,0,0,30.7,0.0,0.0,22.2,15.7,13.9,33.5,2.4,,+0.0,22.0,17.8,,,,,+118,+424,+124,+423,+120,+388,+126,+422,,,-100,+4.996,,+22.2,+4.998,,,,+15.7,+13.9,+0.3,+48.0,,,,,
71.06,1,10,2019-04-06 21:37:03,+40.52906,-78.64878,21,0.0,67.4,+11.8,,,,,21:37:02,+11.4,-0.2,59.2,0.0,-278,+0.0,-0.00,+1.0,99,-32,+24,0.0,30.22,+686,,,208,,,,,0,0,,,+0,,,,,,,,,,,,,,,,0,+48,0,0,30.7,0.0,0.0,22.1,15.7,13.9,33.5,2.4,,+0.0,22.0,17.8,,,,,+118,+423,+124,+422,+120,+387,+126,+421,,,-100,+4.996,,+22.1,+4.998,,,,+15.7,+13.9,+0.2,+48.0,,,,,
71.31,1,10,2019-04-06 21:37:03,+40.52906,-78.64878,21,0.0,67.4,+11.8,,,,,21:37:03,+11.5,-0.2,59.1,0.0,-278,+0.0,-0.00,+1.0,99,-28,+24,0.0,30.22,+686,,,208,,,,,0,0,,,+0,,,,,,,,,,,,,,,,0,+48,0,0,30.7,0.0,0.0,22.0,15.7,13.9,33.5,2.4,,+0.0,22.0,17.8,,,,,+118,+423,+124,+421,+120,+387,+126,+419,,,-100,+4.996,,+22.0,+4.998,,,,+15.7,+13.9,+0.2,+48.0,,,,,
71.56,1,10,2019-04-06 21:37:03,+40.52906,-78.64878,21,0.0,67.4,+11.8,,,,,21:37:03,+11.5,-0.2,59.1,0.0,-278,+0.0,-0.01,+1.0,99,-23,+24,0.0,30.22,+686,,,208,,,,,0,0,,,+0,,,,,,,,,,,,,,,,0,+48,0,0,30.7,0.0,0.0,21.9,15.7,13.9,33.5,2.4,,+0.0,22.0,17.8,,,,,+118,+422,+124,+420,+120,+386,+126,+418,,,-100,+4.996,,+21.9,+4.998,,,,+15.7,+13.9,+0.2,+48.0,,,,,
71.81,1,9,2019-04-06 21:37:03,+40.52906,-78.64878,21,0.0,67.4,+11.8,,,,,21:37:03,+11.5,-0.2,59.1,0.0,-278,+0.0,-0.01,+1.0,99,-22,+24,0.0,30.22,+684,,,208,,,,,0,0,,,+0,,,,,,,,,,,,,,,,0,+48,0,0,30.7,0.0,0.0,21.8,15.7,13.9,33.5,2.4,,+0.0,22.0,17.8,,,,,+118,+420,+124,+420,+120,+385,+126,+417,,,-100,+4.996,,+21.8,+4.998,,,,+15.7,+13.9,+0.2,+48.0,,,,,
72.06,1,9,2019-04-06 21:37:04,+40.52906,-78.64878,21,0.0,67.4,+11.8,,,,,21:37:03,+11.5,-0.2,59.0,0.0,-278,+0.0,-0.00,+1.0,99,-17,+24,0.0,30.22,+684,,,208,,,,,0,0,,,+0,,,,,,,,,,,,,,,,0,+48,0,0,30.7,0.0,0.0,21.7,15.7,13.9,33.5,2.4,,+0.0,22.0,17.8,,,,,+118,+419,+124,+419,+120,+383,+126,+416,,,-100,+4.996,,+21.7,+4.998,,,,+15.7,+13.9,+0.2,+47.9,,,,,
72.31,1,10,2019-04-06 21:37:04,+40.52906,-78.64878,21,0.0,67.4,+11.8,,,,,21:37:04,+11.5,-0.2,59.0,0.0,-278,+0.0,-0.00,+1.0,99,-9,+24,0.0,30.22,+684,,,208,,,,,0,0,,,+0,,,,,,,,,,,,,,,,0,+48,0,0,30.7,0.0,0.0,21.6,15.7,13.9,33.5,2.4,,+0.1,22.0,17.8,,,,,+118,+418,+124,+418,+120,+382,+126,+415,,,-100,+4.996,,+21.6,+4.998,,,,+15.7,+13.9,+0.2,+47.9,,,,,
72.56,1,10,2019-04-06 21:37:04,+40.52906,-78.64878,21,0.0,67.4,+11.8,,,,,21:37:04,+11.5,-0.3,58.9,0.0,-278,+0.0,-0.01,+1.0,99,-6,+24,0.0,30.22,+684,,,208,,,,,0,0,,,+0,,,,,,,,,,,,,,,,0,+48,0,0,30.7,0.0,0.0,21.5,15.7,13.9,33.5,2.4,,+0.1,22.0,17.8,,,,,+118,+417,+124,+417,+120,+381,+126,+414,,,-100,+4.996,,+21.5,+4.998,,,,+15.7,+13.9,+0.2,+47.9,,,,,
72.81,1,9,2019-04-06 21:37:04,+40.52906,-78.64878,21,0.0,67.4,+11.8,,,,,21:37:04,+11.4,-0.3,58.9,0.0,-278,+0.0,-0.00,+1.0,99,-9,+24,0.0,30.22,+684,,,208,,,,,0,0,,,+0,,,,,,,,,,,,,,,,0,+48,0,0,30.7,0.0,0.0,21.4,15.7,13.9,33.5,2.4,,+0.1,22.0,17.8,,,,,+118,+416,+124,+417,+120,+381,+126,+413,,,-100,+4.996,,+21.4,+4.998,,,,+15.7,+13.9,+0.2,+47.9,,,,,
73.06,1,9,2019-04-06 21:37:05,+40.52906,-78.64878,21,0.0,67.4,+11.8,,,,,21:37:04,+11.4,-0.2,58.9,0.0,-278,+0.0,+0.00,+1.0,99,-13,+24,0.0,30.22,+684,,,208,,,,,0,0,,,+0,,,,,,,,,,,,,,,,0,+48,0,0,30.7,0.0,0.0,21.3,15.7,13.9,33.5,2.4,,+0.1,22.0,17.8,,,,,+118,+415,+124,+416,+120,+379,+126,+412,,,-100,+4.996,,+21.3,+4.998,,,,+15.7,+13.9,+0.1,+47.9,,,,,
73.31,1,9,2019-04-06 21:37:05,+40.52906,-78.64878,21,0.0,67.4,+11.8,,,,,21:37:05,+11.4,-0.2,58.9,0.0,-278,+0.0,-0.01,+1.0,99,-17,+24,0.0,30.22,+684,,,208,,,,,0,0,,,+0,,,,,,,,,,,,,,,,0,+48,0,0,30.7,0.0,0.0,21.2,15.7,13.9,33.5,2.4,,+0.1,22.0,17.8,,,,,+118,+414,+124,+415,+120,+379,+126,+411,,,-100,+4.996,,+21.2,+4.998,,,,+15.7,+13.9,+0.1,+47.9,,,,,
73.56,1,9,2019-04-06 21:37:05,+40.52906,-78.64878,21,0.0,67.4,+11.8,,,,,21:37:05,+11.4,-0.2,58.8,0.0,-278,+0.0,-0.01,+1.0,99,-12,+24,0.0,30.22,+684,,,208,,,,,0,0,,,+0,,,,,,,,,,,,,,,,0,+48,0,0,30.7,0.0,0.0,21.1,15.7,13.9,33.5,2.4,,+0.1,22.0,17.8,,,,,+118,+413,+124,+414,+120,+378,+126,+410,,,-100,+4.996,,+21.1,+4.998,,,,+15.7,+13.9,+0.1,+47.9,,,,,
73.81,1,10,2019-04-06 21:37:05,+40.52906,-78.64878,21,0.0,67.4,+11.8,,,,,21:37:05,+11.4,-0.2,58.8,0.0,-278,+0.0,-0.00,+1.0,99,-5,+24,0.0,30.22,+684,,,208,,,,,0,0,,,+0,,,,,,,,,,,,,,,,0,+48,0,0,30.7,0.0,0.0,21.0,15.7,13.9,33.5,2.4,,+0.1,22.0,17.8,,,,,+118,+413,+124,+413,+120,+377,+126,+409,,,-100,+4.996,,+21.0,+4.998,,,,+15.7,+13.9,+0.1,+47.9,,,,,
74.06,1,10,2019-04-06 21:37:06,+40.52906,-78.64878,21,0.0,67.4,+11.8,,,,,21:37:05,+11.4,-0.2,58.8,0.0,-278,+0.0,-0.00,+1.0,99,+12,+24,0.0,30.22,+684,,,208,,,,,0,0,,,+0,,,,,,,,,,,,,,,,0,+48,0,0,30.7,0.0,0.0,20.9,15.7,13.9,33.5,2.4,,+0.1,22.0,17.8,,,,,+118,+412,+124,+412,+120,+376,+126,+408,,,-100,+4.996,,+20.9,+4.998,,,,+15.7,+13.9,+0.1,+47.9,,,,,
74.31,1,10,2019-04-06 21:37:06,+40.52906,-78.64878,21,0.0,67.4,+11.8,,,,,21:37:06,+11.5,-0.2,58.8,0.0,-278,+0.0,-0.01,+1.0,99,+26,+24,0.0,30.22,+684,,,208,,,,,0,0,,,+0,,,,,,,,,,,,,,,,0,+48,0,0,30.7,0.0,0.0,20.8,15.7,13.9,33.5,2.4,,+0.1,22.0,17.8,,,,,+118,+411,+124,+411,+120,+375,+126,+407,,,-100,+4.996,,+20.8,+4.998,,,,+15.7,+13.9,+0.1,+47.9,,,,,
74.56,1,10,2019-04-06 21:37:06,+40.52906,-78.64878,21,0.0,67.4,+11.8,,,,,21:37:06,+11.5,-0.2,58.8,0.0,-278,+0.0,-0.00,+1.0,99,+33,+24,0.0,30.22,+684,,,208,,,,,0,0,,,+0,,,,,,,,,,,,,,,,0,+48,0,0,30.7,0.0,0.0,20.7,15.7,13.9,33.5,2.4,,+0.1,22.0,17.8,,,,,+118,+410,+124,+410,+120,+374,+126,+407,,,-100,+4.996,,+20.7,+4.998,,,,+15.7,+13.9,+0.1,+47.9,,,,,
74.81,1,10,2019-04-06 21:37:06,+40.52906,-78.64878,21,0.0,67.4,+11.8,,,,,21:37:06,+11.5,-0.2,58.8,0.0,-278,+0.0,-0.00,+1.0,99,+43,+24,0.0,30.22,+675,,,208,,,,,0,0,,,+0,,,,,,,,,,,,,,,,0,+48,0,0,30.7,0.0,0.0,20.6,15.7,13.9,33.5,2.4,,+0.1,22.0,17.8,,,,,+118,+409,+124,+409,+120,+373,+126,+406,,,-100,+4.996,,+20.6,+4.998,,,,+15.7,+13.9,+0.1,+47.8,,,,,
75.06,1,10,2019-04-06 21:37:07,+40.52906,-78.64878,21,0.0,67.4,+11.8,,,,,21:37:06,+11.5,-0.2,58.8,0.0,-278,+0.0,-0.00,+1.0,99,+47,+24,0.0,30.22,+675,,,208,,,,,0,0,,,+0,,,,,,,,,,,,,,,,0,+48,0,0,30.7,0.0,0.0,20.5,15.7,13.9,33.5,2.4,,+0.1,22.0,17.8,,,,,+118,+408,+124,+408,+120,+372,+126,+404,,,-100,+4.996,,+20.5,+4.998,,,,+15.7,+13.9,+0.0,+47.8,,,,,
75.31,1,10,2019-04-06 21:37:07,+40.52906,-78.64878,21,0.0,67.4,+11.8,,,,,21:37:07,+11.5,-0.2,59.0,0.0,-278,+0.1,-0.00,+1.0,99,+54,+24,0.0,30.22,+675,,,208,,,,,0,0,,,+0,,,,,,,,,,,,,,,,0,+48,0,0,30.7,0.0,0.0,20.4,15.7,13.9,33.5,2.4,,+0.1,22.0,17.8,,,,,+118,+408,+124,+407,+120,+372,+126,+403,,,-100,+4.996,,+20.4,+4.998,,,,+15.7,+13.9,+0.0,+47.8,,,,,
75.56,1,10,2019-04-06 21:37:07,+40.52906,-78.64878,21,0.0,67.4,+11.8,,,,,21:37:07,+11.5,-0.2,59.3,0.0,-278,+0.1,-0.00,+1.0,99,+44,+24,0.0,30.22,+675,,,208,,,,,0,0,,,+0,,,,,,,,,,,,,,,,0,+48,0,0,30.7,0.0,0.0,20.3,15.7,13.9,33.5,2.4,,+0.1,22.0,17.8,,,,,+118,+407,+124,+406,+120,+371,+126,+402,,,-100,+4.996,,+20.3,+4.998,,,,+15.7,+13.9,+0.0,+47.8,,,,,
75.81,1,10,2019-04-06 21:37:07,+40.52906,-78.64878,21,0.0,67.4,+11.8,,,,,21:37:07,+11.5,-0.2,59.6,0.0,-278,+0.1,-0.01,+1.0,99,+23,+24,0.0,30.22,+675,,,208,,,,,0,0,,,+0,,,,,,,,,,,,,,,,0,+48,0,0,30.7,0.0,0.0,20.2,15.7,13.9,33.5,2.4,,+0.1,22.0,17.8,,,,,+118,+406,+123,+406,+120,+370,+126,+402,,,-100,+4.996,,+20.2,+4.998,,,,+15.7,+13.9,+0.0,+47.8,,,,,
76.06,1,9,2019-04-06 21:37:08,+40.52906,-78.64878,21,0.0,67.4,+11.8,,,,,21:37:07,+11.5,-0.2,60.0,0.0,-278,+0.1,-0.00,+1.0,99,+32,+24,0.0,30.22,+675,,,208,,,,,0,0,,,+0,,,,,,,,,,,,,,,,0,+48,0,0,30.7,0.0,0.0,20.1,15.7,13.9,33.5,2.4,,+0.1,22.0,17.8,,,,,+118,+405,+123,+405,+120,+369,+126,+401,,,-100,+4.996,,+20.1,+4.998,,,,+15.7,+13.9,+0.0,+47.8,,,,,
76.31,1,9,2019-04-06 21:37:08,+40.52906,-78.64878,21,0.0,67.4,+11.8,,,,,21:37:08,+11.5,-0.2,60.4,0.0,-278,+0.1,-0.00,+1.0,99,+45,+24,0.0,30.22,+675,,,208,,,,,0,0,,,+0,,,,,,,,,,,,,,,,0,+48,0,0,30.7,0.0,0.0,20.1,15.7,13.9,33.5,2.4,,+0.1,22.0,17.8,,,,,+118,+404,+123,+404,+120,+368,+126,+400,,,-100,+4.996,,+20.1,+4.998,,,,+15.7,+13.9,+0.0,+47.8,,,,,
76.56,1,9,2019-04-06 21:37:08,+40.52906,-78.64878,21,0.0,67.4,+11.8,,,,,21:37:08,+11.5,-0.2,60.8,0.0,-278,+0.1,-0.00,+1.0,99,+37,+24,0.0,30.22,+675,,,208,,,,,0,0,,,+0,,,,,,,,,,,,,,,,0,+48,0,0,30.7,0.0,0.0,20.0,15.7,13.9,33.5,2.4,,+0.1,22.0,17.8,,,,,+118,+404,+123,+402,+120,+367,+126,+399,,,-100,+4.996,,+20.0,+4.998,,,,+15.7,+13.9,+0.0,+47.8,,,,,
76.81,1,10,2019-04-06 21:37:08,+40.52906,-78.64878,21,0.0,67.4,+11.8,,,,,21:37:08,+11.5,-0.2,61.3,0.0,-278,+0.1,-0.00,+1.0,99,+42,+24,0.0,30.22,+675,,,208,,,,,0,0,,,+0,,,,,,,,,,,,,,,,0,+48,0,0,30.7,0.0,0.0,19.9,15.7,13.9,33.5,2.4,,+0.1,22.0,17.8,,,,,+118,+403,+123,+401,+120,+366,+126,+398,,,-100,+4.996,,+19.9,+4.998,,,,+15.7,+13.9,+0.0,+47.8,,,,,
77.06,1,10,2019-04-06 21:37:09,+40.52906,-78.64878,21,0.0,67.4,+11.8,,,,,21:37:08,+11.5,-0.2,61.7,0.0,-278,+0.0,-0.00,+1.0,99,+32,+24,0.0,30.22,+675,,,208,,,,,0,0,,,+0,,,,,,,,,,,,,,,,0,+48,0,0,30.7,0.0,0.0,19.8,15.7,13.9,33.5,2.4,,+0.1,22.0,17.8,,,,,+118,+402,+124,+400,+120,+365,+126,+397,,,-100,+4.996,,+19.8,+4.998,,,,+15.7,+13.9,+0.0,+47.7,,,,,
77.31,1,10,2019-04-06 21:37:09,+40.52906,-78.64878,21,0.0,67.4,+11.8,,,,,21:37:09,+11.5,-0.2,62.0,0.0,-278,+0.0,-0.00,+1.0,99,+31,+24,0.0,30.22,+675,,,208,,,,,0,0,,,+0,,,,,,,,,,,,,,,,0,+48,0,0,30.7,0.0,0.0,19.7,15.7,13.9,33.5,2.4,,+0.1,22.0,17.8,,,,,+118,+401,+124,+399,+120,+364,+126,+396,,,-100,+4.996,,+19.7,+4.998,,,,+15.7,+13.9,+0.0,+47.7,,,,,
77.56,1,10,2019-04-06 21:37:09,+40.52906,-78.64878,21,0.0,67.4,+11.8,,,,,21:37:09,+11.5,-0.2,62.3,0.0,-278,+0.0,-0.00,+1.0,99,+29,+24,0.0,30.22,+675,,,208,,,,,0,0,,,+0,,,,,,,,,,,,,,,,0,+48,0,0,30.7,0.0,0.0,19.6,15.7,13.9,33.5,2.4,,+0.1,22.0,17.8,,,,,+118,+400,+124,+398,+120,+364,+126,+395,,,-100,+4.996,,+19.6,+4.998,,,,+15.7,+13.9,+0.0,+47.7,,,,,
77.81,1,10,2019-04-06 21:37:09,+40.52906,-78.64878,21,0.0,67.4,+11.8,,,,,21:37:09,+11.5,-0.2,62.6,0.0,-278,+0.0,-0.00,+1.0,99,+0,+24,0.0,30.22,+674,,,208,,,,,0,0,,,+0,,,,,,,,,,,,,,,,0,+48,0,0,30.7,0.0,0.0,19.5,15.7,13.9,33.5,2.4,,+0.1,22.0,17.8,,,,,+118,+400,+124,+397,+120,+363,+126,+394,,,-100,+4.996,,+19.5,+4.998,,,,+15.7,+13.9,+0.0,+47.7,,,,,
78.06,1,9,2019-04-06 21:37:10,+40.52906,-78.64878,21,0.0,67.4,+11.8,,,,,21:37:09,+11.5,-0.2,62.9,0.0,-278,+0.0,-0.00,+1.0,99,-7,+24,0.0,30.22,+674,,,208,,,,,0,0,,,+0,,,,,,,,,,,,,,,,0,+48,0,0,30.7,0.0,0.0,19.5,15.7,13.9,33.5,2.4,,+0.1,22.0,17.8,,,,,+118,+399,+124,+396,+120,+363,+126,+393,,,-100,+4.996,,+19.5,+4.998,,,,+15.7,+13.9,+0.0,+47.7,,,,,
78.31,1,9,2019-04-06 21:37:10,+40.52906,-78.64878,21,0.0,67.4,+11.8,,,,,21:37:10,+11.5,-0.2,63.1,0.0,-278,+0.0,-0.01,+1.0,99,+4,+24,0.0,30.22,+674,,,208,,,,,0,0,,,+0,,,,,,,,,,,,,,,,0,+48,0,0,30.7,0.0,0.0,19.4,15.7,13.9,33.5,2.4,,+0.1,22.0,17.8,,,,,+118,+398,+124,+395,+120,+362,+126,+392,,,-100,+4.996,,+19.4,+4.998,,,,+15.7,+13.9,+0.0,+47.7,,,,,
78.56,1,9,2019-04-06 21:37:10,+40.52906,-78.64878,21,0.0,67.4,+11.8,,,,,21:37:10,+11.5,-0.1,63.3,0.0,-278,+0.0,-0.00,+1.0,99,-3,+24,0.0,30.22,+674,,,208,,,,,0,0,,,+0,,,,,,,,,,,,,,,,0,+48,0,0,30.7,0.0,0.0,19.3,15.7,13.9,33.5,2.4,,+0.1,22.0,17.8,,,,,+118,+397,+124,+395,+120,+361,+126,+391,,,-100,+4.996,,+19.3,+4.998,,,,+15.7,+13.9,+0.0,+47.7,,,,,
78.81,1,9,2019-04-06 21:37:10,+40.52906,-78.64878,21,0.0,67.4,+11.8,,,,,21:37:10,+11.5,-0.1,63.4,0.0,-278,+0.0,-0.01,+1.0,99,+17,+24,0.0,30.22,+674,,,208,,,,,0,0,,,+0,,,,,,,,,,,,,,,,0,+48,0,0,30.7,0.0,0.0,19.2,15.7,13.9,33.5,2.4,,+0.1,22.0,17.8,,,,,+118,+396,+123,+394,+120,+360,+126,+390,,,-100,+4.996,,+19.2,+4.998,,,,+15.7,+13.9,+0.0,+47.7,,,,,
79.06,1,9,2019-04-06 21:37:11,+40.52906,-78.64878,21,0.0,67.4,+11.8,,,,,21:37:10,+11.5,-0.2,63.6,0.0,-278,+0.0,-0.01,+1.0,99,+2,+24,0.0,30.22,+674,,,208,,,,,0,0,,,+0,,,,,,,,,,,,,,,,0,+48,0,0,30.7,0.0,0.0,19.1,15.7,13.9,33.5,2.4,,+0.1,22.0,17.8,,,,,+118,+395,+124,+393,+120,+359,+126,+389,,,-100,+4.996,,+19.1,+4.998,,,,+15.7,+13.9,+0.0,+47.7,,,,,
79.31,1,9,2019-04-06 21:37:11,+40.52906,-78.64878,21,0.0,67.4,+11.8,,,,,21:37:11,+11.5,-0.2,63.8,0.0,-278,+0.0,-0.01,+1.0,99,+14,+24,0.0,30.22,+674,,,208,,,,,0,0,,,+0,,,,,,,,,,,,,,,,0,+48,0,0,30.7,0.0,0.0,19.1,15.7,13.9,33.5,2.4,,+0.1,22.0,17.8,,,,,+118,+394,+124,+392,+120,+359,+126,+388,,,-100,+4.996,,+19.1,+4.998,,,,+15.7,+13.9,+0.0,+47.7,,,,,
79.56,1,10,2019-04-06 21:37:11,+40.52906,-78.64878,21,0.0,67.4,+11.8,,,,,21:37:11,+11.5,-0.2,63.9,0.0,-278,+0.1,-0.00,+1.0,99,+5,+24,0.0,30.22,+674,,,208,,,,,0,0,,,+0,,,,,,,,,,,,,,,,0,+48,0,0,30.7,0.0,0.0,19.0,15.7,13.9,33.5,2.4,,+0.1,22.0,17.8,,,,,+118,+393,+123,+392,+120,+358,+126,+387,,,-100,+4.996,,+19.0,+4.998,,,,+15.7,+13.9,+0.0,+47.7,,,,,
79.81,1,9,2019-04-06 21:37:11,+40.52906,-78.64878,21,0.0,67.4,+11.8,,,,,21:37:11,+11.5,-0.2,64.0,0.0,-278,+0.1,-0.00,+1.0,99,+3,+24,0.0,30.22,+674,,,208,,,,,0,0,,,+0,,,,,,,,,,,,,,,,0,+48,0,0,30.7,0.0,0.0,18.9,15.7,13.9,33.5,2.4,,+0.1,22.0,17.8,,,,,+118,+392,+123,+391,+120,+358,+126,+387,,,-100,+4.996,,+18.9,+4.998,,,,+15.7,+13.9,+0.0,+47.7,,,,,
80.06,1,9,2019-04-06 21:37:12,+40.52906,-78.64878,21,0.0,67.4,+11.8,,,,,21:37:11,+11.5,-0.2,64.1,0.0,-278,+0.1,-0.01,+1.0,99,-7,+24,0.0,30.22,+674,,,208,,,,,0,0,,,+0,,,,,,,,,,,,,,,,0,+48,0,0,30.7,0.0,0.0,18.8,15.7,13.9,33.5,2.4,,+0.1,22.0,17.8,,,,,+118,+391,+123,+390,+120,+357,+126,+386,,,-100,+4.996,,+18.8,+4.998,,,,+15.7,+13.9,+0.0,+47.7,,,,,
80.31,1,9,2019-04-06 21:37:12,+40.52906,-78.64878,21,0.0,67.4,+11.8,,,,,21:37:12,+11.5,-0.2,64.1,0.0,-278,+0.1,-0.00,+1.0,99,+6,+24,0.0,30.22,+674,,,208,,,,,0,0,,,+0,,,,,,,,,,,,,,,,0,+48,0,0,30.7,0.0,0.0,18.8,15.7,13.9,33.5,2.4,,+0.1,22.0,17.8,,,,,+118,+390,+123,+389,+120,+357,+126,+385,,,-100,+4.996,,+18.8,+4.998,,,,+15.7,+13.9,+0.0,+47.7,,,,,
80.56,1,9,2019-04-06 21:37:12,+40.52906,-78.64878,21,0.0,67.4,+11.8,,,,,21:37:12,+11.5,-0.2,64.2,0.0,-278,+0.1,-0.00,+1.0,99,-10,+24,0.0,30.22,+674,,,208,,,,,0,0,,,+0,,,,,,,,,,,,,,,,0,+48,0,0,30.7,0.0,0.0,18.7,15.7,14.0,33.5,2.4,,+0.1,22.0,17.8,,,,,+118,+390,+123,+388,+120,+356,+126,+384,,,-100,+4.996,,+18.7,+4.998,,,,+15.7,+14.0,+0.0,+47.7,,,,,
80.81,1,9,2019-04-06 21:37:12,+40.52906,-78.64878,21,0.0,67.4,+11.8,,,,,21:37:12,+11.5,-0.2,64.3,0.0,-278,+0.1,-0.01,+1.0,99,-15,+24,0.0,30.22,+674,,,208,,,,,0,0,,,+0,,,,,,,,,,,,,,,,0,+48,0,0,30.7,0.0,0.0,18.6,15.7,14.0,33.5,2.4,,+0.1,22.0,17.8,,,,,+118,+389,+123,+387,+120,+355,+126,+383,,,-100,+4.996,,+18.6,+4.998,,,,+15.7,+14.0,+0.0,+47.7,,,,,
81.06,1,9,2019-04-06 21:37:13,+40.52906,-78.64878,21,0.0,67.4,+11.8,,,,,21:37:12,+11.5,-0.2,64.3,0.0,-278,+0.1,-0.00,+1.0,99,-4,+24,0.0,30.22,+674,,,208,,,,,0,0,,,+0,,,,,,,,,,,,,,,,0,+48,0,0,30.7,0.0,0.0,18.5,15.7,14.0,33.5,2.4,,+0.1,22.0,17.8,,,,,+118,+388,+123,+386,+120,+354,+126,+382,,,-100,+4.996,,+18.5,+4.998,,,,+15.7,+14.0,+0.0,+47.7,,,,,
81.31,1,9,2019-04-06 21:37:13,+40.52906,-78.64878,21,0.0,67.4,+11.8,,,,,21:37:13,+11.5,-0.2,64.4,0.0,-278,+0.1,-0.01,+1.0,99,-8,+24,0.0,30.22,+674,,,208,,,,,0,0,,,+0,,,,,,,,,,,,,,,,0,+48,0,0,30.7,0.0,0.0,18.4,15.7,14.0,33.5,2.4,,+0.1,22.0,17.8,,,,,+118,+388,+123,+386,+120,+353,+126,+381,,,-100,+4.996,,+18.4,+4.998,,,,+15.7,+14.0,+0.0,+47.7,,,,,
81.56,1,9,2019-04-06 21:37:13,+40.52906,-78.64878,21,0.0,67.4,+11.8,,,,,21:37:13,+11.5,-0.2,64.4,0.0,-278,+0.0,-0.00,+1.0,99,-16,+24,0.0,30.22,+674,,,208,,,,,0,0,,,+0,,,,,,,,,,,,,,,,0,+48,0,0,30.7,0.0,0.0,18.4,15.7,14.0,33.5,2.4,,+0.1,22.0,17.8,,,,,+118,+387,+123,+385,+120,+352,+126,+381,,,-100,+4.996,,+18.4,+4.998,,,,+15.7,+14.0,+0.0,+47.6,,,,,
81.81,1,9,2019-04-06 21:37:13,+40.52906,-78.64878,21,0.0,67.4,+11.8,,,,,21:37:13,+11.6,-0.2,64.5,0.0,-278,+0.1,+0.00,+0.9,99,-18,+24,0.0,30.22,+674,,,208,,,,,0,0,,,+0,,,,,,,,,,,,,,,,0,+48,0,0,30.7,0.0,0.0,18.3,15.7,14.0,33.5,2.4,,+0.1,22.0,17.8,,,,,+118,+387,+123,+384,+120,+352,+126,+379,,,-100,+4.996,,+18.3,+4.998,,,,+15.7,+14.0,+0.0,+47.6,,,,,
82.06,1,9,2019-04-06 21:37:14,+40.52906,-78.64878,21,0.0,67.4,+11.8,,,,,21:37:13,+11.6,-0.2,64.5,0.0,-278,+0.1,-0.01,+0.9,99,-31,+24,0.0,30.22,+674,,,208,,,,,0,0,,,+0,,,,,,,,,,,,,,,,0,+48,0,0,30.7,0.0,0.0,18.2,15.7,14.0,33.5,2.4,,+0.1,22.0,17.8,,,,,+118,+386,+123,+384,+120,+351,+126,+379,,,-100,+4.996,,+18.2,+4.998,,,,+15.7,+14.0,+0.0,+47.6,,,,,
82.31,1,9,2019-04-06 21:37:14,+40.52906,-78.64878,21,0.0,67.4,+11.8,,,,,21:37:14,+11.6,-0.2,64.5,0.0,-278,+0.1,-0.00,+1.0,99,-25,+24,0.0,30.22,+674,,,208,,,,,0,0,,,+0,,,,,,,,,,,,,,,,0,+48,0,0,30.7,0.0,0.0,18.1,15.7,14.0,33.5,2.4,,+0.1,22.0,17.8,,,,,+118,+385,+123,+383,+120,+351,+126,+378,,,-100,+4.996,,+18.1,+4.998,,,,+15.7,+14.0,+0.0,+47.6,,,,,
82.56,1,10,2019-04-06 21:37:14,+40.52906,-78.64878,21,0.0,67.4,+11.8,,,,,21:37:14,+11.6,-0.1,64.5,0.0,-278,+0.1,-0.00,+1.0,99,-18,+24,0.0,30.22,+674,,,208,,,,,0,0,,,+0,,,,,,,,,,,,,,,,0,+48,0,0,30.7,0.0,0.0,18.1,15.7,14.0,33.5,2.4,,+0.1,22.0,17.8,,,,,+118,+385,+123,+382,+120,+350,+126,+378,,,-100,+4.996,,+18.1,+4.998,,,,+15.7,+14.0,+0.0,+47.6,,,,,
82.81,1,10,2019-04-06 21:37:14,+40.52906,-78.64878,21,0.0,67.4,+11.8,,,,,21:37:14,+11.6,-0.1,64.6,0.0,-278,+0.1,-0.00,+1.0,99,-5,+24,0.0,30.22,+674,,,208,,,,,0,0,,,+0,,,,,,,,,,,,,,,,0,+48,0,0,30.7,0.0,0.0,18.0,15.7,14.0,33.5,2.4,,+0.1,22.0,17.8,,,,,+118,+384,+123,+381,+120,+349,+126,+377,,,-100,+4.996,,+18.0,+4.998,,,,+15.7,+14.0,+0.0,+47.6,,,,,
83.06,1,10,2019-04-06 21:37:15,+40.52906,-78.64878,21,0.0,67.4,+11.8,,,,,21:37:14,+11.6,-0.1,64.6,0.0,-278,+0.1,-0.01,+1.0,99,+0,+24,0.0,30.22,+674,,,208,,,,,0,0,,,+0,,,,,,,,,,,,,,,,0,+48,0,0,30.7,0.0,0.0,17.9,15.7,14.0,33.5,2.4,,+0.1,22.0,17.8,,,,,+118,+383,+123,+380,+120,+348,+126,+376,,,-100,+4.996,,+17.9,+4.998,,,,+15.7,+14.0,+0.0,+47.6,,,,,
83.31,1,10,2019-04-06 21:37:15,+40.52906,-78.64878,21,0.0,67.4,+11.8,,,,,21:37:15,+11.6,-0.1,64.6,0.0,-278,+0.0,-0.00,+1.0,99,+1,+24,0.0,30.22,+674,,,208,,,,,0,0,,,+0,,,,,,,,,,,,,,,,0,+48,0,0,30.7,0.0,0.0,17.9,15.7,14.0,33.5,2.4,,+0.1,22.0,17.8,,,,,+118,+383,+123,+379,+120,+348,+126,+375,,,-100,+4.996,,+17.9,+4.998,,,,+15.7,+14.0,+0.0,+47.6,,,,,
83.56,1,10,2019-04-06 21:37:15,+40.52906,-78.64878,21,0.0,67.4,+11.8,,,,,21:37:15,+11.6,-0.1,64.6,0.0,-278,+0.0,-0.00,+1.0,99,-3,+24,0.0,30.22,+674,,,208,,,,,0,0,,,+0,,,,,,,,,,,,,,,,0,+48,0,0,30.7,0.0,0.0,17.8,15.7,14.0,33.5,2.4,,+0.1,22.0,17.8,,,,,+118,+382,+123,+379,+120,+347,+126,+375,,,-100,+4.996,,+17.8,+4.998,,,,+15.7,+14.0,+0.0,+47.6,,,,,
83.81,1,10,2019-04-06 21:37:15,+40.52906,-78.64878,21,0.0,67.4,+11.8,,,,,21:37:15,+11.5,-0.1,64.6,0.0,-278,+0.0,-0.01,+1.0,99,+2,+24,0.0,30.22,+674,,,208,,,,,0,0,,,+0,,,,,,,,,,,,,,,,0,+48,0,0,30.7,0.0,0.0,17.7,15.7,14.0,33.5,2.4,,+0.1,22.0,17.8,,,,,+118,+382,+123,+378,+120,+347,+126,+374,,,-100,+4.996,,+17.7,+4.998,,,,+15.7,+14.0,+0.0,+47.6,,,,,
84.06,1,10,2019-04-06 21:37:16,+40.52906,-78.64878,21,0.0,67.4,+11.8,,,,,21:37:15,+11.5,-0.1,64.6,0.0,-278,+0.0,-0.00,+1.0,99,+8,+24,0.0,30.22,+674,,,208,,,,,0,0,,,+0,,,,,,,,,,,,,,,,0,+48,0,0,30.7,0.0,0.0,17.7,15.7,14.0,33.5,2.4,,+0.1,22.0,17.8,,,,,+118,+381,+123,+378,+120,+346,+126,+373,,,-100,+4.996,,+17.7,+4.998,,,,+15.7,+14.0,+0.0,+47.6,,,,,
84.31,1,10,2019-04-06 21:37:16,+40.52906,-78.64878,21,0.0,67.4,+11.8,,,,,21:37:16,+11.6,-0.1,64.6,0.0,-278,+0.0,-0.00,+1.0,99,+18,+24,0.0,30.22,+674,,,208,,,,,0,0,,,+0,,,,,,,,,,,,,,,,0,+48,0,0,30.7,0.0,0.0,17.6,15.7,14.0,33.5,2.4,,+0.1,22.0,17.8,,,,,+118,+380,+123,+377,+120,+345,+126,+372,,,-100,+4.996,,+17.6,+4.998,,,,+15.7,+14.0,+0.0,+47.6,,,,,
84.56,1,10,2019-04-06 21:37:16,+40.52906,-78.64878,21,0.0,67.4,+11.8,,,,,21:37:16,+11.6,-0.2,64.6,0.0,-278,+0.0,-0.00,+1.0,99,+10,+24,0.0,30.22,+674,,,208,,,,,0,0,,,+0,,,,,,,,,,,,,,,,0,+48,0,0,30.7,0.0,0.0,17.5,15.7,14.0,33.5,2.4,,+0.1,22.0,17.8,,,,,+118,+379,+123,+377,+120,+344,+126,+372,,,-100,+4.996,,+17.5,+4.998,,,,+15.7,+14.0,+0.0,+47.6,,,,,
84.81,1,10,2019-04-06 21:37:16,+40.52906,-78.64878,21,0.0,67.4,+11.8,,,,,21:37:16,+11.6,-0.2,64.6,0.0,-278,+0.0,-0.00,+1.0,99,+7,+23,0.0,30.22,+673,,,208,,,,,0,0,,,+0,,,,,,,,,,,,,,,,0,+48,0,0,30.7,0.0,0.0,17.5,15.7,14.0,33.5,2.4,,+0.1,22.0,17.8,,,,,+118,+379,+123,+376,+120,+344,+126,+371,,,-100,+4.996,,+17.5,+4.998,,,,+15.7,+14.0,+0.0,+47.6,,,,,
85.06,1,10,2019-04-06 21:37:17,+40.52906,-78.64878,21,0.0,67.4,+11.8,,,,,21:37:16,+11.6,-0.2,64.7,0.0,-278,+0.0,-0.01,+1.0,99,+13,+24,0.0,30.22,+673,,,208,,,,,0,0,,,+0,,,,,,,,,,,,,,,,0,+48,0,0,30.7,0.0,0.0,17.4,15.7,14.0,33.5,2.4,,+0.1,22.0,17.8,,,,,+118,+378,+123,+376,+120,+343,+126,+370,,,-100,+4.996,,+17.4,+4.998,,,,+15.7,+14.0,+0.0,+47.6,,,,,
85.31,1,10,2019-04-06 21:37:17,+40.52906,-78.64878,21,0.0,67.4,+11.8,,,,,21:37:17,+11.6,-0.2,64.7,0.0,-278,+0.0,-0.00,+1.0,99,+25,+23,0.0,30.22,+673,,,208,,,,,0,0,,,+0,,,,,,,,,,,,,,,,0,+48,0,0,30.7,0.0,0.0,17.3,15.7,14.0,33.5,2.4,,+0.1,22.0,17.8,,,,,+118,+378,+123,+375,+120,+342,+126,+370,,,-100,+4.996,,+17.3,+4.998,,,,+15.7,+14.0,+0.0,+47.6,,,,,
85.56,1,10,2019-04-06 21:37:17,+40.52906,-78.64878,21,0.0,67.4,+11.8,,,,,21:37:17,+11.6,-0.1,64.7,0.0,-278,+0.0,-0.00,+1.0,99,+32,+24,0.0,30.22,+673,,,208,,,,,0,0,,,+0,,,,,,,,,,,,,,,,0,+48,0,0,30.7,0.0,0.0,17.3,15.7,14.0,33.5,2.4,,+0.1,22.0,17.8,,,,,+118,+377,+123,+374,+120,+342,+126,+369,,,-100,+4.996,,+17.3,+4.998,,,,+15.7,+14.0,+0.0,+47.6,,,,,
85.81,1,10,2019-04-06 21:37:17,+40.52906,-78.64878,21,0.0,67.4,+11.8,,,,,21:37:17,+11.6,-0.1,64.7,0.0,-278,+0.0,-0.00,+0.9,99,+15,+24,0.0,30.22,+673,,,208,,,,,0,0,,,+0,,,,,,,,,,,,,,,,0,+48,0,0,30.7,0.0,0.0,17.2,15.7,14.0,33.5,2.4,,+0.1,22.0,17.8,,,,,+118,+377,+123,+374,+120,+341,+126,+368,,,-100,+4.996,,+17.2,+4.998,,,,+15.7,+14.0,+0.0,+47.6,,,,,
86.06,1,10,2019-04-06 21:37:18,+40.52906,-78.64878,21,0.0,67.4,+11.8,,,,,21:37:17,+11.6,-0.1,64.7,0.0,-278,+0.0,-0.01,+0.9,99,+15,+23,0.0,30.22,+673,,,208,,,,,0,0,,,+0,,,,,,,,,,,,,,,,0,+48,0,0,30.7,0.0,0.0,17.2,15.7,14.0,33.5,2.4,,+0.1,22.0,17.8,,,,,+118,+376,+123,+373,+120,+341,+126,+368,,,-100,+4.996,,+17.2,+4.998,,,,+15.7,+14.0,+0.0,+47.6,,,,,
86.31,1,10,2019-04-06 21:37:18,+40.52906,-78.64878,21,0.0,67.4,+11.8,,,,,21:37:18,+11.5,-0.1,64.7,0.0,-278,+0.0,-0.00,+0.9,99,+22,+24,0.0,30.22,+673,,,208,,,,,0,0,,,+0,,,,,,,,,,,,,,,,0,+48,0,0,30.7,0.0,0.0,17.1,15.7,14.0,33.5,2.4,,+0.1,22.0,17.8,,,,,+118,+376,+123,+372,+120,+340,+126,+367,,,-100,+4.996,,+17.1,+4.998,,,,+15.7,+14.0,+0.0,+47.6,,,,,
86.56,1,10,2019-04-06 21:37:18,+40.52906,-78.64878,21,0.0,67.4,+11.8,,,,,21:37:18,+11.5,-0.0,64.7,0.0,-278,+0.0,-0.00,+0.9,99,+24,+23,0.0,30.22,+673,,,208,,,,,0,0,,,+0,,,,,,,,,,,,,,,,0,+48,0,0,30.7,0.0,0.0,17.0,15.7,14.0,33.5,2.4,,+0.1,22.0,17.8,,,,,+118,+375,+123,+372,+120,+339,+126,+366,,,-100,+4.996,,+17.0,+4.998,,,,+15.7,+14.0,+0.0,+47.5,,,,,
86.81,1,10,2019-04-06 21:37:18,+40.52906,-78.64878,21,0.0,67.4,+11.8,,,,,21:37:18,+11.5,-0.0,64.7,0.0,-278,+0.1,-0.00,+0.9,99,+20,+23,0.0,30.22,+673,,,208,,,,,0,0,,,+0,,,,,,,,,,,,,,,,0,+48,0,0,30.7,0.0,0.0,17.0,15.7,14.0,33.5,2.4,,+0.1,22.0,17.8,,,,,+118,+375,+123,+371,+120,+339,+126,+365,,,-100,+4.996,,+17.0,+4.998,,,,+15.7,+14.0,+0.0,+47.5,,,,,
87.06,1,10,2019-04-06 21:37:19,+40.52906,-78.64878,21,0.0,67.4,+11.8,,,,,21:37:18,+11.5,-0.1,64.7,0.0,-278,+0.1,-0.00,+1.0,99,+25,+24,0.0,30.22,+673,,,208,,,,,0,0,,,+0,,,,,,,,,,,,,,,,0,+48,0,0,30.7,0.0,0.0,16.9,15.7,14.0,33.5,2.4,,+0.1,22.0,17.8,,,,,+118,+374,+123,+370,+120,+338,+126,+365,,,-100,+4.996,,+16.9,+4.998,,,,+15.7,+14.0,+0.0,+47.5,,,,,
87.31,1,10,2019-04-06 21:37:19,+40.52906,-78.64878,21,0.0,67.4,+11.8,,,,,21:37:19,+11.5,-0.5,64.8,0.0,-278,+0.1,-0.01,+1.0,99,+45,+23,0.0,30.22,+673,,,208,,,,,0,0,,,+0,,,,,,,,,,,,,,,,0,+48,0,0,30.7,0.0,0.0,16.8,15.7,14.0,33.5,2.4,,+0.1,22.0,17.8,,,,,+118,+373,+123,+370,+120,+337,+126,+364,,,-100,+4.996,,+16.8,+4.998,,,,+15.7,+14.0,+0.0,+47.6,,,,,
87.56,1,10,2019-04-06 21:37:19,+40.52906,-78.64878,21,0.0,67.4,+11.8,,,,,21:37:19,+11.5,-0.5,64.7,0.0,-278,+0.1,-0.01,+1.1,99,+50,+23,0.0,30.22,+673,,,208,,,,,0,0,,,+0,,,,,,,,,,,,,,,,0,+48,0,0,30.7,0.0,0.0,16.8,15.7,14.0,33.5,2.4,,+0.1,22.0,17.8,,,,,+118,+372,+123,+369,+120,+337,+126,+363,,,-100,+4.996,,+16.8,+4.998,,,,+15.7,+14.0,+0.0,+47.5,,,,,
87.81,1,10,2019-04-06 21:37:19,+40.52906,-78.64878,21,0.0,67.4,+11.8,,,,,21:37:19,+11.6,-0.5,64.8,0.0,-278,+0.0,-0.01,+1.0,99,+54,+23,0.0,30.22,+664,,,208,,,,,0,0,,,+0,,,,,,,,,,,,,,,,0,+48,0,0,30.7,0.0,0.0,16.7,15.7,14.0,33.5,2.4,,+0.1,22.0,17.8,,,,,+118,+372,+123,+369,+120,+336,+126,+363,,,-100,+4.996,,+16.7,+4.998,,,,+15.7,+14.0,+0.0,+47.5,,,,,
88.06,1,10,2019-04-06 21:37:20,+40.52906,-78.64878,21,0.0,67.4,+11.8,,,,,21:37:19,+11.6,-0.5,64.8,0.0,-278,+0.0,-0.01,+1.0,99,+38,+23,0.0,30.22,+664,,,208,,,,,0,0,,,+0,,,,,,,,,,,,,,,,0,+48,0,0,30.7,0.0,0.0,16.7,15.7,14.0,33.5,2.4,,+0.1,22.0,17.8,,,,,+118,+371,+123,+368,+120,+336,+126,+362,,,-100,+4.996,,+16.7,+4.998,,,,+15.7,+14.0,+0.0,+47.5,,,,,
88.31,1,10,2019-04-06 21:37:20,+40.52906,-78.64878,21,0.0,67.4,+11.8,,,,,21:37:20,+11.6,-0.5,64.8,0.0,-278,+0.0,-0.01,+1.0,99,+33,+23,0.0,30.22,+664,,,208,,,,,0,0,,,+0,,,,,,,,,,,,,,,,0,+48,0,0,30.7,0.0,0.0,16.6,15.7,14.0,33.5,2.4,,+0.1,22.0,17.8,,,,,+118,+371,+123,+367,+120,+335,+127,+362,,,-100,+4.996,,+16.6,+4.998,,,,+15.7,+14.0,+0.0,+47.5,,,,,
88.56,1,10,2019-04-06 21:37:20,+40.52906,-78.64878,21,0.0,67.4,+11.8,,,,,21:37:20,+11.6,-0.6,64.8,0.0,-278,+0.0,-0.01,+1.0,99,+38,+23,0.0,30.22,+664,,,208,,,,,0,0,,,+0,,,,,,,,,,,,,,,,0,+47,0,0,30.7,0.0,0.0,16.6,15.7,14.0,33.5,2.4,,+0.1,22.0,17.8,,,,,+118,+370,+123,+366,+120,+335,+127,+361,,,-100,+4.996,,+16.6,+4.998,,,,+15.7,+14.0,+0.0,+47.5,,,,,
88.81,1,10,2019-04-06 21:37:20,+40.52906,-78.64878,21,0.0,67.4,+11.8,,,,,21:37:20,+11.5,-0.6,64.8,0.0,-278,+0.0,-0.01,+1.0,99,+44,+23,0.0,30.22,+664,,,208,,,,,0,0,,,+0,,,,,,,,,,,,,,,,0,+48,0,0,30.7,0.0,0.0,16.5,15.7,14.0,33.5,2.4,,+0.1,22.0,17.8,,,,,+118,+370,+123,+366,+120,+334,+127,+360,,,-100,+4.996,,+16.5,+4.998,,,,+15.7,+14.0,+0.0,+47.5,,,,,
89.06,1,9,2019-04-06 21:37:21,+40.52906,-78.64878,21,0.0,67.4,+11.8,,,,,21:37:20,+11.5,-0.5,64.8,0.0,-278,+0.0,-0.01,+1.0,99,+58,+23,0.0,30.22,+664,,,208,,,,,0,0,,,+0,,,,,,,,,,,,,,,,0,+48,0,0,30.7,0.0,0.0,16.4,15.7,14.0,33.5,2.4,,+0.1,22.0,17.8,,,,,+118,+369,+123,+365,+120,+333,+127,+360,,,-100,+4.996,,+16.4,+4.998,,,,+15.7,+14.0,+0.0,+47.5,,,,,
89.31,1,9,2019-04-06 21:37:21,+40.52906,-78.64878,21,0.0,67.4,+11.8,,,,,21:37:21,+11.5,-0.5,64.8,0.0,-278,+0.0,-0.00,+1.0,99,+62,+23,0.0,30.22,+665,,,208,,,,,0,0,,,+0,,,,,,,,,,,,,,,,0,+48,0,0,30.7,0.0,0.0,16.4,15.7,14.0,33.5,2.4,,+0.1,22.0,17.8,,,,,+118,+369,+123,+365,+120,+333,+127,+359,,,-100,+4.996,,+16.4,+4.998,,,,+15.7,+14.0,+0.0,+47.5,,,,,
89.56,1,9,2019-04-06 21:37:21,+40.52906,-78.64878,21,0.0,67.4,+11.8,,,,,21:37:21,+11.5,-0.5,64.8,0.0,-278,+0.0,-0.01,+1.0,99,+59,+23,0.0,30.22,+665,,,208,,,,,0,0,,,+0,,,,,,,,,,,,,,,,0,+48,0,0,30.7,0.0,0.0,16.3,15.7,14.0,33.5,2.4,,+0.1,22.0,17.8,,,,,+118,+368,+123,+364,+120,+332,+127,+358,,,-100,+4.996,,+16.3,+4.998,,,,+15.7,+14.0,+0.0,+47.5,,,,,
89.81,1,9,2019-04-06 21:37:21,+40.52906,-78.64878,21,0.0,67.4,+11.8,,,,,21:37:21,+11.4,-0.5,64.9,0.0,-278,+0.0,-0.01,+1.0,99,+70,+23,0.0,30.22,+665,,,208,,,,,0,0,,,+0,,,,,,,,,,,,,,,,0,+48,0,0,30.7,0.0,0.0,16.3,15.7,14.0,33.5,2.4,,+0.1,22.0,17.8,,,,,+118,+367,+123,+364,+120,+332,+127,+357,,,-100,+4.996,,+16.3,+4.998,,,,+15.7,+14.0,+0.0,+47.5,,,,,
90.06,1,9,2019-04-06 21:37:22,+40.52906,-78.64878,21,0.0,67.4,+11.8,,,,,21:37:21,+11.4,-0.6,64.8,0.0,-278,+0.0,-0.01,+1.0,99,+70,+23,0.0,30.22,+665,,,208,,,,,0,0,,,+0,,,,,,,,,,,,,,,,0,+47,0,0,30.7,0.0,0.0,16.2,15.7,14.0,33.5,2.4,,+0.1,22.0,17.8,,,,,+118,+366,+123,+364,+120,+331,+127,+357,,,-100,+4.996,,+16.2,+4.998,,,,+15.7,+14.0,+0.0,+47.5,,,,,
90.31,1,9,2019-04-06 21:37:22,+40.52906,-78.64878,21,0.0,67.4,+11.8,,,,,21:37:22,+11.4,-0.6,64.9,0.0,-278,+0.0,-0.01,+1.0,99,+72,+23,0.0,30.22,+665,,,208,,,,,0,0,,,+0,,,,,,,,,,,,,,,,0,+47,0,0,30.7,0.0,0.0,16.2,15.7,14.0,33.5,2.4,,+0.1,22.0,17.8,,,,,+118,+366,+123,+363,+120,+330,+127,+356,,,-100,+4.996,,+16.2,+4.998,,,,+15.7,+14.0,+0.0,+47.5,,,,,
90.56,1,9,2019-04-06 21:37:22,+40.52906,-78.64878,21,0.0,67.4,+11.8,,,,,21:37:22,+11.4,-0.2,64.9,0.0,-278,+0.0,-0.01,+1.0,99,+68,+23,0.0,30.22,+665,,,208,,,,,0,0,,,+0,,,,,,,,,,,,,,,,0,+47,0,0,30.7,0.0,0.0,16.1,15.7,14.0,33.5,2.4,,+0.1,22.0,17.8,,,,,+118,+365,+123,+363,+120,+330,+127,+356,,,-100,+4.996,,+16.1,+4.998,,,,+15.7,+14.0,+0.0,+47.5,,,,,
90.81,1,9,2019-04-06 21:37:22,+40.52906,-78.64878,21,0.0,67.4,+11.8,,,,,21:37:22,+11.4,-0.2,64.9,0.0,-278,+0.0,+0.00,+1.0,99,+74,+23,0.0,30.22,+665,,,208
0.06,0,0,,,,,,,+0.0,,,,,17:04:02,,,,,,,,,,,+21,,,,,,208,,120.0,-500,,0,0,,,,,,,,,,,,,,,,,,,,,,,,,,,,,31.2,,,,22.4,18.1,,,,,,,,,,,,,,,,,,,,,,,,,,,,,,,
0.31,0,0,,,,,,,+0.0,,,,,17:04:02,,,,,,,,,,,+21,,,,,,208,,120.0,-500,,0,0,,,,,,,,,,,,,,,,,,,,,,,,,,,,,31.2,,,,22.4,18.1,,,,,,,,,,,,,,,,,,,,,,,,,,,,,,,
0.56,0,0,,,,,,,+0.0,,,,,17:04:02,+10.6,-0.7,194.3,0.0,+81,+0.1,-0.01,+1.1,99,-25,+21,0.0,30.22,+792,,,208,,120.0,-500,,0,0,,,,,,,+0,,,+0,,,,,,,,,,,0,0,,0.0,0.0,,,,31.2,,,,22.4,18.1,,,,,,,,,,,,,,,,,,,,,,,,,,,,,,,
0.81,0,0,,,,,,,+0.0,,,,,17:04:03,+10.6,-0.7,194.3,0.0,+81,+0.0,-0.01,+1.0,99,-40,+21,0.0,30.22,+792,,,208,,120.0,-500,,0,0,,,,,,,+0,,,+0,,,,,,,,,,,0,0,,0.0,0.0,,,,31.2,14.5,,+15.4,22.4,18.1,,,,,+30,+480,+34,+490,+29,+456,+30,+480,,,-100,+4.996,,+29.3,+4.998,,,,+15.7,+13.9,+59.8,,,,,,
1.06,0,0,,,,,,,+0.0,,,,,17:04:03,+10.6,-0.6,194.3,0.0,+81,+0.0,-0.01,+1.0,99,-41,+21,0.0,30.22,+792,,,208,,120.0,-500,,0,0,,,,,,,+0,,,+0,,,,,,,,,,,852,852,,0.0,0.0,,,,31.2,14.5,,+15.4,22.4,18.1,,,,,+30,+480,+34,+491,+29,+457,+30,+482,,,-100,+4.996,,+29.3,+4.998,,,,+15.7,+13.9,+59.8,,,,,,
1.31,0,0,,,,,,,+0.0,,,,,17:04:03,+10.6,-0.6,194.3,0.0,+81,+0.0,-0.01,+1.0,99,-48,+21,0.0,30.22,+792,,,208,,120.0,-500,,0,0,,,,,,,+0,,,+0,,,,,,,,,,,847,847,,0.0,0.0,,,,31.2,14.5,,+15.4,22.4,18.1,,,,,+30,+481,+34,+491,+29,+458,+30,+483,,,-100,+4.996,,+29.3,+4.998,,,,+15.7,+13.9,+59.8,,,,,,
1.56,0,4,,,,,,,+0.0,,,,,17:04:03,+10.6,-0.6,194.3,0.0,+80,+0.0,-0.01,+0.9,99,-53,+21,0.0,30.22,+791,,,208,,,,,0,0,,,,,,,+0,,,+0,,,,,,,,,60,,847,847,12.8,2.5,2.5,29.3,15.7,13.9,31.2,14.5,,+15.4,22.4,18.1,,,,,+30,+481,+34,+491,+29,+459,+30,+484,,,-100,+4.996,,+29.3,+4.998,,,,+15.7,+13.9,+59.8,,,,,,
1.81,1,4,UNKNOWN_DATE_TIME,+40.52906,-78.64907,163,0.1,0.0,+11.6,,,,,17:04:04,+10.6,-0.6,194.3,0.0,+80,+0.0,-0.01,+1.1,99,-52,+21,0.0,30.22,+791,,,208,,,,,0,0,,,+0,,,,+0,,,+0,,,,,,,,,60,,844,844,12.8,2.5,2.5,29.3,15.7,13.9,31.2,14.5,,+15.4,22.4,18.1,,,,,+30,+482,+34,+491,+29,+459,+30,+484,,,-100,+4.996,,+29.3,+4.998,,,,+15.7,+13.9,+59.8,,,,,,
2.06,1,4,,+40.52907,-78.64907,,,,+11.6,,,,,17:04:04,+10.6,-0.7,194.3,0.0,+80,+0.0,-0.01,+0.9,99,-58,+21,0.0,30.22,+791,,,208,,,,,0,0,,,+0,,,,+0,,,+0,,,,,,,,,60,,851,851,12.8,2.5,2.5,29.4,15.7,13.9,31.2,14.5,,+15.4,22.4,18.1,,,,,+31,+482,+35,+492,+29,+460,+31,+485,,,-100,+4.996,,+29.4,+4.998,,,,+15.7,+13.9,+59.7,,,,,,
2.31,1,4,,+40.52907,-78.64907,,,,+11.6,,,,,17:04:04,+10.6,-0.7,194.3,0.0,+80,+0.0,-0.01,+0.9,99,-58,+21,0.0,30.22,+790,,,208,,,,,0,0,,,+0,,,,+0,,,+0,,,,,,,,,60,+15,842,842,12.8,2.5,2.5,29.3,15.7,13.9,31.2,14.5,,+15.4,22.4,18.1,,,,,+31,+482,+35,+493,+29,+460,+31,+486,,,-100,+4.996,,+29.3,+4.998,,,,+15.7,+13.9,+59.6,+15.5,,,,,
2.56,1,4,UNKNOWN_DATE_TIME,+40.52907,-78.64907,114,0.0,0.0,+11.6,,,,,17:04:04,+10.6,-0.7,194.3,0.0,+80,+0.0,-0.01,+0.9,99,-62,+21,0.0,30.22,+790,,,208,,,,,0,0,,,+0,,,,+0,,,+0,,,,,,,,,59,+15,840,840,12.9,2.5,2.5,29.3,15.7,13.9,31.2,14.5,,+15.4,22.4,18.1,,,,,+31,+483,+35,+494,+29,+461,+31,+487,,,-100,+4.996,,+29.3,+4.998,,,,+15.7,+13.9,+59.4,+15.5,,,,,
2.81,1,4,UNKNOWN_DATE_TIME,+40.52906,-78.64907,119,0.0,0.0,+11.6,,,,,17:04:05,+10.6,-0.6,194.3,0.0,+79,+0.0,-0.02,+0.9,99,-48,+21,0.0,30.22,+789,,,208,,,,,0,0,,,+0,,,,+0,,,+0,,,,,,,,,59,+15,843,843,12.9,2.5,2.5,29.3,15.7,13.9,31.2,14.5,,+15.4,22.4,18.1,,,,,+31,+483,+35,+494,+30,+462,+31,+488,,,-100,+4.996,,+29.3,+4.998,,,,+15.7,+13.9,+59.4,+15.5,,,,,
3.06,1,4,UNKNOWN_DATE_TIME,+40.52905,-78.64907,115,0.0,0.0,+11.6,,,,,17:04:05,+10.6,-0.6,194.3,0.0,+79,+0.0,-0.01,+0.9,99,-46,+21,0.0,30.22,+789,,,208,,,,,0,0,,,+0,,,,+0,,,+0,,,,,,,,,60,+15,846,846,12.9,2.5,2.5,29.4,15.7,13.9,31.2,14.5,,+15.4,22.4,18.1,,,,,+31,+483,+35,+495,+30,+463,+31,+489,,,-100,+4.996,,+29.4,+4.998,,,,+15.7,+13.9,+59.5,+15.5,,,,,
3.31,1,4,UNKNOWN_DATE_TIME,+40.52904,-78.64907,112,0.0,0.0,+11.6,,,,,17:04:05,+10.6,-0.6,194.3,0.0,+78,+0.0,-0.01,+1.0,99,-70,+21,0.0,30.22,+788,,,208,,,,,0,0,,,+0,,,,+0,,,+0,,,,,,,,,60,+15,844,844,12.9,2.5,2.5,29.4,15.7,13.9,31.2,14.5,,+15.4,22.4,18.1,,,,,+31,+482,+35,+495,+30,+463,+31,+490,,,-100,+4.996,,+29.4,+4.998,,,,+15.7,+13.9,+59.5,+15.5,,,,,
3.56,1,4,UNKNOWN_DATE_TIME,+40.52904,-78.64907,114,0.0,0.0,+11.6,,,,,17:04:05,+10.6,-0.6,194.3,0.0,+78,+0.0,-0.01,+1.0,99,-47,+21,0.0,30.22,+788,,,208,,,,,0,0,,,+0,,,,+0,,,+0,,,,,,,,,59,+15,842,842,12.9,2.5,2.5,29.3,15.7,13.9,31.2,14.5,,+15.4,22.4,18.1,,,,,+31,+483,+36,+496,+30,+464,+31,+491,,,-100,+4.996,,+29.3,+4.998,,,,+15.7,+13.9,+59.4,+15.5,,,,,
3.81,1,4,UNKNOWN_DATE_TIME,+40.52903,-78.64907,108,0.0,0.0,+11.6,,,,,17:04:06,+10.6,-0.7,194.3,0.0,+78,+0.1,-0.01,+0.9,99,-58,+21,0.0,30.22,+788,,,208,,,,,0,0,,,+0,,,,+0,,,+0,,,,,,,,,60,+15,855,855,12.9,2.5,2.5,29.3,15.7,13.9,31.2,14.5,,+15.4,22.4,18.1,,,,,+31,+483,+36,+496,+30,+465,+31,+492,,,-100,+4.996,,+29.3,+4.998,,,,+15.7,+13.9,+59.6,+15.5,,,,,
4.06,1,4,UNKNOWN_DATE_TIME,+40.52902,-78.64908,105,0.0,0.0,+11.6,,,,,17:04:06,+10.6,-0.6,194.3,0.0,+78,+0.0,-0.01,+1.0,99,-52,+21,0.0,30.22,+788,,,208,,,,,0,0,,,+0,,,,+0,,,+0,,,,,,,,,60,+15,851,851,12.9,2.5,2.5,29.4,15.7,13.9,31.2,14.5,,+15.4,22.4,18.1,,,,,+32,+483,+36,+496,+30,+465,+31,+492,,,-100,+4.996,,+29.4,+4.998,,,,+15.7,+13.9,+59.8,+15.5,,,,,
4.31,1,4,UNKNOWN_DATE_TIME,+40.52902,-78.64908,105,0.0,0.0,+11.6,,,,,17:04:06,+10.6,-0.6,194.3,0.0,+78,+0.0,-0.01,+1.0,99,-48,+21,0.0,30.22,+788,,,208,,,,,0,0,,,+0,,,,+0,,,+0,,,,,,,,,60,+15,849,849,12.9,2.5,2.5,29.4,15.7,13.9,31.2,14.5,,+15.4,22.4,18.1,,,,,+32,+483,+36,+496,+30,+466,+31,+493,,,-100,+4.996,,+29.4,+4.998,,,,+15.7,+13.9,+59.7,+15.5,,,,,
4.56,1,4,UNKNOWN_DATE_TIME,+40.52902,-78.64907,106,0.0,0.0,+11.6,,,,,17:04:06,+10.6,-0.6,194.3,0.0,+77,+0.0,-0.01,+1.0,99,-68,+21,0.0,30.22,+788,,,208,,,,,0,0,,,+0,,,,+0,,,+0,,,,,,,,,60,+15,851,851,12.8,2.5,2.5,29.3,15.7,13.9,31.2,14.5,,+15.3,22.4,18.1,,,,,+32,+484,+36,+497,+30,+466,+32,+494,,,-100,+4.996,,+29.3,+4.998,,,,+15.7,+13.9,+59.6,+15.5,,,,,
4.81,1,4,UNKNOWN_DATE_TIME,+40.52902,-78.64907,114,0.0,0.0,+11.6,,,,,17:04:07,+10.6,-0.6,194.3,0.0,+77,+0.0,-0.02,+1.0,99,-68,+21,0.0,30.22,+788,,,208,,,,,0,0,,,+0,,,,+0,,,+0,,,,,,,,,60,+15,840,840,12.8,2.5,2.5,29.3,15.7,13.9,31.2,14.5,,+15.3,22.4,18.1,,,,,+32,+484,+36,+498,+30,+467,+32,+494,,,-100,+4.996,,+29.3,+4.998,,,,+15.7,+13.9,+59.6,+15.5,,,,,
5.06,1,4,UNKNOWN_DATE_TIME,+40.52901,-78.64908,120,0.0,0.0,+11.6,,,,,17:04:07,+10.6,-0.6,194.3,0.0,+76,+0.0,-0.01,+1.0,99,-70,+21,0.0,30.22,+788,,,208,,,,,0,0,,,+0,,,,+0,,,+0,,,,,,,,,59,+15,847,847,12.8,2.5,2.5,29.4,15.7,13.9,31.2,14.5,,+15.3,22.4,18.1,,,,,+32,+484,+36,+499,+31,+468,+32,+495,,,-100,+4.996,,+29.4,+4.998,,,,+15.7,+13.9,+59.4,+15.5,,,,,
5.31,1,4,UNKNOWN_DATE_TIME,+40.52901,-78.64909,121,0.0,0.0,+11.6,,,,,17:04:07,+10.6,-0.6,194.3,0.0,+75,+0.1,-0.01,+1.0,99,-82,+21,0.0,30.22,+788,,,208,,,,,0,0,,,+0,,,,+0,,,+0,,,,,,,,,60,+15,853,853,12.8,2.5,2.5,29.4,15.7,13.9,31.2,14.5,,+15.3,22.4,18.1,,,,,+32,+484,+37,+500,+31,+468,+32,+496,,,-100,+4.996,,+29.4,+4.998,,,,+15.7,+13.9,+59.6,+15.4,,,,,
5.56,1,4,UNKNOWN_DATE_TIME,+40.52901,-78.64909,122,0.0,0.0,+11.6,,,,,17:04:07,+10.6,-0.6,194.3,0.0,+75,+0.1,-0.01,+1.0,99,-64,+21,0.0,30.22,+788,,,208,,,,,0,0,,,+0,,,,+0,,,+0,,,,,,,,,60,+15,850,850,12.8,2.5,2.5,29.3,15.7,13.9,31.2,14.5,,+15.2,22.4,18.1,,,,,+32,+485,+37,+500,+31,+468,+32,+496,,,-100,+4.996,,+29.3,+4.998,,,,+15.7,+13.9,+59.7,+15.5,,,,,
5.81,1,4,UNKNOWN_DATE_TIME,+40.52901,-78.64909,124,0.0,0.0,+11.6,,,,,17:04:08,+10.6,-0.6,194.3,0.0,+75,+0.1,-0.01,+0.9,99,-36,+21,0.0,30.22,+788,,,208,,,,,0,0,,,+0,,,,+0,,,-1,,,,,,,,,60,+15,851,851,12.8,2.5,2.5,29.3,15.7,13.9,31.2,14.5,,+15.2,22.4,18.1,,,,,+33,+484,+37,+500,+31,+469,+32,+497,,,-100,+4.996,,+29.3,+4.998,,,,+15.7,+13.9,+59.7,+15.5,,,,,
6.06,1,4,UNKNOWN_DATE_TIME,+40.52901,-78.64909,124,0.0,0.0,+11.6,,,,,17:04:08,+10.6,-0.6,194.3,0.0,+75,+0.0,-0.01,+0.9,99,-11,+21,0.0,30.22,+788,,,208,,,,,0,0,,,+0,,,,+0,,,+0,,,,,,,,,60,+15,846,846,12.8,2.5,2.5,29.4,15.7,13.9,31.2,14.5,,+15.2,22.4,18.1,,,,,+33,+485,+37,+501,+31,+470,+32,+498,,,-100,+4.996,,+29.4,+4.998,,,,+15.7,+13.9,+59.6,+15.5,,,,,
6.31,1,4,UNKNOWN_DATE_TIME,+40.52900,-78.64910,139,0.0,0.0,+11.6,,,,,17:04:08,+10.6,-0.6,194.3,0.0,+75,+0.0,-0.01,+0.9,99,-17,+21,0.0,30.22,+786,,,208,,,,,0,0,,,+0,,,,+0,,,-1,,,,,,,,,60,+15,853,853,12.8,2.5,2.5,29.4,15.7,13.9,31.2,14.5,,+15.2,22.4,18.1,,,,,+33,+485,+37,+501,+31,+470,+32,+499,,,-100,+4.996,,+29.4,+4.998,,,,+15.7,+13.9,+59.6,+15.5,,,,,
6.56,1,4,UNKNOWN_DATE_TIME,+40.52900,-78.64910,142,0.0,0.0,+11.6,,,,,17:04:08,+10.6,-0.6,194.3,0.0,+75,+0.0,-0.01,+1.0,99,-26,+21,0.0,30.22,+786,,,208,,,,,0,0,,,+0,,,,+0,,,-1,,,,,,,,,60,+15,849,849,12.8,2.5,2.5,29.4,15.7,13.9,31.2,14.5,,+15.1,22.4,18.1,,,,,+33,+485,+37,+502,+31,+470,+33,+500,,,-100,+4.996,,+29.4,+4.998,,,,+15.7,+13.9,+59.6,+15.5,,,,,
6.81,1,4,UNKNOWN_DATE_TIME,+40.52900,-78.64910,143,0.0,0.0,+11.6,,,,,17:04:09,+10.6,-0.6,194.3,0.0,+75,+0.0,-0.01,+1.0,99,-25,+21,0.0,30.22,+786,,,208,,,,,0,0,,,+0,,,,+0,,,-1,,,,,,,,,60,+15,845,845,12.8,2.5,2.5,29.3,15.7,13.9,31.2,14.5,,+15.1,22.4,18.1,,,,,+33,+486,+37,+502,+31,+472,+33,+501,,,-100,+4.996,,+29.3,+4.998,,,,+15.7,+13.9,+59.5,+15.5,,,,,
7.06,1,4,UNKNOWN_DATE_TIME,+40.52900,-78.64910,143,0.0,0.0,+11.6,,,,,17:04:09,+10.6,-0.7,194.3,0.0,+75,+0.0,-0.01,+1.0,99,-27,+21,0.0,30.22,+786,,,208,,,,,0,0,,,+0,,,,+0,,,-1,,,,,,,,,59,+15,849,849,12.8,2.5,2.5,29.4,15.7,13.9,31.2,14.5,,+15.1,22.4,18.1,,,,,+33,+486,+38,+502,+31,+472,+33,+502,,,-100,+4.996,,+29.4,+4.998,,,,+15.7,+13.9,+59.5,+15.5,,,,,
7.31,1,4,UNKNOWN_DATE_TIME,+40.52899,-78.64910,144,0.0,0.0,+11.6,,,,,17:04:09,+10.6,-0.7,194.3,0.0,+75,+0.1,-0.02,+0.9,99,-20,+21,0.0,30.22,+786,,,208,,,,,0,0,,,+0,,,,+0,,,-1,,,,,,,,,60,+15,852,852,12.8,2.5,2.5,29.4,15.7,13.9,31.2,14.5,,+15.0,22.4,18.1,,,,,+33,+487,+38,+502,+32,+472,+33,+502,,,-100,+4.996,,+29.4,+4.998,,,,+15.7,+13.9,+59.6,+15.5,,,,,
7.56,1,4,UNKNOWN_DATE_TIME,+40.52899,-78.64910,145,0.0,0.0,+11.6,,,,,17:04:09,+10.7,-0.6,194.3,0.0,+75,+0.1,-0.01,+1.0,99,-17,+21,0.0,30.22,+786,,,208,,,,,0,0,,,+0,,,,+0,,,-1,,,,,,,,,60,+15,849,849,12.8,2.5,2.5,29.4,15.7,13.9,31.2,14.5,,+15.0,22.4,18.1,,,,,+33,+487,+38,+502,+32,+473,+33,+503,,,-100,+4.996,,+29.4,+4.998,,,,+15.7,+13.9,+59.6,+15.5,,,,,
7.81,1,4,UNKNOWN_DATE_TIME,+40.52899,-78.64910,144,0.0,0.0,+11.6,,,,,17:04:10,+10.7,-0.6,194.3,0.0,+75,+0.1,-0.01,+1.0,99,-33,+21,0.0,30.22,+786,,,208,,,,,0,0,,,+0,,,,+0,,,-1,,,,,,,,,60,+15,849,849,12.8,2.5,2.5,29.4,15.7,13.9,31.2,14.5,,+15.0,22.4,18.1,,,,,+34,+488,+38,+503,+32,+474,+33,+503,,,-100,+4.998,,+29.4,+4.998,,,,+15.7,+13.9,+59.5,+15.5,,,,,
8.06,1,4,UNKNOWN_DATE_TIME,+40.52899,-78.64911,142,0.0,0.0,+11.6,,,,,17:04:10,+10.6,-0.6,194.2,0.0,+75,+0.0,-0.01,+1.0,99,-44,+21,0.0,30.22,+786,,,208,,,,,0,0,,,+0,,,,+0,,,-1,,,,,,,,,60,+15,857,857,12.8,2.5,2.5,29.4,15.7,13.9,31.2,14.5,,+14.9,22.4,18.1,,,,,+34,+489,+38,+504,+32,+475,+33,+503,,,-100,+4.996,,+29.4,+4.998,,,,+15.7,+13.9,+59.6,+15.5,,,,,
8.31,1,4,UNKNOWN_DATE_TIME,+40.52899,-78.64911,138,0.0,0.0,+11.6,,,,,17:04:10,+10.6,-0.6,194.3,0.0,+75,+0.0,-0.01,+1.0,99,-52,+21,0.0,30.22,+786,,,208,,,,,0,0,,,+0,,,,+0,,,-1,,,,,,,,,60,+15,848,848,12.8,2.5,2.5,29.4,15.7,13.9,31.2,14.5,,+14.9,22.4,18.1,,,,,+34,+489,+38,+504,+32,+475,+33,+503,,,-100,+4.996,,+29.4,+4.998,,,,+15.7,+13.9,+59.7,+15.5,,,,,
8.56,1,4,UNKNOWN_DATE_TIME,+40.52899,-78.64911,139,0.0,0.0,+11.6,,,,,17:04:10,+10.6,-0.6,194.2,0.0,+75,+0.0,-0.01,+1.0,99,-58,+21,0.0,30.22,+786,,,208,,,,,0,0,,,+0,,,,+0,,,-1,,,,,,,,,60,+15,856,856,12.8,2.5,2.5,29.4,15.7,13.9,31.2,14.5,,+14.9,22.4,18.1,,,,,+34,+489,+38,+504,+32,+477,+34,+504,,,-100,+4.996,,+29.4,+4.998,,,,+15.7,+13.9,+59.6,+15.5,,,,,
8.81,1,4,UNKNOWN_DATE_TIME,+40.52899,-78.64911,142,0.0,0.0,+11.6,,,,,17:04:11,+10.6,-0.6,194.3,0.0,+75,+0.0,-0.01,+1.0,99,-46,+21,0.0,30.22,+786,,,208,,,,,0,0,,,+0,,,,+0,,,-1,,,,,,,,,60,+15,855,855,12.8,2.5,2.5,29.4,15.7,13.9,31.2,14.5,,+14.8,22.4,18.1,,,,,+34,+490,+38,+505,+32,+477,+34,+504,,,-100,+4.996,,+29.4,+4.998,,,,+15.7,+13.9,+59.8,+15.5,,,,,
9.06,1,4,UNKNOWN_DATE_TIME,+40.52899,-78.64912,144,0.0,0.0,+11.6,,,,,17:04:11,+10.6,-0.7,194.2,0.0,+75,+0.0,-0.01,+0.9,99,-35,+21,0.0,30.22,+786,,,208,,,,,0,0,,,+0,,,,+0,,,-1,,,,,,,,,60,+15,850,850,12.8,2.5,2.5,29.4,15.7,13.9,31.2,14.5,,+14.8,22.4,18.1,,,,,+34,+490,+38,+505,+32,+477,+34,+505,,,-100,+4.996,,+29.4,+4.998,,,,+15.7,+13.9,+59.6,+15.5,,,,,
9.31,1,4,UNKNOWN_DATE_TIME,+40.52899,-78.64912,149,0.0,0.0,+11.6,,,,,17:04:11,+10.6,-0.7,194.2,0.0,+75,+0.0,-0.01,+1.0,99,-44,+21,0.0,30.22,+785,,,208,,,,,0,0,,,+0,,,,+0,,,-1,,,,,,,,,60,+15,853,853,12.8,2.5,2.5,29.4,15.7,13.9,31.2,14.5,,+14.8,22.4,18.1,,,,,+34,+490,+38,+505,+32,+478,+34,+506,,,-100,+4.996,,+29.4,+4.998,,,,+15.7,+13.9,+59.6,+15.5,,,,,
9.56,1,4,UNKNOWN_DATE_TIME,+40.52899,-78.64912,147,0.0,0.0,+11.6,,,,,17:04:11,+10.6,-0.6,194.3,0.0,+75,+0.0,-0.01,+1.0,99,-39,+21,0.0,30.22,+785,,,208,,,,,0,0,,,+0,,,,+0,,,-1,,,,,,,,,60,+15,858,858,12.8,2.4,2.4,29.4,15.7,13.9,31.2,14.5,,+14.7,22.4,18.1,,,,,+34,+490,+39,+506,+33,+478,+34,+506,,,-100,+4.996,,+29.4,+4.998,,,,+15.7,+13.9,+59.7,+15.5,,,,,
9.81,1,4,UNKNOWN_DATE_TIME,+40.52899,-78.64912,148,0.0,0.0,+11.6,,,,,17:04:12,+10.6,-0.6,194.3,0.0,+75,+0.0,-0.01,+1.0,99,-39,+21,0.0,30.22,+785,,,208,,,,,0,0,,,+0,,,,+0,,,-1,,,,,,,,,60,+15,854,854,12.8,2.4,2.4,29.4,15.7,13.9,31.2,14.5,,+14.7,22.4,18.1,,,,,+35,+491,+39,+506,+33,+479,+34,+506,,,-100,+4.996,,+29.4,+4.998,,,,+15.7,+13.9,+59.7,+15.5,,,,,
10.06,1,4,UNKNOWN_DATE_TIME,+40.52899,-78.64911,148,0.0,0.0,+11.6,,,,,17:04:12,+10.7,-0.7,194.3,0.0,+74,+0.0,-0.01,+1.0,99,-46,+21,0.0,30.22,+785,,,208,,,,,0,0,,,+0,,,,+0,,,-1,,,,,,,,,60,+15,850,850,12.8,2.4,2.4,29.4,15.7,13.9,31.2,14.5,,+14.7,22.4,18.1,,,,,+35,+492,+39,+506,+33,+480,+34,+507,,,-100,+4.998,,+29.4,+4.998,,,,+15.7,+13.9,+59.7,+15.5,,,,,
10.31,1,4,UNKNOWN_DATE_TIME,+40.52899,-78.64911,151,0.0,0.0,+11.6,,,,,17:04:12,+10.7,-0.7,194.3,0.0,+74,+0.0,-0.01,+1.0,99,-30,+21,0.0,30.22,+785,,,208,,,,,0,0,,,+0,,,,+0,,,-1,,,,,,,,,59,+16,845,845,12.8,2.4,2.4,29.4,15.7,13.9,31.2,14.5,,+14.6,22.4,18.1,,,,,+35,+493,+39,+507,+33,+480,+34,+508,,,-100,+4.998,,+29.4,+4.998,,,,+15.7,+13.9,+59.4,+15.5,,,,,
10.56,1,4,UNKNOWN_DATE_TIME,+40.52899,-78.64911,151,0.0,0.0,+11.6,,,,,17:04:12,+10.6,-0.7,194.3,0.0,+74,+0.0,-0.01,+1.0,99,-26,+21,0.0,30.22,+785,,,208,,,,,0,0,,,+0,,,,+0,,,-1,,,,,,,,,59,+16,855,855,12.8,2.4,2.4,29.4,15.7,13.9,31.2,14.5,,+14.6,22.4,18.1,,,,,+35,+492,+39,+507,+33,+480,+34,+508,,,-100,+4.996,,+29.4,+4.998,,,,+15.7,+13.9,+59.4,+15.5,,,,,
10.81,1,4,UNKNOWN_DATE_TIME,+40.52899,-78.64911,151,0.0,0.0,+11.6,,,,,17:04:13,+10.6,-0.7,194.3,0.0,+74,+0.0,-0.02,+1.0,99,-15,+21,0.0,30.22,+785,,,208,,,,,0,0,,,+0,,,,+0,,,-1,,,,,,,,,60,+16,854,854,12.8,2.4,2.4,29.4,15.7,13.9,31.2,14.5,,+14.6,22.4,18.1,,,,,+35,+492,+40,+507,+33,+481,+35,+508,,,-100,+4.996,,+29.4,+4.998,,,,+15.7,+13.9,+59.7,+15.5,,,,,
11.06,1,4,UNKNOWN_DATE_TIME,+40.52899,-78.64910,150,0.1,0.0,+11.6,,,,,17:04:13,+10.7,-0.7,194.3,0.0,+74,+0.0,-0.02,+1.0,99,-30,+21,0.0,30.22,+785,,,208,,,,,0,0,,,+0,,,,+0,,,-1,,,,,,,,,60,+16,857,857,12.8,2.4,2.4,29.4,15.7,13.9,31.2,14.5,,+14.5,22.4,18.1,,,,,+35,+493,+40,+508,+33,+482,+35,+508,,,-100,+4.996,,+29.4,+4.998,,,,+15.7,+13.9,+59.6,+15.5,,,,,
11.31,1,4,UNKNOWN_DATE_TIME,+40.52900,-78.64910,147,0.1,0.0,+11.6,,,,,17:04:13,+10.7,-0.7,194.3,0.0,+74,+0.0,-0.01,+0.9,99,-15,+21,0.0,30.22,+785,,,208,,,,,0,0,,,+0,,,,+0,,,-1,,,,,,,,,60,+16,853,853,12.8,2.4,2.4,29.4,15.7,13.9,31.2,14.5,,+14.5,22.4,18.1,,,,,+35,+494,+40,+508,+33,+482,+35,+508,,,-100,+4.996,,+29.4,+4.998,,,,+15.7,+13.9,+59.6,+15.5,,,,,
11.56,1,4,UNKNOWN_DATE_TIME,+40.52900,-78.64910,147,0.1,0.0,+11.6,,,,,17:04:13,+10.6,-0.7,194.3,0.0,+74,+0.0,-0.01,+0.9,99,-5,+21,0.0,30.22,+785,,,208,,,,,0,0,,,+0,,,,+0,,,-1,,,,,,,,,60,+16,854,854,12.8,2.4,2.4,29.4,15.7,13.9,31.2,14.5,,+14.5,22.4,18.1,,,,,+36,+494,+40,+509,+34,+483,+35,+508,,,-100,+4.996,,+29.4,+4.998,,,,+15.7,+13.9,+59.6,+15.5,,,,,
11.81,1,4,UNKNOWN_DATE_TIME,+40.52900,-78.64910,148,0.1,0.0,+11.6,,,,,17:04:14,+10.6,-0.7,194.3,0.0,+74,+0.0,-0.01,+0.9,99,+12,+21,0.0,30.22,+785,,,208,,,,,0,0,,,+0,,,,+0,,,-1,,,,,,,,,60,+16,852,852,12.8,2.4,2.4,29.4,15.7,13.9,31.2,14.5,,+14.5,22.4,18.1,,,,,+36,+495,+40,+509,+34,+484,+35,+509,,,-100,+4.996,,+29.4,+4.998,,,,+15.7,+13.9,+59.5,+15.5,,,,,
12.06,1,4,UNKNOWN_DATE_TIME,+40.52900,-78.64910,148,0.1,0.0,+11.6,,,,,17:04:14,+10.6,-0.7,194.3,0.0,+74,+0.0,-0.01,+1.0,99,-5,+21,0.0,30.22,+785,,,208,,,,,0,0,,,+0,,,,+0,,,-1,,,,,,,,,60,+16,855,855,12.8,2.4,2.4,29.4,15.7,13.9,31.2,14.5,,+14.4,22.4,18.1,,,,,+36,+495,+40,+510,+34,+485,+35,+509,,,-100,+4.996,,+29.4,+4.998,,,,+15.7,+13.9,+59.6,+15.6,,,,,
12.31,1,4,UNKNOWN_DATE_TIME,+40.52900,-78.64910,148,0.0,0.0,+11.6,,,,,17:04:14,+10.6,-0.7,194.3,0.0,+74,+0.0,-0.01,+1.0,99,+17,+21,0.0,30.22,+784,,,208,,,,,0,0,,,+0,,,,+0,,,-1,,,,,,,,,60,+16,861,861,12.8,2.4,2.4,29.4,15.7,13.9,31.2,14.5,,+14.4,22.4,18.1,,,,,+36,+495,+40,+510,+34,+485,+35,+510,,,-100,+4.996,,+29.4,+4.998,,,,+15.7,+13.9,+59.7,+15.6,,,,,
12.56,1,4,UNKNOWN_DATE_TIME,+40.52900,-78.64910,148,0.0,0.0,+11.6,,,,,17:04:14,+10.7,-0.7,194.4,0.0,+74,+0.0,-0.01,+1.0,99,+18,+21,0.0,30.22,+784,,,208,,,,,0,0,,,+0,,,,+0,,,-1,,,,,,,,,60,+16,859,859,12.7,2.4,2.4,29.4,15.7,13.9,31.2,14.5,,+14.4,22.4,18.1,,,,,+36,+495,+40,+511,+34,+486,+35,+510,,,-100,+4.996,,+29.4,+4.998,,,,+15.7,+13.9,+59.8,+15.6,,,,,
12.81,1,4,UNKNOWN_DATE_TIME,+40.52899,-78.64910,148,0.0,0.0,+11.6,,,,,17:04:15,+10.7,-0.7,194.4,0.0,+74,+0.0,-0.01,+1.0,99,-3,+21,0.0,30.22,+784,,,208,,,,,0,0,,,+0,,,,+0,,,-1,,,,,,,,,60,+16,849,849,12.7,2.4,2.4,29.4,15.7,13.9,31.2,14.5,,+14.3,22.4,18.1,,,,,+36,+495,+40,+511,+34,+487,+35,+511,,,-100,+4.996,,+29.4,+4.998,,,,+15.7,+13.9,+59.6,+15.6,,,,,
13.06,1,4,UNKNOWN_DATE_TIME,+40.52899,-78.64910,149,0.0,0.0,+11.6,,,,,17:04:15,+10.7,-0.7,194.4,0.0,+74,+0.0,-0.01,+0.9,99,+14,+21,0.0,30.22,+784,,,208,,,,,0,0,,,+0,,,,+1,,,-1,,,,,,,,,59,+16,847,847,12.7,2.4,2.4,29.4,15.7,13.9,31.2,14.5,,+14.2,22.4,18.1,,,,,+36,+496,+41,+511,+34,+487,+36,+512,,,-100,+4.996,,+29.4,+4.998,,,,+15.7,+13.9,+59.4,+15.6,,,,,
13.31,1,4,UNKNOWN_DATE_TIME,+40.52899,-78.64910,151,0.0,0.0,+11.6,,,,,17:04:15,+10.7,-0.7,194.4,0.0,+74,+0.0,-0.01,+1.0,99,-8,+21,0.0,30.22,+784,,,208,,,,,0,0,,,+0,,,,+1,,,-1,,,,,,,,,59,+16,855,855,12.7,2.4,2.4,29.4,15.7,13.9,31.2,14.5,,+14.0,22.4,18.1,,,,,+36,+496,+41,+512,+34,+488,+36,+512,,,-100,+4.996,,+29.4,+4.998,,,,+15.7,+13.9,+59.4,+15.6,,,,,
13.56,1,4,UNKNOWN_DATE_TIME,+40.52899,-78.64910,152,0.0,0.0,+11.6,,,,,17:04:15,+10.7,-0.7,194.4,0.0,+74,+0.0,-0.01,+0.9,99,-6,+21,0.0,30.22,+785,,,208,,,,,0,0,,,+0,,,,+1,,,-1,,,,,,,,,60,+16,860,860,12.8,2.4,2.4,29.4,15.7,13.9,31.2,14.5,,+13.8,22.4,18.1,,,,,+36,+496,+41,+512,+34,+488,+36,+513,,,-100,+4.996,,+29.4,+4.998,,,,+15.7,+13.9,+59.6,+15.6,,,,,
13.81,1,4,UNKNOWN_DATE_TIME,+40.52899,-78.64910,153,0.0,0.0,+11.6,,,,,17:04:16,+10.7,-0.7,194.4,0.0,+74,+0.0,-0.01,+1.0,99,-5,+21,0.0,30.22,+785,,,208,,,,,0,0,,,+0,,,,+1,,,-1,,,,,,,,,60,+16,859,859,12.8,2.4,2.4,29.4,15.7,13.9,31.2,14.5,,+13.7,22.4,18.1,,,,,+37,+497,+41,+512,+35,+488,+36,+513,,,-100,+4.998,,+29.4,+4.998,,,,+15.7,+13.9,+59.7,+15.6,,,,,
14.06,1,4,UNKNOWN_DATE_TIME,+40.52899,-78.64910,153,0.0,0.0,+11.6,,,,,17:04:16,+10.7,-0.7,194.4,0.0,+74,+0.1,-0.01,+1.0,99,-25,+21,0.0,30.22,+785,,,208,,,,,0,0,,,+0,,,,+2,,,-1,,,,,,,,,60,+16,858,858,12.8,2.4,2.4,29.5,15.7,13.9,31.2,14.5,,+13.6,22.4,18.1,,,,,+37,+497,+41,+512,+35,+489,+36,+514,,,-100,+4.996,,+29.5,+4.998,,,,+15.7,+13.9,+59.7,+15.6,,,,,
14.31,1,4,UNKNOWN_DATE_TIME,+40.52899,-78.64910,152,0.0,0.0,+11.6,,,,,17:04:16,+10.7,-0.7,194.4,0.0,+74,+0.0,-0.01,+1.0,99,-36,+21,0.0,30.22,+785,,,208,,,,,0,0,,,+0,,,,+1,,,-1,,,,,,,,,60,+16,856,856,12.8,2.4,2.4,29.4,15.7,13.9,31.2,14.5,,+13.4,22.4,18.1,,,,,+37,+498,+41,+512,+35,+489,+36,+514,,,-100,+4.996,,+29.4,+4.998,,,,+15.7,+13.9,+59.7,+15.6,,,,,
14.56,1,4,UNKNOWN_DATE_TIME,+40.52899,-78.64910,151,0.0,0.0,+11.6,,,,,17:04:16,+10.7,-0.7,194.4,0.0,+74,+0.0,-0.01,+1.0,99,-35,+21,0.0,30.22,+785,,,208,,,,,0,0,,,+0,,,,+1,,,-1,,,,,,,,,60,+16,852,852,12.8,2.4,2.4,29.4,15.7,13.9,31.2,14.5,,+13.3,22.4,18.1,,,,,+37,+499,+42,+513,+35,+490,+36,+515,,,-100,+4.996,,+29.4,+4.998,,,,+15.7,+13.9,+59.5,+15.6,,,,,
14.81,1,4,UNKNOWN_DATE_TIME,+40.52899,-78.64910,152,0.0,0.0,+11.6,,,,,17:04:17,+10.7,-0.7,194.4,0.0,+74,+0.0,-0.01,+1.0,99,-33,+21,0.0,30.22,+785,,,208,,,,,0,0,,,+0,,,,+1,,,-1,,,,,,,,,59,+16,855,855,12.8,2.4,2.4,29.4,15.7,13.9,31.2,14.5,,+13.2,22.4,18.1,,,,,+37,+499,+42,+513,+35,+491,+36,+515,,,-100,+4.996,,+29.4,+4.998,,,,+15.7,+13.9,+59.5,+15.6,,,,,
15.06,1,4,UNKNOWN_DATE_TIME,+40.52899,-78.64910,152,0.0,0.0,+11.6,,,,,17:04:17,+10.7,-0.7,194.4,0.0,+74,+0.0,-0.01,+1.0,99,-32,+21,0.0,30.22,+785,,,208,,,,,0,0,,,+0,,,,+1,,,-1,,,,,,,,,60,+16,858,858,12.8,2.4,2.4,29.4,15.7,13.9,31.2,14.5,,+13.1,22.4,18.1,,,,,+37,+500,+42,+514,+35,+491,+36,+515,,,-100,+4.996,,+29.4,+4.998,,,,+15.7,+13.9,+59.6,+15.6,,,,,
15.31,1,4,UNKNOWN_DATE_TIME,+40.52899,-78.64910,153,0.1,0.0,+11.6,,,,,17:04:17,+10.7,-0.6,194.4,0.0,+74,+0.0,-0.01,+0.9,99,-22,+21,0.0,30.22,+785,,,208,,,,,0,0,,,+0,,,,+1,,,-1,,,,,,,,,60,+16,857,857,12.8,2.4,2.4,29.5,15.7,13.9,31.2,14.5,,+13.0,22.4,18.1,,,,,+37,+500,+42,+514,+35,+491,+36,+515,,,-100,+4.996,,+29.5,+4.998,,,,+15.7,+13.9,+59.7,+15.6,,,,,
15.56,1,4,UNKNOWN_DATE_TIME,+40.52899,-78.64910,153,0.1,0.0,+11.6,,,,,17:04:17,+10.7,-0.6,194.4,0.0,+74,+0.0,-0.01,+1.0,99,-32,+21,0.0,30.22,+785,,,208,,,,,0,0,,,+0,,,,+1,,,-1,,,,,,,,,60,+16,856,856,12.8,2.4,2.4,29.4,15.7,13.9,31.2,14.5,,+13.0,22.4,18.1,,,,,+38,+501,+42,+515,+35,+492,+37,+516,,,-100,+4.996,,+29.4,+4.998,,,,+15.7,+13.9,+59.6,+15.6,,,,,
15.81,1,4,UNKNOWN_DATE_TIME,+40.52899,-78.64910,154,0.1,0.0,+11.6,,,,,17:04:18,+10.7,-0.6,194.3,0.0,+73,+0.0,-0.01,+1.0,99,-24,+21,0.0,30.22,+785,,,208,,,,,0,0,,,+0,,,,+1,,,-1,,,,,,,,,60,+16,854,854,12.8,2.4,2.4,29.4,15.7,13.9,31.2,14.5,,+12.9,22.4,18.1,,,,,+38,+501,+42,+516,+35,+493,+37,+516,,,-100,+4.996,,+29.4,+4.998,,,,+15.7,+13.9,+59.6,+15.6,,,,,
16.06,1,4,UNKNOWN_DATE_TIME,+40.52899,-78.64910,154,0.0,0.0,+11.6,,,,,17:04:18,+10.7,-0.6,194.3,0.0,+73,+0.0,-0.02,+1.0,99,-12,+21,0.0,30.22,+785,,,208,,,,,0,0,,,+0,,,,+1,,,-1,,,,,,,,,59,+16,847,847,12.8,2.4,2.4,29.4,15.7,13.9,31.2,14.5,,+12.8,22.4,18.1,,,,,+38,+501,+42,+516,+36,+493,+37,+516,,,-100,+4.996,,+29.4,+4.998,,,,+15.7,+13.9,+59.4,+15.6,,,,,
16.31,1,4,UNKNOWN_DATE_TIME,+40.52899,-78.64910,155,0.0,0.0,+11.6,,,,,17:04:18,+10.7,-0.6,194.3,0.0,+73,+0.0,-0.02,+1.0,99,-27,+21,0.0,30.22,+785,,,208,,,,,0,0,,,+0,,,,+2,,,-1,,,,,,,,,59,+16,845,845,12.8,2.4,2.4,29.4,15.7,13.9,31.2,14.5,,+12.7,22.4,18.1,,,,,+38,+502,+43,+517,+36,+493,+37,+517,,,-100,+4.996,,+29.4,+4.998,,,,+15.7,+13.9,+59.3,+15.6,,,,,
16.56,1,4,UNKNOWN_DATE_TIME,+40.52899,-78.64911,157,0.0,0.0,+11.6,,,,,17:04:18,+10.7,-0.6,194.3,0.0,+73,+0.0,-0.01,+1.0,99,-22,+21,0.0,30.22,+794,,,208,,,,,0,0,,,+0,,,,+1,,,-1,,,,,,,,,59,+16,850,850,12.9,2.4,2.4,29.4,15.7,13.9,31.2,14.5,,+12.7,22.4,18.1,,,,,+38,+502,+43,+517,+36,+493,+37,+518,,,-100,+4.996,,+29.4,+4.998,,,,+15.7,+13.9,+59.3,+15.6,,,,,
16.81,1,4,UNKNOWN_DATE_TIME,+40.52899,-78.64911,157,0.1,0.0,+11.6,,,,,17:04:19,+10.7,-0.6,194.3,0.0,+73,+0.0,-0.01,+1.0,99,-13,+21,0.0,30.22,+793,,,208,,,,,0,0,,,+0,,,,+2,,,-1,,,,,,,,,59,+16,855,855,12.9,2.4,2.4,29.4,15.7,13.9,31.2,14.5,,+12.6,22.4,18.1,,,,,+38,+502,+43,+517,+36,+493,+37,+519,,,-100,+4.996,,+29.4,+4.998,,,,+15.7,+13.9,+59.4,+15.7,,,,,
17.06,1,4,UNKNOWN_DATE_TIME,+40.52899,-78.64911,156,0.0,0.0,+11.6,,,,,17:04:19,+10.7,-0.6,194.3,0.0,+73,+0.0,-0.01,+1.0,99,-27,+21,0.0,30.22,+793,,,208,,,,,0,0,,,+0,,,,+2,,,-1,,,,,,,,,60,+16,861,861,12.9,2.4,2.4,29.4,15.7,13.9,31.2,14.5,,+12.5,22.4,18.1,,,,,+38,+502,+43,+518,+36,+493,+37,+520,,,-100,+4.996,,+29.4,+4.998,,,,+15.7,+13.9,+59.5,+15.7,,,,,
17.31,1,4,UNKNOWN_DATE_TIME,+40.52899,-78.64911,154,0.1,0.0,+11.6,,,,,17:04:19,+10.7,-0.7,194.3,0.0,+72,+0.0,-0.02,+1.0,99,-55,+21,0.0,30.22,+792,,,208,,,,,0,0,,,+0,,,,+2,,,-1,,,,,,,,,60,+16,861,861,12.9,2.4,2.4,29.4,15.7,13.9,31.2,14.5,,+12.5,22.4,18.1,,,,,+38,+502,+43,+518,+36,+493,+37,+520,,,-100,+4.996,,+29.4,+4.998,,,,+15.7,+13.9,+59.7,+15.7,,,,,
17.56,1,4,UNKNOWN_DATE_TIME,+40.52899,-78.64911,153,0.1,0.0,+11.6,,,,,17:04:19,+10.7,-0.7,194.3,0.0,+71,+0.0,-0.01,+0.9,99,-45,+21,0.0,30.22,+792,,,208,,,,,0,0,,,+0,,,,+2,,,-1,,,,,,,,,60,+16,861,861,12.8,2.4,2.4,29.5,15.7,13.9,31.2,14.5,,+12.4,22.4,18.1,,,,,+39,+502,+43,+519,+36,+494,+38,+520,,,-100,+4.996,,+29.5,+4.998,,,,+15.7,+13.9,+59.7,+15.7,,,,,
17.81,1,4,UNKNOWN_DATE_TIME,+40.52899,-78.64911,153,0.1,0.0,+11.6,,,,,17:04:20,+10.7,-0.6,194.3,0.0,+71,+0.0,-0.01,+1.0,99,-29,+21,0.0,30.22,+791,,,208,,,,,0,0,,,+0,,,,+2,,,-1,,,,,,,,,60,+16,864,864,12.8,2.4,2.4,29.4,15.7,13.9,31.2,14.5,,+12.4,22.4,18.1,,,,,+39,+502,+43,+519,+36,+494,+38,+520,,,-100,+4.996,,+29.4,+4.998,,,,+15.7,+13.9,+59.7,+15.7,,,,,
18.06,1,4,UNKNOWN_DATE_TIME,+40.52899,-78.64911,154,0.1,0.0,+11.6,,,,,17:04:20,+10.7,-0.6,194.3,0.0,+71,+0.0,-0.01,+1.0,99,-51,+21,0.0,30.22,+791,,,208,,,,,0,0,,,+0,,,,+2,,,-1,,,,,,,,,60,+16,861,861,12.8,2.4,2.4,29.4,15.7,13.9,31.2,14.5,,+12.3,22.4,18.1,,,,,+39,+502,+43,+519,+36,+495,+38,+520,,,-100,+4.996,,+29.4,+4.998,,,,+15.7,+13.9,+59.7,+15.7,,,,,
18.31,1,4,UNKNOWN_DATE_TIME,+40.52899,-78.64911,156,0.0,0.0,+11.6,,,,,17:04:20,+10.7,-0.6,194.3,0.0,+71,+0.0,-0.01,+1.0,99,-54,+21,0.0,30.22,+791,,,208,,,,,0,0,,,+0,,,,+2,,,-2,,,,,,,,,60,+16,857,857,12.8,2.4,2.4,29.4,15.7,13.9,31.2,14.5,,+12.3,22.4,18.1,,,,,+39,+502,+44,+519,+36,+495,+38,+521,,,-100,+4.996,,+29.4,+4.998,,,,+15.7,+13.9,+59.6,+15.7,,,,,
18.56,1,4,UNKNOWN_DATE_TIME,+40.52899,-78.64911,158,0.0,0.0,+11.6,,,,,17:04:20,+10.7,-0.6,194.3,0.0,+71,+0.0,-0.01,+1.0,99,-49,+21,0.0,30.22,+791,,,208,,,,,0,0,,,+0,,,,+2,,,-2,,,,,,,,,59,+16,850,850,12.7,2.4,2.4,29.4,15.7,13.9,31.2,14.5,,+12.2,22.4,18.1,,,,,+39,+502,+44,+520,+36,+496,+38,+521,,,-100,+4.996,,+29.4,+4.998,,,,+15.7,+13.9,+59.5,+15.7,,,,,
18.81,1,4,UNKNOWN_DATE_TIME,+40.52899,-78.64911,160,0.0,0.0,+11.6,,,,,17:04:21,+10.7,-0.7,194.3,0.0,+71,+0.0,-0.01,+0.9,99,-36,+21,0.0,30.22,+790,,,208,,,,,0,0,,,+0,,,,+2,,,-2,,,,,,,,,59,+16,848,848,12.7,2.4,2.4,29.4,15.7,13.9,31.2,14.5,,+12.2,22.4,18.1,,,,,+39,+502,+44,+521,+37,+497,+38,+521,,,-100,+4.996,,+29.4,+4.998,,,,+15.7,+13.9,+59.3,+15.7,,,,,
19.06,1,4,UNKNOWN_DATE_TIME,+40.52899,-78.64911,162,0.0,0.0,+11.6,,,,,17:04:21,+10.7,-0.7,194.3,0.0,+71,+0.0,-0.02,+1.0,99,-52,+21,0.0,30.22,+790,,,208,,,,,0,0,,,+0,,,,+2,,,-2,,,,,,,,,59,+16,850,850,12.7,2.4,2.4,29.4,15.7,13.9,31.2,14.5,,+12.2,22.4,18.1,,,,,+39,+502,+44,+521,+37,+498,+39,+522,,,-100,+4.996,,+29.4,+4.998,,,,+15.7,+13.9,+59.3,+15.7,,,,,
19.31,1,4,UNKNOWN_DATE_TIME,+40.52900,-78.64911,162,0.0,0.0,+11.6,,,,,17:04:21,+10.7,-0.7,194.3,0.0,+71,+0.0,-0.01,+0.9,99,-40,+21,0.0,30.22,+790,,,208,,,,,0,0,,,+0,,,,+2,,,-2,,,,,,,,,59,+16,850,850,12.7,2.4,2.4,29.4,15.7,13.9,31.2,14.5,,+12.1,22.4,18.1,,,,,+39,+503,+44,+520,+37,+498,+38,+523,,,-100,+4.996,,+29.4,+4.998,,,,+15.7,+13.9,+59.3,+15.7,,,,,
19.56,1,4,UNKNOWN_DATE_TIME,+40.52900,-78.64911,162,0.0,0.0,+11.6,,,,,17:04:21,+10.7,-0.7,194.3,0.0,+71,+0.0,-0.01,+1.0,99,-45,+21,0.0,30.22,+790,,,208,,,,,0,0,,,+0,,,,+2,,,-2,,,,,,,,,59,+16,852,852,12.9,2.4,2.4,29.4,15.7,13.9,31.2,14.5,,+12.1,22.4,18.1,,,,,+40,+503,+44,+521,+37,+499,+39,+523,,,-100,+4.996,,+29.4,+4.998,,,,+15.7,+13.9,+59.3,+15.7,,,,,
19.81,1,4,UNKNOWN_DATE_TIME,+40.52899,-78.64911,163,0.0,0.0,+11.6,,,,,17:04:22,+10.7,-0.7,194.3,0.0,+71,+0.0,-0.01,+1.0,99,-28,+21,0.0,30.22,+790,,,208,,,,,0,0,,,+0,,,,+2,,,-2,,,,,,,,,59,+16,859,859,12.9,2.4,2.4,29.4,15.7,13.9,31.2,14.5,,+12.1,22.4,18.1,,,,,+40,+503,+45,+521,+37,+499,+39,+524,,,-100,+4.996,,+29.4,+4.998,,,,+15.7,+13.9,+59.4,+15.7,,,,,
20.06,1,4,UNKNOWN_DATE_TIME,+40.52900,-78.64911,163,0.0,0.0,+11.6,,,,,17:04:22,+10.7,-0.7,194.3,0.0,+71,+0.0,-0.01,+1.0,99,-42,+21,0.0,30.22,+790,,,208,,,,,0,0,,,+0,,,,+2,,,-2,,,,,,,,,60,+16,860,860,12.9,2.4,2.4,29.4,15.7,13.9,31.2,14.5,,+12.0,22.4,18.1,,,,,+40,+503,+44,+522,+37,+499,+39,+524,,,-100,+4.996,,+29.4,+4.998,,,,+15.7,+13.9,+59.5,+15.7,,,,,
20.31,1,4,UNKNOWN_DATE_TIME,+40.52899,-78.64911,164,0.0,0.0,+11.6,,,,,17:04:22,+10.7,-0.6,194.3,0.0,+70,+0.0,-0.01,+1.0,99,-54,+21,0.0,30.22,+790,,,208,,,,,0,0,,,+0,,,,+2,,,-2,,,,,,,,,60,+16,864,864,12.9,2.4,2.4,29.4,15.7,13.9,31.2,14.5,,+12.0,22.4,18.1,,,,,+40,+504,+44,+522,+37,+499,+39,+523,,,-100,+4.996,,+29.4,+4.998,,,,+15.7,+13.9,+59.7,+15.7,,,,,
20.56,1,4,UNKNOWN_DATE_TIME,+40.52899,-78.64911,164,0.0,0.0,+11.6,,,,,17:04:22,+10.7,-0.6,194.3,0.0,+70,+0.0,-0.01,+0.9,99,-55,+21,0.0,30.22,+790,,,208,,,,,0,0,,,+0,,,,+2,,,-2,,,,,,,,,60,+16,859,859,12.7,2.4,2.4,29.4,15.7,13.9,31.2,14.5,,+12.0,22.4,18.1,,,,,+40,+505,+45,+522,+38,+499,+39,+524,,,-100,+4.996,,+29.4,+4.998,,,,+15.7,+13.9,+59.7,+15.7,,,,,
20.81,1,4,UNKNOWN_DATE_TIME,+40.52900,-78.64911,162,0.0,0.0,+11.6,,,,,17:04:23,+10.7,-0.6,194.3,0.0,+70,+0.0,-0.01,+0.9,99,-45,+21,0.0,30.22,+790,,,208,,,,,0,0,,,+0,,,,+2,,,-2,,,,,,,,,60,+16,856,856,12.7,2.4,2.4,29.4,15.7,13.9,31.2,14.5,,+11.9,22.4,18.1,,,,,+40,+505,+45,+522,+38,+499,+39,+524,,,-100,+4.996,,+29.4,+4.998,,,,+15.7,+13.9,+59.5,+15.7,,,,,
21.06,1,4,UNKNOWN_DATE_TIME,+40.52900,-78.64911,161,0.0,0.0,+11.6,,,,,17:04:23,+10.7,-0.6,194.3,0.0,+70,+0.0,-0.01,+0.9,99,-45,+21,0.0,30.22,+790,,,208,,,,,0,0,,,+0,,,,+2,,,-2,,,,,,,,,60,+16,863,863,12.7,2.4,2.4,29.4,15.7,13.9,31.2,14.5,,+11.9,22.4,18.1,,,,,+40,+506,+45,+523,+38,+499,+39,+525,,,-100,+4.996,,+29.4,+4.998,,,,+15.7,+13.9,+59.5,+15.7,,,,,
21.31,1,4,UNKNOWN_DATE_TIME,+40.52900,-78.64911,161,0.0,0.0,+11.6,,,,,17:04:23,+10.7,-0.6,194.2,0.0,+69,+0.0,-0.01,+1.0,99,-41,+21,0.0,30.22,+788,,,208,,,,,0,0,,,+0,,,,+2,,,-2,,,,,,,,,60,+16,862,862,12.7,2.4,2.4,29.4,15.7,13.9,31.2,14.5,,+11.9,22.4,18.1,,,,,+41,+506,+45,+523,+38,+499,+39,+525,,,-100,+4.996,,+29.4,+4.998,,,,+15.7,+13.9,+59.6,+15.8,,,,,
21.56,1,4,UNKNOWN_DATE_TIME,+40.52899,-78.64911,161,0.0,0.0,+11.6,,,,,17:04:23,+10.7,-0.6,194.2,0.0,+69,+0.0,-0.01,+1.0,99,-49,+21,0.0,30.22,+788,,,208,,,,,0,0,,,+0,,,,+2,,,-2,,,,,,,,,60,+16,861,861,12.7,2.4,2.4,29.4,15.7,13.9,31.2,14.5,,+11.8,22.4,18.1,,,,,+41,+507,+45,+523,+38,+500,+39,+526,,,-100,+4.996,,+29.4,+4.998,,,,+15.7,+13.9,+59.7,+15.8,,,,,
21.81,1,4,UNKNOWN_DATE_TIME,+40.52899,-78.64911,162,0.0,0.0,+11.6,,,,,17:04:24,+10.7,-0.6,194.2,0.0,+69,+0.0,-0.01,+1.0,99,-54,+21,0.0,30.22,+788,,,208,,,,,0,0,,,+0,,,,+2,,,-2,,,,,,,,,60,+16,866,866,12.7,2.4,2.4,29.4,15.7,13.9,31.2,14.5,,+11.8,22.4,18.1,,,,,+41,+507,+46,+523,+38,+500,+40,+526,,,-100,+4.996,,+29.4,+4.998,,,,+15.7,+13.9,+59.6,+15.8,,,,,
22.06,1,4,UNKNOWN_DATE_TIME,+40.52899,-78.64911,162,0.0,0.0,+11.6,,,,,17:04:24,+10.7,-0.5,194.2,0.0,+69,+0.0,-0.01,+1.0,99,-45,+21,0.0,30.22,+788,,,208,,,,,0,0,,,+0,,,,+2,,,-2,,,,,,,,,60,+16,865,865,12.7,2.4,2.4,29.4,15.7,13.9,31.2,14.5,,+11.8,22.4,18.1,,,,,+41,+507,+46,+523,+38,+501,+40,+526,,,-100,+4.996,,+29.4,+4.998,,,,+15.7,+13.9,+59.7,+15.8,,,,,
22.31,1,4,UNKNOWN_DATE_TIME,+40.52899,-78.64911,163,0.0,0.0,+11.6,,,,,17:04:24,+10.7,-0.5,194.2,0.0,+68,+0.0,-0.02,+1.0,99,-65,+21,0.0,30.22,+788,,,208,,,,,0,0,,,+0,,,,+2,,,-2,,,,,,,,,60,+16,863,863,12.7,2.4,2.4,29.4,15.7,13.9,31.2,14.5,,+11.8,22.4,18.1,,,,,+41,+507,+46,+524,+38,+501,+40,+526,,,-100,+4.996,,+29.4,+4.998,,,,+15.7,+13.9,+59.7,+15.8,,,,,
22.56,1,4,UNKNOWN_DATE_TIME,+40.52899,-78.64911,164,0.0,0.0,+11.6,,,,,17:04:24,+10.7,-0.5,194.2,0.0,+67,+0.0,-0.01,+1.0,99,-62,+21,0.0,30.22,+788,,,208,,,,,0,0,,,+0,,,,+2,,,-2,,,,,,,,,60,+16,861,861,12.7,2.4,2.4,29.4,15.7,13.9,31.2,14.5,,+11.7,22.4,18.1,,,,,+41,+508,+46,+524,+38,+502,+40,+527,,,-100,+4.996,,+29.4,+4.998,,,,+15.7,+13.9,+59.6,+15.8,,,,,
22.81,1,4,UNKNOWN_DATE_TIME,+40.52899,-78.64911,163,0.0,0.0,+11.6,,,,,17:04:25,+10.7,-0.5,194.2,0.0,+67,+0.0,-0.01,+1.0,99,-57,+21,0.0,30.22,+788,,,208,,,,,0,0,,,+0,,,,+2,,,-2,,,,,,,,,60,+16,863,863,12.7,2.4,2.4,29.4,15.7,13.9,31.2,14.5,,+11.7,22.4,18.1,,,,,+41,+508,+46,+524,+38,+503,+40,+527,,,-100,+4.996,,+29.4,+4.998,,,,+15.7,+13.9,+59.6,+15.8,,,,,
23.06,1,4,UNKNOWN_DATE_TIME,+40.52899,-78.64911,163,0.0,0.0,+11.6,,,,,17:04:25,+10.7,-0.5,194.2,0.0,+66,+0.0,-0.01,+1.0,99,-72,+21,0.0,30.22,+788,,,208,,,,,0,0,,,+0,,,,+2,,,-2,,,,,,,,,60,+16,867,867,12.7,2.4,2.4,29.4,15.7,13.9,31.2,14.5,,+11.7,22.4,18.1,,,,,+42,+509,+46,+524,+38,+504,+40,+527,,,-100,+4.996,,+29.4,+4.998,,,,+15.7,+13.9,+59.7,+15.8,,,,,
23.31,1,4,UNKNOWN_DATE_TIME,+40.52899,-78.64911,161,0.0,0.0,+11.6,,,,,17:04:25,+10.7,-0.6,194.2,0.0,+66,+0.0,-0.01,+1.0,99,-75,+21,0.0,30.22,+788,,,208,,,,,0,0,,,+0,,,,+2,,,-2,,,,,,,,,60,+16,859,859,12.7,2.4,2.4,29.4,15.7,13.9,31.2,14.5,,+11.6,22.4,18.1,,,,,+42,+508,+46,+524,+39,+504,+40,+527,,,-100,+4.996,,+29.4,+4.998,,,,+15.7,+13.9,+59.6,+15.8,,,,,
23.56,1,4,UNKNOWN_DATE_TIME,+40.52899,-78.64911,162,0.0,0.0,+11.6,,,,,17:04:25,+10.7,-0.6,194.2,0.0,+66,+0.0,-0.01,+0.9,99,-65,+21,0.0,30.22,+788,,,208,,,,,0,0,,,+0,,,,+2,,,-2,,,,,,,,,59,+16,861,861,12.7,2.4,2.4,29.4,15.7,13.9,31.2,14.5,,+11.6,22.4,18.1,,,,,+42,+509,+46,+526,+39,+505,+41,+528,,,-100,+4.996,,+29.4,+4.998,,,,+15.7,+13.9,+59.5,+15.8,,,,,
23.81,1,4,UNKNOWN_DATE_TIME,+40.52899,-78.64911,161,0.0,0.0,+11.6,,,,,17:04:26,+10.7,-0.6,194.2,0.0,+66,+0.0,-0.01,+1.0,99,-64,+21,0.0,30.22,+788,,,208,,,,,0,0,,,+0,,,,+2,,,-2,,,,,,,,,60,+16,865,865,12.7,2.4,2.4,29.4,15.7,13.9,31.2,14.5,,+11.6,22.4,18.1,,,,,+42,+509,+46,+526,+39,+505,+41,+528,,,-100,+4.996,,+29.4,+4.998,,,,+15.7,+13.9,+59.6,+15.8,,,,,
24.06,1,4,UNKNOWN_DATE_TIME,+40.52899,-78.64911,160,0.0,0.0,+11.6,,,,,17:04:26,+10.7,-0.6,194.2,0.0,+66,+0.0,-0.01,+1.0,99,-72,+21,0.0,30.22,+788,,,208,,,,,0,0,,,+0,,,,+2,,,-2,,,,,,,,,60,+16,876,876,12.7,2.4,2.4,29.4,15.7,13.9,31.2,14.5,,+11.6,22.4,18.1,,,,,+42,+509,+47,+526,+39,+505,+41,+528,,,-100,+4.996,,+29.4,+4.998,,,,+15.7,+13.9,+59.8,+15.8,,,,,
24.31,1,4,UNKNOWN_DATE_TIME,+40.52899,-78.64911,159,0.0,0.0,+11.6,,,,,17:04:26,+10.7,-0.5,194.2,0.0,+65,+0.0,-0.02,+1.0,99,-79,+21,0.0,30.22,+784,,,208,,,,,0,0,,,+0,,,,+2,,,-2,,,,,,,,,60,+16,867,867,12.7,2.4,2.4,29.4,15.7,13.9,31.2,14.5,,+11.5,22.4,18.1,,,,,+42,+509,+47,+527,+39,+505,+41,+528,,,-100,+4.996,,+29.4,+4.998,,,,+15.7,+13.9,+59.9,+15.8,,,,,
24.56,1,4,UNKNOWN_DATE_TIME,+40.52899,-78.64911,158,0.0,0.0,+11.6,,,,,17:04:26,+10.7,-0.5,194.2,0.0,+64,+0.0,-0.01,+0.9,99,-97,+21,0.0,30.22,+784,,,208,,,,,0,0,,,+0,,,,+2,,,-2,,,,,,,,,60,+16,862,862,12.6,2.4,2.4,29.4,15.7,13.9,31.2,14.5,,+11.5,22.4,18.1,,,,,+42,+509,+47,+528,+39,+506,+41,+529,,,-100,+4.996,,+29.4,+4.998,,,,+15.7,+13.9,+59.7,+15.8,,,,,
24.81,1,4,UNKNOWN_DATE_TIME,+40.52899,-78.64911,159,0.0,0.0,+11.6,,,,,17:04:27,+10.7,-0.6,194.2,0.0,+64,+0.0,-0.01,+1.0,99,-79,+21,0.0,30.22,+784,,,208,,,,,0,0,,,+0,,,,+2,,,-2,,,,,,,,,60,+16,864,864,12.6,2.4,2.4,29.5,15.7,13.9,31.2,14.5,,+11.5,22.4,18.1,,,,,+42,+509,+47,+528,+39,+506,+41,+530,,,-100,+4.996,,+29.5,+4.998,,,,+15.7,+13.9,+59.6,+15.8,,,,,
25.06,1,4,UNKNOWN_DATE_TIME,+40.52899,-78.64911,160,0.0,0.0,+11.6,,,,,17:04:27,+10.7,-0.6,194.2,0.0,+63,+0.1,-0.01,+1.0,99,-101,+21,0.0,30.22,+784,,,208,,,,,0,0,,,+0,,,,+2,,,-2,,,,,,,,,60,+16,868,868,12.6,2.4,2.4,29.5,15.7,13.9,31.2,14.5,,+11.5,22.4,18.1,,,,,+42,+510,+47,+529,+39,+506,+41,+530,,,-100,+4.996,,+29.5,+4.998,,,,+15.7,+13.9,+59.7,+15.8,,,,,
25.31,1,4,UNKNOWN_DATE_TIME,+40.52899,-78.64911,161,0.0,0.0,+11.6,,,,,17:04:27,+10.7,-0.6,194.2,0.0,+63,+0.1,-0.01,+1.0,99,-79,+21,0.0,30.22,+784,,,208,,,,,0,0,,,+0,,,,+2,,,-2,,,,,,,,,60,+16,867,867,12.6,2.4,2.4,29.4,15.7,13.9,31.2,14.5,,+11.5,22.4,18.1,,,,,+43,+510,+47,+529,+39,+506,+41,+530,,,-100,+4.996,,+29.4,+4.998,,,,+15.7,+13.9,+59.8,+15.8,,,,,
25.56,1,5,UNKNOWN_DATE_TIME,+40.52899,-78.64911,157,0.0,0.0,+11.6,,,,,17:04:27,+10.7,-0.6,194.2,0.0,+63,+0.1,-0.01,+1.0,99,-57,+21,0.0,30.22,+784,,,208,,,,,0,0,,,+0,,,,+2,,,-2,,,,,,,,,60,+16,870,870,12.7,2.4,2.4,29.4,15.7,13.9,31.2,14.5,,+11.4,22.4,18.1,,,,,+43,+511,+47,+529,+40,+506,+42,+530,,,-100,+4.996,,+29.4,+4.998,,,,+15.7,+13.9,+59.8,+15.8,,,,,
25.81,1,5,UNKNOWN_DATE_TIME,+40.52899,-78.64911,139,0.0,0.0,+11.6,,,,,17:04:28,+10.7,-0.5,194.2,0.0,+63,+0.1,-0.01,+1.0,99,-62,+21,0.0,30.22,+784,,,208,,,,,0,0,,,+0,,,,+2,,,-2,,,,,,,,,60,+16,867,867,12.7,2.4,2.4,29.4,15.7,13.9,31.2,14.5,,+11.4,22.4,18.1,,,,,+43,+512,+48,+530,+40,+507,+42,+530,,,-100,+4.996,,+29.4,+4.998,,,,+15.7,+13.9,+59.8,+15.8,,,,,
26.06,1,5,UNKNOWN_DATE_TIME,+40.52901,-78.64908,127,0.1,0.0,+11.6,,,,,17:04:28,+10.7,-0.5,194.2,0.0,+63,+0.1,-0.01,+1.0,99,-60,+21,0.0,30.22,+784,,,208,,,,,0,0,,,+0,,,,+2,,,-2,,,,,,,,,60,+16,867,867,12.7,2.4,2.4,29.5,15.7,13.9,31.2,14.5,,+11.4,22.4,18.1,,,,,+43,+512,+48,+530,+40,+507,+42,+531,,,-100,+4.996,,+29.5,+4.998,,,,+15.7,+13.9,+59.7,+15.8,,,,,
26.31,1,5,UNKNOWN_DATE_TIME,+40.52902,-78.64907,107,0.1,0.0,+11.6,,,,,17:04:28,+10.7,-0.6,194.2,0.0,+63,+0.0,-0.01,+1.0,99,-60,+21,0.0,30.22,+784,,,208,,,,,0,0,,,+0,,,,+2,,,-2,,,,,,,,,60,+16,865,865,12.7,2.4,2.4,29.5,15.7,13.9,31.2,14.5,,+11.4,22.4,18.1,,,,,+43,+512,+48,+530,+40,+507,+42,+531,,,-100,+4.996,,+29.5,+4.998,,,,+15.7,+13.9,+59.7,+15.8,,,,,
26.56,1,5,UNKNOWN_DATE_TIME,+40.52903,-78.64905,97,0.1,0.0,+11.6,,,,,17:04:28,+10.7,-0.6,194.2,0.0,+63,+0.0,-0.01,+1.0,99,-57,+21,0.0,30.22,+784,,,208,,,,,0,0,,,+0,,,,+2,,,-2,,,,,,,,,60,+16,864,864,12.7,2.4,2.4,29.4,15.7,13.9,31.2,14.5,,+11.3,22.4,18.1,,,,,+43,+513,+48,+530,+40,+508,+42,+532,,,-100,+4.996,,+29.4,+4.998,,,,+15.7,+13.9,+59.6,+15.9,,,,,
26.81,1,5,UNKNOWN_DATE_TIME,+40.52903,-78.64904,89,0.1,0.0,+11.6,,,,,17:04:29,+10.7,-0.6,194.2,0.0,+62,+0.1,-0.01,+0.9,99,-72,+21,0.0,30.22,+784,,,208,,,,,0,0,,,+0,,,,+2,,,-2,,,,,,,,,60,+16,863,863,12.7,2.4,2.4,29.4,15.7,13.9,31.2,14.5,,+11.3,22.4,18.1,,,,,+43,+513,+48,+530,+40,+508,+42,+533,,,-100,+4.996,,+29.4,+4.998,,,,+15.7,+13.9,+59.6,+15.9,,,,,
27.06,1,5,UNKNOWN_DATE_TIME,+40.52904,-78.64904,86,0.1,0.0,+11.6,,,,,17:04:29,+10.7,-0.6,194.3,0.0,+61,+0.1,-0.02,+1.0,99,-101,+21,0.0,30.22,+784,,,208,,,,,0,0,,,+0,,,,+2,,,-2,,,,,,,,,60,+16,857,857,12.7,2.3,2.3,29.4,15.7,13.9,31.2,14.5,,+11.3,22.4,18.1,,,,,+44,+514,+48,+530,+40,+509,+42,+533,,,-100,+4.996,,+29.4,+4.998,,,,+15.7,+13.9,+59.5,+15.9,,,,,
27.31,1,5,UNKNOWN_DATE_TIME,+40.52904,-78.64904,76,0.1,0.0,+11.6,,,,,17:04:29,+10.7,-0.6,194.3,0.0,+61,+0.1,-0.01,+1.0,99,-86,+21,0.0,30.22,+778,,,208,,,,,0,0,,,+0,,,,+2,,,-2,,,,,,,,,59,+16,859,859,12.7,2.3,2.3,29.5,15.7,13.9,31.2,14.5,,+11.3,22.4,18.1,,,,,+44,+514,+48,+531,+40,+509,+42,+534,,,-100,+4.996,,+29.5,+4.998,,,,+15.7,+13.9,+59.4,+15.9,,,,,
27.56,1,5,UNKNOWN_DATE_TIME,+40.52905,-78.64904,75,0.1,0.0,+11.6,,,,,17:04:29,+10.7,-0.6,194.3,0.0,+61,+0.1,-0.01,+1.0,99,-71,+21,0.0,30.22,+778,,,208,,,,,0,0,,,+0,,,,+2,,,-2,,,,,,,,,59,+16,859,859,12.8,2.4,2.4,29.4,15.7,13.9,31.2,14.5,,+11.2,22.4,18.1,,,,,+44,+514,+48,+531,+41,+509,+42,+535,,,-100,+4.996,,+29.4,+4.998,,,,+15.7,+13.9,+59.5,+15.9,,,,,
27.81,1,5,UNKNOWN_DATE_TIME,+40.52905,-78.64903,72,0.1,0.0,+11.6,,,,,17:04:30,+10.7,-0.5,194.3,0.0,+61,+0.1,-0.01,+1.0,99,-83,+21,0.0,30.22,+778,,,208,,,,,0,0,,,+0,,,,+2,,,-2,,,,,,,,,59,+16,864,864,12.8,2.4,2.4,29.4,15.7,13.9,31.2,14.5,,+11.2,22.4,18.1,,,,,+44,+513,+49,+532,+41,+510,+42,+535,,,-100,+4.998,,+29.4,+4.998,,,,+15.7,+13.9,+59.5,+15.9,,,,,
28.06,1,5,UNKNOWN_DATE_TIME,+40.52905,-78.64903,70,0.1,0.0,+11.6,,,,,17:04:30,+10.7,-0.5,194.3,0.0,+60,+0.1,-0.01,+0.9,99,-94,+21,0.0,30.22,+778,,,208,,,,,0,0,,,+0,,,,+2,,,-2,,,,,,,,,60,+16,864,864,12.8,2.4,2.4,29.4,15.7,13.9,31.2,14.5,,+11.2,22.4,18.1,,,,,+44,+513,+49,+532,+41,+510,+43,+535,,,-100,+4.998,,+29.4,+4.998,,,,+15.7,+13.9,+59.6,+15.9,,,,,
28.31,1,5,UNKNOWN_DATE_TIME,+40.52906,-78.64903,66,0.1,0.0,+11.6,,,,,17:04:30,+10.7,-0.6,194.2,0.0,+59,+0.0,-0.01,+0.9,99,-91,+21,0.0,30.22,+778,,,208,,,,,0,0,,,+0,,,,+2,,,-2,,,,,,,,,60,+16,866,866,12.8,2.4,2.4,29.4,15.7,13.9,31.2,14.5,,+11.2,22.4,18.1,,,,,+44,+513,+49,+531,+41,+511,+43,+536,,,-100,+4.996,,+29.4,+4.998,,,,+15.7,+13.9,+59.6,+15.9,,,,,
28.56,1,5,UNKNOWN_DATE_TIME,+40.52906,-78.64902,65,0.1,0.0,+11.6,,,,,17:04:30,+10.7,-0.6,194.3,0.0,+59,+0.0,-0.01,+1.0,99,-92,+21,0.0,30.22,+778,,,208,,,,,0,0,,,+0,,,,+2,,,-2,,,,,,,,,60,+16,870,870,12.7,2.4,2.4,29.5,15.7,13.9,31.2,14.5,,+11.1,22.4,18.1,,,,,+44,+513,+49,+531,+41,+511,+43,+536,,,-100,+4.996,,+29.5,+4.998,,,,+15.7,+13.9,+59.7,+15.9,,,,,
28.81,1,5,UNKNOWN_DATE_TIME,+40.52906,-78.64902,63,0.1,0.0,+11.6,,,,,17:04:31,+10.7,-0.6,194.3,0.0,+59,+0.0,-0.01,+1.0,99,-46,+21,0.0,30.22,+778,,,208,,,,,0,0,,,+0,,,,+2,,,-2,,,,,,,,,60,+16,863,863,12.7,2.4,2.4,29.4,15.7,13.9,31.2,14.5,,+11.1,22.4,18.1,,,,,+45,+513,+49,+532,+41,+511,+43,+537,,,-100,+4.996,,+29.4,+4.998,,,,+15.7,+13.9,+59.7,+15.9,,,,,
29.06,1,5,UNKNOWN_DATE_TIME,+40.52906,-78.64902,61,0.1,0.0,+11.6,,,,,17:04:31,+10.7,-0.6,194.3,0.0,+59,+0.0,-0.01,+1.0,99,-46,+21,0.0,30.22,+778,,,208,,,,,0,0,,,+0,,,,+2,,,-3,,,,,,,,,60,+16,860,860,12.7,2.4,2.4,29.4,15.7,13.9,31.2,14.5,,+11.1,22.4,18.1,,,,,+45,+514,+49,+532,+41,+511,+43,+537,,,-100,+4.996,,+29.4,+4.998,,,,+15.7,+13.9,+59.5,+15.9,,,,,
29.31,1,5,UNKNOWN_DATE_TIME,+40.52906,-78.64902,60,0.1,0.0,+11.6,,,,,17:04:31,+10.7,-0.6,194.3,0.0,+59,+0.0,-0.01,+1.0,99,-42,+21,0.0,30.22,+778,,,208,,,,,0,0,,,+0,,,,+2,,,-3,,,,,,,,,59,+16,861,861,12.7,2.4,2.4,29.4,15.7,13.9,31.2,14.5,,+11.1,22.4,18.1,,,,,+45,+515,+49,+532,+41,+512,+43,+537,,,-100,+4.996,,+29.4,+4.998,,,,+15.7,+13.9,+59.4,+15.9,,,,,
29.56,1,5,UNKNOWN_DATE_TIME,+40.52906,-78.64902,59,0.0,0.0,+11.6,,,,,17:04:31,+10.7,-0.6,194.3,0.0,+59,+0.0,-0.01,+0.9,99,-54,+21,0.0,30.22,+778,,,208,,,,,0,0,,,+0,,,,+2,,,-3,,,,,,,,,59,+16,858,858,12.8,2.4,2.4,29.4,15.7,13.9,31.2,14.5,,+11.0,22.4,18.1,,,,,+45,+515,+50,+533,+41,+512,+43,+537,,,-100,+4.996,,+29.4,+4.998,,,,+15.7,+13.9,+59.4,+15.9,,,,,
29.81,1,5,UNKNOWN_DATE_TIME,+40.52906,-78.64902,58,0.0,0.0,+11.6,,,,,17:04:32,+10.7,-0.6,194.3,0.0,+59,+0.0,-0.01,+1.0,99,-65,+21,0.0,30.22,+778,,,208,,,,,0,0,,,+0,,,,+2,,,-3,,,,,,,,,59,+16,859,859,12.8,2.4,2.4,29.5,15.7,13.9,31.2,14.5,,+11.0,22.4,18.1,,,,,+45,+516,+50,+533,+42,+513,+44,+538,,,-100,+4.996,,+29.5,+4.998,,,,+15.7,+13.9,+59.4,+15.9,,,,,
30.06,1,5,UNKNOWN_DATE_TIME,+40.52906,-78.64902,57,0.0,0.0,+11.6,,,,,17:04:32,+10.7,-0.6,194.3,0.0,+58,+0.0,-0.01,+1.0,99,-75,+21,0.0,30.22,+778,,,208,,,,,0,0,,,+0,,,,+2,,,-3,,,,,,,,,59,+16,861,861,12.8,2.3,2.3,29.4,15.7,13.9,31.2,14.5,,+11.0,22.4,18.1,,,,,+45,+516,+50,+533,+42,+513,+43,+538,,,-100,+4.996,,+29.4,+4.998,,,,+15.7,+13.9,+59.4,+15.9,,,,,
30.31,1,5,UNKNOWN_DATE_TIME,+40.52906,-78.64902,57,0.0,0.0,+11.6,,,,,17:04:32,+10.7,-0.6,194.3,0.0,+57,+0.0,-0.01,+1.0,99,-68,+21,0.0,30.22,+774,,,208,,,,,0,0,,,+0,,,,+2,,,-3,,,,,,,,,59,+16,857,857,12.8,2.3,2.3,29.4,15.7,13.9,31.2,14.5,,+11.0,22.4,18.1,,,,,+45,+516,+50,+534,+42,+513,+44,+538,,,-100,+4.996,,+29.4,+4.998,,,,+15.7,+13.9,+59.4,+15.9,,,,,
30.56,1,5,UNKNOWN_DATE_TIME,+40.52906,-78.64902,56,0.0,0.0,+11.6,,,,,17:04:32,+10.7,-0.6,194.3,0.0,+57,+0.1,-0.01,+1.0,99,-80,+21,0.0,30.22,+775,,,208,,,,,0,0,,,+0,,,,+2,,,-3,,,,,,,,,59,+16,858,858,12.8,2.3,2.3,29.4,15.7,13.9,31.2,14.5,,+11.0,22.4,18.1,,,,,+46,+516,+50,+534,+42,+513,+44,+540,,,-100,+4.996,,+29.4,+4.998,,,,+15.7,+13.9,+59.3,+15.9,,,,,
30.81,1,5,UNKNOWN_DATE_TIME,+40.52906,-78.64902,55,0.0,0.0,+11.6,,,,,17:04:33,+10.7,-0.6,194.3,0.0,+57,+0.0,-0.01,+1.0,99,-65,+21,0.0,30.22,+775,,,208,,,,,0,0,,,+0,,,,+2,,,-3,,,,,,,,,59,+16,857,857,12.8,2.3,2.3,29.4,15.7,13.9,31.2,14.5,,+10.9,22.4,18.1,,,,,+46,+516,+50,+535,+42,+513,+44,+540,,,-100,+4.996,,+29.4,+4.998,,,,+15.7,+13.9,+59.3,+15.9,,,,,
31.06,1,5,UNKNOWN_DATE_TIME,+40.52906,-78.64902,54,0.0,0.0,+11.6,,,,,17:04:33,+10.7,-0.6,194.3,0.0,+57,+0.0,-0.01,+0.9,99,-59,+21,0.0,30.22,+775,,,208,,,,,0,0,,,+0,,,,+2,,,-3,,,,,,,,,59,+16,870,870,12.8,2.3,2.3,29.4,15.7,13.9,31.2,14.5,,+10.9,22.4,18.1,,,,,+46,+516,+50,+535,+42,+513,+44,+541,,,-100,+4.996,,+29.4,+4.998,,,,+15.7,+13.9,+59.5,+15.9,,,,,
31.31,1,5,UNKNOWN_DATE_TIME,+40.52906,-78.64902,50,0.0,0.0,+11.6,,,,,17:04:33,+10.7,-0.6,194.3,0.0,+57,+0.0,-0.01,+1.0,99,-60,+21,0.0,30.22,+775,,,208,,,,,0,0,,,+0,,,,+2,,,-3,,,,,,,,,60,+16,875,875,12.8,2.3,2.3,29.4,15.7,13.9,31.2,14.5,,+10.9,22.4,18.1,,,,,+46,+516,+50,+535,+42,+513,+44,+541,,,-100,+4.996,,+29.4,+4.998,,,,+15.7,+13.9,+59.7,+16.0,,,,,
31.56,1,7,UNKNOWN_DATE_TIME,+40.52906,-78.64902,47,0.0,0.0,+11.6,,,,,17:04:33,+10.7,-0.6,194.3,0.0,+57,+0.0,-0.02,+1.0,99,-48,+21,0.0,30.22,+775,,,208,,,,,0,0,,,+0,,,,+2,,,-3,,,,,,,,,60,+16,872,872,12.7,2.3,2.3,29.4,15.7,13.9,31.2,14.5,,+10.9,22.4,18.1,,,,,+46,+516,+51,+535,+42,+513,+44,+541,,,-100,+4.996,,+29.4,+4.998,,,,+15.7,+13.9,+59.8,+16.0,,,,,
31.81,1,7,UNKNOWN_DATE_TIME,+40.52905,-78.64902,43,0.0,0.0,+11.6,,,,,17:04:34,+10.7,-0.6,194.3,0.0,+57,+0.0,-0.01,+1.0,99,-58,+21,0.0,30.22,+775,,,208,,,,,0,0,,,+0,,,,+2,,,-3,,,,,,,,,60,+16,871,871,12.7,2.3,2.3,29.4,15.7,13.9,31.2,14.5,,+10.8,22.4,18.1,,,,,+46,+516,+51,+535,+43,+513,+45,+541,,,-100,+4.996,,+29.4,+4.998,,,,+15.7,+13.9,+59.8,+16.0,,,,,
32.06,1,7,UNKNOWN_DATE_TIME,+40.52905,-78.64902,39,0.0,0.0,+11.6,,,,,17:04:34,+10.7,-0.6,194.3,0.0,+56,+0.0,-0.01,+1.0,99,-86,+21,0.0,30.22,+775,,,208,,,,,0,0,,,+0,,,,+2,,,-3,,,,,,,,,60,+16,869,869,12.7,2.3,2.3,29.4,15.7,13.9,31.2,14.5,,+10.8,22.4,18.1,,,,,+46,+517,+51,+536,+43,+513,+45,+542,,,-100,+4.996,,+29.4,+4.998,,,,+15.7,+13.9,+59.7,+16.0,,,,,
32.31,1,7,UNKNOWN_DATE_TIME,+40.52905,-78.64902,34,0.0,0.0,+11.6,,,,,17:04:34,+10.7,-0.6,194.3,0.0,+56,+0.0,-0.01,+1.0,99,-80,+21,0.0,30.22,+775,,,208,,,,,0,0,,,+0,,,,+2,,,-3,,,,,,,,,60,+16,867,867,12.7,2.3,2.3,29.5,15.7,13.9,31.2,14.5,,+10.8,22.4,18.1,,,,,+46,+517,+51,+537,+43,+513,+45,+542,,,-100,+4.996,,+29.5,+4.998,,,,+15.7,+13.9,+59.6,+16.0,,,,,
32.56,1,7,UNKNOWN_DATE_TIME,+40.52905,-78.64901,32,0.0,0.0,+11.6,,,,,17:04:34,+10.7,-0.6,194.2,0.0,+55,+0.0,-0.01,+1.0,99,-83,+21,0.0,30.22,+775,,,208,,,,,0,0,,,+0,,,,+2,,,-3,,,,,,,,,60,+16,866,866,12.7,2.3,2.3,29.4,15.7,13.9,31.2,14.5,,+10.8,22.4,18.1,,,,,+47,+517,+51,+537,+43,+513,+45,+543,,,-100,+4.996,,+29.4,+4.998,,,,+15.7,+13.9,+59.6,+16.0,,,,,
32.81,1,7,UNKNOWN_DATE_TIME,+40.52905,-78.64901,31,0.0,0.0,+11.6,,,,,17:04:35,+10.7,-0.7,194.3,0.0,+55,+0.0,-0.01,+1.0,99,-84,+21,0.0,30.22,+775,,,208,,,,,0,0,,,+0,,,,+2,,,-3,,,,,,,,,60,+16,866,866,12.7,2.3,2.3,29.4,15.7,13.9,31.2,14.5,,+10.8,22.4,18.1,,,,,+47,+517,+51,+537,+43,+513,+45,+544,,,-100,+4.996,,+29.4,+4.998,,,,+15.7,+13.9,+59.5,+16.0,,,,,
33.06,1,7,UNKNOWN_DATE_TIME,+40.52905,-78.64901,30,0.0,0.0,+11.6,,,,,17:04:35,+10.7,-0.7,194.3,0.0,+54,+0.0,-0.01,+0.9,99,-89,+21,0.0,30.22,+775,,,208,,,,,0,0,,,+0,,,,+2,,,-3,,,,,,,,,60,+16,873,873,12.7,2.3,2.3,29.4,15.7,13.9,31.2,14.5,,+10.7,22.4,18.1,,,,,+47,+517,+51,+537,+43,+513,+45,+545,,,-100,+4.996,,+29.4,+4.998,,,,+15.7,+13.9,+59.6,+16.0,,,,,
33.31,1,7,UNKNOWN_DATE_TIME,+40.52905,-78.64901,28,0.0,0.0,+11.6,,,,,17:04:35,+10.7,-0.7,194.3,0.0,+54,+0.0,-0.01,+1.0,99,-77,+21,0.0,30.22,+775,,,208,,,,,0,0,,,+0,,,,+2,,,-3,,,,,,,,,60,+16,874,874,12.7,2.3,2.3,29.4,15.7,13.9,31.2,14.5,,+10.7,22.4,18.1,,,,,+47,+517,+51,+537,+43,+513,+45,+545,,,-100,+4.996,,+29.4,+4.998,,,,+15.7,+13.9,+59.8,+16.0,,,,,
33.56,1,7,UNKNOWN_DATE_TIME,+40.52905,-78.64901,27,0.0,0.0,+11.6,,,,,17:04:35,+10.7,-0.7,194.3,0.0,+54,+0.0,-0.01,+1.0,99,-78,+21,0.0,30.22,+770,,,208,,,,,0,0,,,+0,,,,+2,,,-3,,,,,,,,,60,+16,874,874,12.7,2.3,2.3,29.4,15.7,13.9,31.2,14.5,,+10.7,22.4,18.1,,,,,+47,+517,+51,+538,+43,+513,+45,+545,,,-100,+4.996,,+29.4,+4.998,,,,+15.7,+13.9,+59.8,+16.0,,,,,
33.81,1,7,UNKNOWN_DATE_TIME,+40.52905,-78.64901,27,0.0,0.0,+11.6,,,,,17:04:36,+10.7,-0.7,194.3,0.0,+53,+0.0,-0.02,+1.0,99,-75,+21,0.0,30.22,+770,,,208,,,,,0,0,,,+0,,,,+2,,,-3,,,,,,,,,60,+16,879,879,12.7,2.3,2.3,29.4,15.7,13.9,31.2,14.5,,+10.7,22.4,18.1,,,,,+47,+516,+52,+538,+43,+513,+45,+545,,,-100,+4.996,,+29.4,+4.998,,,,+15.7,+13.9,+59.8,+16.0,,,,,
34.06,1,7,UNKNOWN_DATE_TIME,+40.52905,-78.64901,26,0.0,0.0,+11.6,,,,,17:04:36,+10.7,-0.7,194.3,0.0,+53,+0.0,-0.01,+1.0,99,-65,+21,0.0,30.22,+770,,,208,,,,,0,0,,,+0,,,,+2,,,-3,,,,,,,,,60,+16,876,876,12.7,2.3,2.3,29.4,15.7,13.9,31.2,14.5,,+10.7,22.4,18.1,,,,,+47,+515,+52,+539,+44,+514,+46,+546,,,-100,+4.996,,+29.4,+4.998,,,,+15.7,+13.9,+59.9,+16.0,,,,,
34.31,1,7,UNKNOWN_DATE_TIME,+40.52905,-78.64901,25,0.0,0.0,+11.6,,,,,17:04:36,+10.7,-0.7,194.3,0.0,+53,+0.0,-0.01,+1.0,99,-64,+21,0.0,30.22,+770,,,208,,,,,0,0,,,+0,,,,+2,,,-3,,,,,,,,,60,+16,862,862,12.7,2.3,2.3,29.4,15.7,13.9,31.2,14.5,,+10.6,22.4,18.1,,,,,+48,+516,+52,+539,+44,+514,+46,+546,,,-100,+4.996,,+29.4,+4.998,,,,+15.7,+13.9,+59.7,+16.0,,,,,
34.56,1,7,UNKNOWN_DATE_TIME,+40.52905,-78.64901,24,0.0,0.0,+11.6,,,,,17:04:36,+10.7,-0.7,194.3,0.0,+53,+0.0,-0.01,+1.0,99,-78,+21,0.0,30.22,+770,,,208,,,,,0,0,,,+0,,,,+2,,,-3,,,,,,,,,59,+16,866,866,12.7,2.3,2.3,29.4,15.7,13.9,31.2,14.5,,+10.6,22.4,18.1,,,,,+48,+517,+52,+540,+44,+514,+46,+547,,,-100,+4.996,,+29.4,+4.998,,,,+15.7,+13.9,+59.5,+16.0,,,,,
34.81,1,7,UNKNOWN_DATE_TIME,+40.52905,-78.64901,24,0.0,0.0,+11.6,,,,,17:04:37,+10.7,-0.7,194.4,0.0,+52,+0.0,-0.01,+1.0,99,-80,+21,0.0,30.22,+770,,,208,,,,,0,0,,,+0,,,,+2,,,-3,,,,,,,,,60,+16,871,871,12.7,2.3,2.3,29.4,15.7,13.9,31.2,14.5,,+10.6,22.4,18.1,,,,,+48,+517,+52,+540,+44,+514,+46,+548,,,-100,+4.996,,+29.4,+4.998,,,,+15.7,+13.9,+59.6,+16.0,,,,,
35.06,1,7,UNKNOWN_DATE_TIME,+40.52905,-78.64901,22,0.0,0.0,+11.6,,,,,17:04:37,+10.7,-0.7,194.4,0.0,+52,+0.0,-0.01,+0.9,99,-88,+21,0.0,30.22,+770,,,208,,,,,0,0,,,+0,,,,+2,,,-3,,,,,,,,,60,+16,868,868,12.7,2.3,2.3,29.4,15.7,13.9,31.2,14.5,,+10.6,22.4,18.1,,,,,+48,+517,+52,+540,+44,+514,+46,+548,,,-100,+4.996,,+29.4,+4.998,,,,+15.7,+13.9,+59.7,+16.0,,,,,
35.31,1,7,UNKNOWN_DATE_TIME,+40.52905,-78.64901,22,0.0,0.0,+11.6,,,,,17:04:37,+10.7,-0.8,194.4,0.0,+51,+0.0,-0.01,+1.0,99,-85,+21,0.0,30.22,+770,,,208,,,,,0,0,,,+0,,,,+2,,,-3,,,,,,,,,59,+16,860,860,12.7,2.3,2.3,29.4,15.7,13.9,31.2,14.5,,+10.6,22.4,18.1,,,,,+48,+517,+52,+541,+44,+515,+46,+548,,,-100,+4.996,,+29.4,+4.998,,,,+15.7,+13.9,+59.5,+16.0,,,,,
35.56,1,7,UNKNOWN_DATE_TIME,+40.52905,-78.64901,22,0.0,0.0,+11.6,,,,,17:04:37,+10.7,-0.8,194.4,0.0,+51,+0.0,-0.01,+1.0,99,-75,+21,0.0,30.22,+770,,,208,,,,,0,0,,,+0,,,,+2,,,-3,,,,,,,,,59,+16,867,867,12.7,2.3,2.3,29.4,15.7,13.9,31.2,14.5,,+10.6,22.4,18.1,,,,,+48,+517,+53,+541,+44,+516,+46,+548,,,-100,+4.996,,+29.4,+4.998,,,,+15.7,+13.9,+59.4,+16.0,,,,,
35.81,1,7,UNKNOWN_DATE_TIME,+40.52905,-78.64901,22,0.0,0.0,+11.6,,,,,17:04:38,+10.7,-0.7,194.4,0.0,+51,+0.0,-0.01,+1.0,99,-52,+21,0.0,30.22,+770,,,208,,,,,0,0,,,+0,,,,+2,,,-3,,,,,,,,,60,+16,871,871,12.7,2.3,2.3,29.4,15.7,13.9,31.2,14.5,,+10.5,22.4,18.1,,,,,+48,+518,+53,+541,+44,+516,+46,+549,,,-100,+4.996,,+29.4,+4.998,,,,+15.7,+13.9,+59.6,+16.0,,,,,
36.06,1,7,UNKNOWN_DATE_TIME,+40.52905,-78.64901,22,0.0,0.0,+11.6,,,,,17:04:38,+10.7,-0.7,194.4,0.0,+51,+0.0,-0.02,+1.0,99,-45,+21,0.0,30.22,+770,,,208,,,,,0,0,,,+0,,,,+2,,,-3,,,,,,,,,60,+16,880,880,12.7,2.3,2.3,29.4,15.7,13.9,31.2,14.5,,+10.5,22.4,18.1,,,,,+48,+518,+53,+540,+44,+515,+47,+549,,,-100,+4.996,,+29.4,+4.998,,,,+15.7,+13.9,+59.7,+16.1,,,,,
36.31,1,7,UNKNOWN_DATE_TIME,+40.52905,-78.64901,22,0.0,0.0,+11.6,,,,,17:04:38,+10.7,-0.7,194.4,0.0,+51,+0.0,-0.01,+0.9,99,-56,+21,0.0,30.22,+770,,,208,,,,,0,0,,,+0,,,,+2,,,-3,,,,,,,,,60,+16,868,868,12.7,2.3,2.3,29.5,15.7,13.9,31.2,14.5,,+10.5,22.4,18.1,,,,,+48,+518,+53,+540,+44,+515,+47,+550,,,-100,+4.996,,+29.5,+4.998,,,,+15.7,+13.9,+59.8,+16.1,,,,,
36.56,1,7,UNKNOWN_DATE_TIME,+40.52905,-78.64901,22,0.0,0.0,+11.6,,,,,17:04:38,+10.7,-0.7,194.4,0.0,+51,+0.0,-0.01,+1.0,99,-27,+21,0.0,30.22,+776,,,208,,,,,0,0,,,+0,,,,+2,,,-3,,,,,,,,,60,+16,865,865,12.7,2.3,2.3,29.4,15.7,13.9,31.2,14.5,,+10.5,22.4,18.1,,,,,+49,+518,+53,+540,+45,+516,+47,+550,,,-100,+4.996,,+29.4,+4.998,,,,+15.7,+13.9,+59.6,+16.1,,,,,
36.81,1,7,UNKNOWN_DATE_TIME,+40.52905,-78.64901,22,0.0,0.0,+11.6,,,,,17:04:39,+10.7,-0.7,194.4,0.0,+51,+0.0,-0.01,+1.0,99,-18,+21,0.0,30.22,+776,,,208,,,,,0,0,,,+0,,,,+2,,,-3,,,,,,,,,60,+16,868,868,12.7,2.3,2.3,29.4,15.7,13.9,31.2,14.5,,+10.5,22.4,18.1,,,,,+49,+519,+53,+540,+45,+516,+47,+551,,,-100,+4.996,,+29.4,+4.998,,,,+15.7,+13.9,+59.5,+16.1,,,,,
37.06,1,7,UNKNOWN_DATE_TIME,+40.52905,-78.64901,22,0.0,0.0,+11.6,,,,,17:04:39,+10.7,-0.7,194.4,0.0,+51,+0.0,-0.02,+1.0,99,-30,+21,0.0,30.22,+776,,,208,,,,,0,0,,,+0,,,,+2,,,-3,,,,,,,,,59,+16,868,868,12.7,2.3,2.3,29.4,15.7,13.9,31.2,14.5,,+10.4,22.4,18.1,,,,,+49,+519,+53,+541,+45,+516,+47,+551,,,-100,+4.996,,+29.4,+4.998,,,,+15.7,+13.9,+59.5,+16.1,,,,,
37.31,1,7,UNKNOWN_DATE_TIME,+40.52905,-78.64901,22,0.0,0.0,+11.6,,,,,17:04:39,+10.7,-0.7,194.5,0.0,+51,+0.0,-0.01,+1.0,99,-14,+21,0.0,30.22,+776,,,208,,,,,0,0,,,+0,,,,+2,,,-3,,,,,,,,,60,+16,869,869,12.7,2.3,2.3,29.4,15.7,13.9,31.2,14.5,,+10.4,22.4,18.1,,,,,+49,+519,+53,+541,+45,+516,+47,+551,,,-100,+4.996,,+29.4,+4.998,,,,+15.7,+13.9,+59.5,+16.1,,,,,
37.56,1,7,UNKNOWN_DATE_TIME,+40.52905,-78.64901,22,0.0,0.0,+11.6,,,,,17:04:39,+10.7,-0.7,194.5,0.0,+51,+0.0,-0.01,+1.0,99,-21,+21,0.0,30.22,+776,,,208,,,,,0,0,,,+0,,,,+2,,,-3,,,,,,,,,60,+16,870,870,12.7,2.3,2.3,29.4,15.7,13.9,31.2,14.5,,+10.4,22.4,18.1,,,,,+49,+519,+54,+542,+45,+516,+47,+550,,,-100,+4.996,,+29.4,+4.998,,,,+15.7,+13.9,+59.5,+16.1,,,,,
37.81,1,7,UNKNOWN_DATE_TIME,+40.52905,-78.64901,22,0.0,0.0,+11.6,,,,,17:04:40,+10.7,-0.7,194.5,0.0,+51,+0.0,-0.01,+0.9,99,-42,+21,0.0,30.22,+776,,,208,,,,,0,0,,,+0,,,,+2,,,-3,,,,,,,,,60,+16,866,866,12.7,2.3,2.3,29.4,15.7,13.9,31.2,14.5,,+10.4,22.4,18.1,,,,,+49,+519,+54,+542,+45,+516,+47,+551,,,-100,+4.996,,+29.4,+4.998,,,,+15.7,+13.9,+59.6,+16.1,,,,,
38.06,1,7,UNKNOWN_DATE_TIME,+40.52905,-78.64901,22,0.0,0.0,+11.6,,,,,17:04:40,+10.7,-0.7,194.5,0.0,+51,+0.0,-0.01,+1.0,99,-53,+21,0.0,30.22,+776,,,208,,,,,0,0,,,+0,,,,+2,,,-3,,,,,,,,,59,+16,867,867,12.7,2.3,2.3,29.4,15.7,13.9,31.2,14.5,,+10.4,22.4,18.1,,,,,+49,+519,+54,+542,+46,+517,+47,+551,,,-100,+4.996,,+29.4,+4.998,,,,+15.7,+13.9,+59.4,+16.1,,,,,
38.31,1,7,UNKNOWN_DATE_TIME,+40.52905,-78.64901,22,0.0,0.0,+11.6,,,,,17:04:40,+10.7,-0.7,194.5,0.0,+50,+0.0,-0.01,+1.0,99,-35,+21,0.0,30.22,+776,,,208,,,,,0,0,,,+0,,,,+2,,,-3,,,,,,,,,59,+16,866,866,12.7,2.3,2.3,29.4,15.7,13.9,31.2,14.5,,+10.4,22.4,18.1,,,,,+50,+519,+54,+543,+45,+517,+47,+551,,,-100,+4.996,,+29.4,+4.998,,,,+15.7,+13.9,+59.4,+16.1,,,,,
38.56,1,7,UNKNOWN_DATE_TIME,+40.52905,-78.64901,22,0.0,0.0,+11.6,,,,,17:04:40,+10.7,-0.8,194.5,0.0,+50,+0.0,-0.01,+1.0,99,-32,+21,0.0,30.22,+776,,,208,,,,,0,0,,,+0,,,,+2,,,-3,,,,,,,,,59,+16,865,865,12.8,2.3,2.3,29.4,15.7,13.9,31.2,14.5,,+10.3,22.4,18.1,,,,,+50,+519,+54,+543,+46,+518,+48,+552,,,-100,+4.996,,+29.4,+4.998,,,,+15.7,+13.9,+59.4,+16.1,,,,,
38.81,1,7,UNKNOWN_DATE_TIME,+40.52905,-78.64901,22,0.0,0.0,+11.6,,,,,17:04:41,+10.7,-0.8,194.5,0.0,+50,+0.0,-0.01,+0.9,99,-26,+21,0.0,30.22,+776,,,208,,,,,0,0,,,+0,,,,+2,,,-3,,,,,,,,,59,+16,867,867,12.8,2.3,2.3,29.4,15.7,13.9,31.2,14.5,,+10.3,22.4,18.1,,,,,+50,+519,+54,+543,+46,+517,+48,+552,,,-100,+4.996,,+29.4,+4.998,,,,+15.7,+13.9,+59.5,+16.1,,,,,
39.06,1,7,UNKNOWN_DATE_TIME,+40.52905,-78.64901,22,0.0,0.0,+11.6,,,,,17:04:41,+10.7,-0.8,194.5,0.0,+50,+0.0,-0.01,+1.0,99,-35,+21,0.0,30.22,+776,,,208,,,,,0,0,,,+0,,,,+2,,,-3,,,,,,,,,60,+16,869,869,12.8,2.3,2.3,29.5,15.7,13.9,31.2,14.5,,+10.3,22.4,18.1,,,,,+50,+519,+54,+544,+46,+517,+48,+552,,,-100,+4.996,,+29.5,+4.998,,,,+15.7,+13.9,+59.5,+16.1,,,,,
39.31,1,7,UNKNOWN_DATE_TIME,+40.52905,-78.64901,22,0.0,0.0,+11.6,,,,,17:04:41,+10.7,-0.8,194.5,0.0,+50,+0.0,-0.01,+1.0,99,-30,+21,0.0,30.22,+775,,,208,,,,,0,0,,,+0,,,,+2,,,-3,,,,,,,,,60,+16,880,880,12.8,2.3,2.3,29.4,15.7,13.9,31.2,14.5,,+10.3,22.4,18.1,,,,,+50,+519,+54,+544,+46,+517,+48,+552,,,-100,+4.996,,+29.4,+4.998,,,,+15.7,+13.9,+59.6,+16.1,,,,,
39.56,1,7,UNKNOWN_DATE_TIME,+40.52905,-78.64901,22,0.0,0.0,+11.6,,,,,17:04:41,+10.7,-0.8,194.5,0.0,+50,+0.0,-0.01,+1.0,99,-45,+21,0.0,30.22,+775,,,208,,,,,0,0,,,+0,,,,+2,,,-3,,,,,,,,,60,+16,876,876,12.7,2.3,2.3,29.4,15.7,13.9,31.2,14.5,,+10.3,22.4,18.1,,,,,+50,+519,+54,+544,+46,+516,+48,+552,,,-100,+4.996,,+29.4,+4.998,,,,+15.7,+13.9,+59.8,+16.1,,,,,
39.81,1,7,UNKNOWN_DATE_TIME,+40.52905,-78.64901,22,0.0,0.0,+11.6,,,,,17:04:42,+10.7,-0.8,194.5,0.0,+49,+0.0,-0.01,+0.9,99,-49,+21,0.0,30.22,+775,,,208,,,,,0,0,,,+0,,,,+2,,,-3,,,,,,,,,60,+16,883,883,12.7,2.3,2.3,29.4,15.7,13.9,31.2,14.5,,+10.2,22.4,18.1,,,,,+50,+519,+55,+545,+46,+516,+48,+552,,,-100,+4.996,,+29.4,+4.998,,,,+15.7,+13.9,+59.8,+16.1,,,,,
40.06,1,7,UNKNOWN_DATE_TIME,+40.52905,-78.64901,22,0.0,0.0,+11.6,,,,,17:04:42,+10.7,-0.8,194.5,0.0,+49,+0.0,-0.01,+1.0,99,-57,+21,0.0,30.22,+775,,,208,,,,,0,0,,,+0,,,,+2,,,-3,,,,,,,,,60,+16,882,882,12.7,2.3,2.3,29.4,15.7,13.9,31.2,14.5,,+10.2,22.4,18.1,,,,,+50,+519,+55,+546,+46,+516,+48,+552,,,-100,+4.996,,+29.4,+4.998,,,,+15.7,+13.9,+59.9,+16.1,,,,,
40.31,1,7,UNKNOWN_DATE_TIME,+40.52905,-78.64901,22,0.0,0.0,+11.6,,,,,17:04:42,+10.7,-0.7,194.5,0.0,+49,+0.0,-0.01,+1.0,99,-41,+21,0.0,30.22,+775,,,208,,,,,0,0,,,+0,,,,+2,,,-3,,,,,,,,,60,+16,882,882,12.7,2.3,2.3,29.4,15.7,13.9,31.2,14.5,,+10.2,22.4,18.1,,,,,+51,+519,+55,+546,+46,+515,+49,+552,,,-100,+4.996,,+29.4,+4.998,,,,+15.7,+13.9,+59.9,+16.1,,,,,
40.56,1,7,UNKNOWN_DATE_TIME,+40.52905,-78.64901,22,0.0,0.0,+11.6,,,,,17:04:42,+10.7,-0.7,194.5,0.0,+49,+0.0,-0.01,+1.0,99,-35,+21,0.0,30.22,+775,,,208,,,,,0,0,,,+0,,,,+2,,,-3,,,,,,,,,60,+16,878,878,12.6,2.3,2.3,29.4,15.7,13.9,31.2,14.5,,+10.2,22.4,18.1,,,,,+51,+519,+55,+547,+46,+516,+49,+551,,,-100,+4.996,,+29.4,+4.998,,,,+15.7,+13.9,+59.9,+16.1,,,,,
40.81,1,7,UNKNOWN_DATE_TIME,+40.52905,-78.64901,22,0.0,0.0,+11.6,,,,,17:04:43,+10.7,-0.7,194.5,0.0,+49,+0.1,-0.01,+1.0,99,-38,+21,0.0,30.22,+775,,,208,,,,,0,0,,,+0,,,,+2,,,-3,,,,,,,,,60,+16,875,875,12.6,2.3,2.3,29.4,15.7,13.9,31.2,14.5,,+10.2,22.4,18.1,,,,,+51,+519,+55,+546,+46,+516,+49,+552,,,-100,+4.996,,+29.4,+4.998,,,,+15.7,+13.9,+59.7,+16.1,,,,,
41.06,1,7,UNKNOWN_DATE_TIME,+40.52905,-78.64901,22,0.0,0.0,+11.6,,,,,17:04:43,+10.7,-0.7,194.5,0.0,+49,+0.0,-0.01,+1.0,99,-37,+21,0.0,30.22,+775,,,208,,,,,0,0,,,+0,,,,+2,,,-3,,,,,,,,,60,+16,877,877,12.6,2.3,2.3,29.4,15.7,13.9,31.2,14.5,,+10.2,22.4,18.1,,,,,+51,+519,+55,+546,+47,+516,+49,+552,,,-100,+4.996,,+29.4,+4.998,,,,+15.7,+13.9,+59.7,+16.2,,,,,
41.31,1,7,UNKNOWN_DATE_TIME,+40.52905,-78.64901,22,0.0,0.0,+11.6,,,,,17:04:43,+10.7,-0.7,194.5,0.0,+49,+0.0,-0.01,+1.0,99,-23,+21,0.0,30.22,+775,,,208,,,,,0,0,,,+0,,,,+2,,,-4,,,,,,,,,60,+16,880,880,12.6,2.3,2.3,29.4,15.7,13.9,31.2,14.5,,+10.1,22.4,18.1,,,,,+51,+520,+55,+547,+47,+516,+49,+552,,,-100,+4.996,,+29.4,+4.998,,,,+15.7,+13.9,+59.8,+16.2,,,,,
41.56,1,7,UNKNOWN_DATE_TIME,+40.52905,-78.64901,22,0.0,0.0,+11.6,,,,,17:04:43,+10.7,-0.7,194.5,0.0,+49,+0.0,-0.02,+1.0,99,-42,+21,0.0,30.22,+775,,,208,,,,,0,0,,,+0,,,,+2,,,-3,,,,,,,,,60,+16,881,881,12.6,2.3,2.3,29.4,15.7,13.9,31.2,14.5,,+10.1,22.4,18.1,,,,,+51,+520,+56,+547,+47,+516,+49,+552,,,-100,+4.996,,+29.4,+4.998,,,,+15.7,+13.9,+59.9,+16.2,,,,,
41.81,1,7,UNKNOWN_DATE_TIME,+40.52905,-78.64901,22,0.0,0.0,+11.6,,,,,17:04:44,+10.7,-0.7,194.5,0.0,+48,+0.0,-0.01,+1.0,99,-53,+21,0.0,30.22,+775,,,208,,,,,0,0,,,+0,,,,+2,,,-4,,,,,,,,,60,+16,878,878,12.6,2.3,2.3,29.5,15.7,13.9,31.2,14.5,,+10.1,22.4,18.1,,,,,+51,+521,+56,+546,+47,+516,+49,+552,,,-100,+4.996,,+29.5,+4.998,,,,+15.7,+13.9,+59.8,+16.2,,,,,
42.06,1,7,UNKNOWN_DATE_TIME,+40.52905,-78.64901,22,0.0,0.0,+11.6,,,,,17:04:44,+10.7,-0.7,194.5,0.0,+48,+0.0,-0.01,+1.0,99,-62,+21,0.0,30.22,+775,,,208,,,,,0,0,,,+0,,,,+2,,,-4,,,,,,,,,60,+16,869,869,12.6,2.3,2.3,29.4,15.7,13.9,31.2,14.5,,+10.1,22.4,18.1,,,,,+52,+522,+56,+547,+47,+517,+49,+552,,,-100,+4.996,,+29.4,+4.998,,,,+15.7,+13.9,+59.7,+16.2,,,,,
42.31,1,7,UNKNOWN_DATE_TIME,+40.52905,-78.64901,22,0.0,0.0,+11.6,,,,,17:04:44,+10.7,-0.7,194.5,0.0,+48,+0.0,-0.01,+1.0,99,-62,+21,0.0,30.22,+773,,,208,,,,,0,0,,,+0,,,,+2,,,-4,,,,,,,,,59,+16,867,867,12.6,2.3,2.3,29.4,15.7,13.9,31.2,14.5,,+10.1,22.4,18.1,,,,,+52,+523,+56,+547,+47,+517,+49,+552,,,-100,+4.996,,+29.4,+4.998,,,,+15.7,+13.9,+59.5,+16.2,,,,,
42.56,1,7,UNKNOWN_DATE_TIME,+40.52905,-78.64901,22,0.0,0.0,+11.6,,,,,17:04:44,+10.7,-0.7,194.5,0.0,+47,+0.0,-0.01,+0.9,99,-72,+21,0.0,30.22,+773,,,208,,,,,0,0,,,+0,,,,+2,,,-4,,,,,,,,,59,+16,863,863,12.7,2.3,2.3,29.3,15.7,13.9,31.2,14.5,,+10.1,22.4,18.1,,,,,+52,+523,+56,+548,+47,+518,+49,+551,,,-100,+4.996,,+29.3,+4.998,,,,+15.7,+13.9,+59.3,+16.2,,,,,
42.81,1,7,UNKNOWN_DATE_TIME,+40.52905,-78.64901,22,0.0,0.0,+11.6,,,,,17:04:45,+10.7,-0.7,194.5,0.0,+47,+0.0,-0.01,+1.0,99,-62,+21,0.0,30.22,+773,,,208,,,,,0,0,,,+0,,,,+2,,,-4,,,,,,,,,59,+16,869,869,12.7,2.3,2.3,29.4,15.7,13.9,31.2,14.5,,+10.0,22.4,18.1,,,,,+52,+523,+56,+548,+47,+518,+49,+552,,,-100,+4.996,,+29.4,+4.998,,,,+15.7,+13.9,+59.4,+16.2,,,,,
43.06,1,7,UNKNOWN_DATE_TIME,+40.52905,-78.64901,22,0.0,0.0,+11.6,,,,,17:04:45,+10.8,-0.7,194.5,0.0,+47,+0.1,-0.01,+1.0,99,-53,+21,0.0,30.22,+773,,,208,,,,,0,0,,,+0,,,,+2,,,-4,,,,,,,,,59,+16,869,869,12.7,2.3,2.3,29.4,15.7,13.9,31.2,14.5,,+10.0,22.4,18.1,,,,,+52,+522,+56,+549,+48,+518,+50,+552,,,-100,+4.996,,+29.4,+4.998,,,,+15.7,+13.9,+59.4,+16.2,,,,,
43.31,1,7,UNKNOWN_DATE_TIME,+40.52905,-78.64901,22,0.0,0.0,+11.6,,,,,17:04:45,+10.8,-0.7,194.5,0.0,+47,+0.1,-0.01,+0.9,99,-25,+21,0.0,30.22,+773,,,208,,,,,0,0,,,+0,,,,+2,,,-4,,,,,,,,,59,+16,872,872,12.7,2.3,2.3,29.4,15.7,13.9,31.2,14.5,,+10.0,22.4,18.1,,,,,+52,+522,+56,+549,+48,+518,+50,+552,,,-100,+4.996,,+29.4,+4.998,,,,+15.7,+13.9,+59.5,+16.2,,,,,
43.56,1,7,UNKNOWN_DATE_TIME,+40.52905,-78.64901,22,0.0,0.0,+11.6,,,,,17:04:45,+10.8,-0.7,194.5,0.0,+47,+0.1,-0.01,+1.0,99,+4,+21,0.0,30.22,+773,,,208,,,,,0,0,,,+0,,,,+2,,,-4,,,,,,,,,60,+16,876,876,12.7,2.3,2.3,29.4,15.7,13.9,31.2,14.5,,+10.0,22.4,18.1,,,,,+52,+522,+56,+550,+48,+519,+50,+552,,,-100,+4.996,,+29.4,+4.998,,,,+15.7,+13.9,+59.6,+16.2,,,,,
43.81,1,7,UNKNOWN_DATE_TIME,+40.52905,-78.64901,22,0.0,0.0,+11.6,,,,,17:04:46,+10.8,-0.7,194.5,0.0,+47,+0.0,-0.01,+1.0,99,+15,+21,0.0,30.22,+773,,,208,,,,,0,0,,,+0,,,,+2,,,-4,,,,,,,,,60,+16,870,870,12.7,2.3,2.3,29.4,15.7,13.9,31.2,14.5,,+10.0,22.4,18.1,,,,,+53,+522,+57,+550,+48,+519,+50,+552,,,-100,+4.996,,+29.4,+4.998,,,,+15.7,+13.9,+59.5,+16.2,,,,,
44.06,1,7,UNKNOWN_DATE_TIME,+40.52905,-78.64901,22,0.0,0.0,+11.6,,,,,17:04:46,+10.8,-0.7,194.5,0.0,+47,+0.0,-0.01,+1.0,99,+2,+21,0.0,30.22,+773,,,208,,,,,0,0,,,+0,,,,+2,,,-4,,,,,,,,,60,+16,873,873,12.7,2.3,2.3,29.4,15.7,13.9,31.2,14.5,,+10.0,22.4,18.1,,,,,+53,+522,+57,+550,+48,+520,+50,+552,,,-100,+4.996,,+29.4,+4.998,,,,+15.7,+13.9,+59.6,+16.2,,,,,
44.31,1,7,UNKNOWN_DATE_TIME,+40.52905,-78.64901,22,0.0,0.0,+11.6,,,,,17:04:46,+10.8,-0.7,194.5,0.0,+47,+0.0,-0.01,+1.0,99,-16,+21,0.0,30.22,+773,,,208,,,,,0,0,,,+0,,,,+2,,,-4,,,,,,,,,60,+16,874,874,12.7,2.3,2.3,29.4,15.7,13.9,31.2,14.5,,+10.0,22.4,18.1,,,,,+53,+523,+57,+551,+48,+520,+50,+552,,,-100,+4.996,,+29.4,+4.998,,,,+15.7,+13.9,+59.5,+16.2,,,,,
44.56,1,7,UNKNOWN_DATE_TIME,+40.52905,-78.64901,22,0.0,0.0,+11.6,,,,,17:04:46,+10.8,-0.7,194.5,0.0,+47,+0.0,-0.01,+1.0,99,-31,+21,0.0,30.22,+773,,,208,,,,,0,0,,,+0,,,,+2,,,-4,,,,,,,,,60,+16,880,880,12.7,2.3,2.3,29.4,15.7,13.9,31.2,14.5,,+9.9,22.4,18.1,,,,,+53,+523,+57,+551,+48,+520,+50,+552,,,-100,+4.996,,+29.4,+4.998,,,,+15.7,+13.9,+59.6,+16.2,,,,,
44.81,1,7,UNKNOWN_DATE_TIME,+40.52905,-78.64901,22,0.0,0.0,+11.6,,,,,17:04:47,+10.8,-0.7,194.5,0.0,+47,+0.0,-0.01,+1.0,99,-22,+21,0.0,30.22,+773,,,208,,,,,0,0,,,+0,,,,+2,,,-4,,,,,,,,,60,+16,881,881,12.7,2.3,2.3,29.4,15.7,13.9,31.2,14.5,,+9.9,22.4,18.1,,,,,+53,+523,+57,+551,+48,+520,+50,+552,,,-100,+4.996,,+29.4,+4.998,,,,+15.7,+13.9,+59.8,+16.2,,,,,
45.06,1,7,UNKNOWN_DATE_TIME,+40.52905,-78.64901,22,0.0,0.0,+11.6,,,,,17:04:47,+10.8,-0.7,194.5,0.0,+47,+0.0,-0.01,+1.0,99,+1,+21,0.0,30.22,+773,,,208,,,,,0,0,,,+0,,,,+2,,,-4,,,,,,,,,60,+16,870,870,12.7,2.3,2.3,29.4,15.7,13.9,31.2,14.5,,+9.9,22.4,18.1,,,,,+53,+523,+57,+550,+49,+520,+51,+553,,,-100,+4.996,,+29.4,+4.998,,,,+15.7,+13.9,+59.7,+16.2,,,,,
45.31,1,7,UNKNOWN_DATE_TIME,+40.52905,-78.64901,22,0.0,0.0,+11.6,,,,,17:04:47,+10.8,-0.7,194.5,0.0,+47,+0.0,-0.01,+1.0,99,+0,+21,0.0,30.22,+772,,,208,,,,,0,0,,,+0,,,,+2,,,-4,,,,,,,,,60,+16,879,879,12.7,2.3,2.3,29.4,15.7,13.9,31.2,14.5,,+9.9,22.4,18.1,,,,,+53,+523,+57,+550,+49,+521,+51,+553,,,-100,+4.996,,+29.4,+4.998,,,,+15.7,+13.9,+59.5,+16.2,,,,,
45.56,1,7,UNKNOWN_DATE_TIME,+40.52905,-78.64901,22,0.0,0.0,+11.6,,,,,17:04:47,+10.8,-0.7,194.5,0.0,+47,+0.1,-0.01,+1.0,99,-11,+21,0.0,30.22,+772,,,208,,,,,0,0,,,+0,,,,+2,,,-4,,,,,,,,,60,+16,871,871,12.7,2.3,2.3,29.4,15.7,13.9,31.2,14.5,,+9.9,22.4,18.1,,,,,+53,+522,+57,+551,+49,+521,+51,+554,,,-100,+4.996,,+29.4,+4.998,,,,+15.7,+13.9,+59.6,+16.2,,,,,
45.81,1,7,UNKNOWN_DATE_TIME,+40.52905,-78.64901,22,0.0,0.0,+11.6,,,,,17:04:48,+10.8,-0.7,194.6,0.0,+47,+0.1,-0.01,+0.9,99,-16,+21,0.0,30.22,+772,,,208,,,,,0,0,,,+0,,,,+2,,,-4,,,,,,,,,60,+16,880,880,12.7,2.3,2.3,29.4,15.7,13.9,31.2,14.5,,+9.9,22.4,18.1,,,,,+53,+523,+57,+551,+49,+521,+51,+554,,,-100,+4.996,,+29.4,+4.998,,,,+15.7,+13.9,+59.6,+16.2,,,,,
46.06,1,7,UNKNOWN_DATE_TIME,+40.52905,-78.64901,22,0.0,0.0,+11.6,,,,,17:04:48,+10.8,-0.7,194.5,0.0,+47,+0.1,-0.01,+1.0,99,-15,+21,0.0,30.22,+772,,,208,,,,,0,0,,,+0,,,,+2,,,-4,,,,,,,,,60,+16,884,884,12.7,2.3,2.3,29.4,15.7,13.9,31.2,14.5,,+9.8,22.4,18.1,,,,,+53,+523,+58,+551,+49,+521,+51,+554,,,-100,+4.996,,+29.4,+4.998,,,,+15.7,+13.9,+59.7,+16.3,,,,,
46.31,1,7,UNKNOWN_DATE_TIME,+40.52905,-78.64901,22,0.0,0.0,+11.6,,,,,17:04:48,+10.8,-0.7,194.5,0.0,+47,+0.1,-0.01,+0.9,99,-6,+21,0.0,30.22,+772,,,208,,,,,0,0,,,+0,,,,+2,,,-4,,,,,,,,,60,+16,889,889,12.7,2.3,2.3,29.4,15.7,13.9,31.2,14.5,,+9.8,22.4,18.1,,,,,+54,+522,+58,+552,+49,+521,+51,+554,,,-100,+4.996,,+29.4,+4.998,,,,+15.7,+13.9,+59.9,+16.3,,,,,
46.56,1,7,UNKNOWN_DATE_TIME,+40.52905,-78.64901,22,0.0,0.0,+11.6,,,,,17:04:48,+10.7,-0.7,194.5,0.0,+47,+0.1,-0.01,+0.9,99,+2,+21,0.0,30.22,+772,,,208,,,,,0,0,,,+0,,,,+2,,,-4,,,,,,,,,60,+16,886,886,12.6,2.3,2.3,29.4,15.7,13.9,31.2,14.5,,+9.8,22.4,18.1,,,,,+54,+522,+58,+552,+49,+522,+51,+554,,,-100,+4.996,,+29.4,+4.998,,,,+15.7,+13.9,+59.9,+16.3,,,,,
46.81,1,7,UNKNOWN_DATE_TIME,+40.52905,-78.64901,22,0.0,0.0,+11.6,,,,,17:04:49,+10.7,-0.7,194.5,0.0,+47,+0.1,-0.02,+1.0,99,+13,+21,0.0,30.22,+772,,,208,,,,,0,0,,,+0,,,,+2,,,-4,,,,,,,,,60,+16,884,884,12.6,2.3,2.3,29.4,15.7,13.9,31.2,14.5,,+9.8,22.4,18.1,,,,,+54,+521,+58,+552,+49,+522,+52,+554,,,-100,+4.996,,+29.4,+4.998,,,,+15.7,+13.9,+59.8,+16.3,,,,,
47.06,1,7,UNKNOWN_DATE_TIME,+40.52905,-78.64901,22,0.0,0.0,+11.6,,,,,17:04:49,+10.7,-0.7,194.5,0.0,+47,+0.0,-0.01,+1.0,99,+15,+21,0.0,30.22,+772,,,208,,,,,0,0,,,+0,,,,+2,,,-4,,,,,,,,,60,+16,884,884,12.6,2.3,2.3,29.4,15.7,13.9,31.2,14.5,,+9.8,22.4,18.1,,,,,+54,+521,+58,+552,+49,+523,+52,+555,,,-100,+4.996,,+29.4,+4.998,,,,+15.7,+13.9,+59.8,+16.3,,,,,
47.31,1,7,UNKNOWN_DATE_TIME,+40.52905,-78.64901,22,0.0,0.0,+11.6,,,,,17:04:49,+10.7,-0.7,194.5,0.0,+47,+0.0,-0.01,+1.0,99,+18,+21,0.0,30.22,+772,,,208,,,,,0,0,,,+0,,,,+2,,,-4,,,,,,,,,60,+16,881,881,12.6,2.3,2.3,29.4,15.7,13.9,31.2,14.5,,+9.8,22.4,18.1,,,,,+54,+522,+58,+552,+49,+523,+52,+555,,,-100,+4.996,,+29.4,+4.998,,,,+15.7,+13.9,+59.8,+16.3,,,,,
47.56,1,7,UNKNOWN_DATE_TIME,+40.52905,-78.64901,22,0.0,0.0,+11.6,,,,,17:04:49,+10.7,-0.7,194.5,0.0,+47,+0.0,-0.01,+1.0,99,+24,+21,0.0,30.22,+772,,,208,,,,,0,0,,,+0,,,,+2,,,-4,,,,,,,,,60,+16,881,881,12.6,2.3,2.3,29.4,15.7,13.9,31.2,14.5,,+9.8,22.4,18.1,,,,,+54,+522,+58,+553,+49,+523,+52,+555,,,-100,+4.996,,+29.4,+4.998,,,,+15.7,+13.9,+59.7,+16.3,,,,,
47.81,1,7,UNKNOWN_DATE_TIME,+40.52905,-78.64901,22,0.0,0.0,+11.6,,,,,17:04:50,+10.7,-0.6,194.5,0.0,+47,+0.0,-0.02,+1.0,99,+26,+21,0.0,30.22,+772,,,208,,,,,0,0,,,+0,,,,+2,,,-4,,,,,,,,,60,+16,875,875,12.6,2.3,2.3,29.4,15.7,13.9,31.2,14.5,,+9.7,22.4,18.1,,,,,+54,+522,+59,+553,+50,+523,+52,+556,,,-100,+4.996,,+29.4,+4.998,,,,+15.7,+13.9,+59.6,+16.3,,,,,
48.06,1,7,UNKNOWN_DATE_TIME,+40.52905,-78.64901,22,0.0,0.0,+11.6,,,,,17:04:50,+10.7,-0.6,194.5,0.0,+47,+0.0,-0.01,+1.0,99,+14,+21,0.0,30.22,+772,,,208,,,,,0,0,,,+0,,,,+2,,,-4,,,,,,,,,60,+16,883,883,12.6,2.3,2.3,29.4,15.7,13.9,31.2,14.5,,+9.7,22.4,18.1,,,,,+54,+523,+59,+553,+50,+523,+52,+557,,,-100,+4.996,,+29.4,+4.998,,,,+15.7,+13.9,+59.6,+16.3,,,,,
48.31,1,7,UNKNOWN_DATE_TIME,+40.52905,-78.64901,22,0.0,0.0,+11.6,,,,,17:04:50,+10.7,-0.7,194.5,0.0,+47,+0.0,-0.01,+1.0,99,+21,+21,0.0,30.22,+772,,,208,,,,,0,0,,,+0,,,,+2,,,-4,,,,,,,,,60,+16,889,889,12.6,2.3,2.3,29.4,15.7,13.9,31.2,14.5,,+9.7,22.4,18.1,,,,,+55,+523,+59,+553,+50,+523,+52,+556,,,-100,+4.996,,+29.4,+4.998,,,,+15.7,+13.9,+59.9,+16.3,,,,,
48.56,1,7,UNKNOWN_DATE_TIME,+40.52905,-78.64901,22,0.0,0.0,+11.6,,,,,17:04:50,+10.7,-0.7,194.4,0.0,+47,+0.0,-0.01,+1.0,99,+22,+21,0.0,30.22,+772,,,208,,,,,0,0,,,+0,,,,+2,,,-4,,,,,,,,,60,+16,890,890,12.6,2.3,2.3,29.4,15.7,13.9,31.2,14.5,,+9.7,22.4,18.1,,,,,+55,+524,+59,+554,+50,+523,+52,+556,,,-100,+4.996,,+29.4,+4.998,,,,+15.7,+13.9,+59.9,+16.3,,,,,
48.81,1,7,UNKNOWN_DATE_TIME,+40.52905,-78.64901,22,0.0,0.0,+11.6,,,,,17:04:51,+10.7,-0.7,194.4,0.0,+47,+0.0,-0.01,+1.0,99,+19,+21,0.0,30.22,+772,,,208,,,,,0,0,,,+0,,,,+2,,,-4,,,,,,,,,60,+16,891,891,12.6,2.3,2.3,29.4,15.7,13.9,31.2,14.5,,+9.7,22.4,18.1,,,,,+55,+524,+59,+554,+50,+522,+53,+556,,,-100,+4.996,,+29.4,+4.998,,,,+15.7,+13.9,+60.0,+16.3,,,,,
49.06,1,7,UNKNOWN_DATE_TIME,+40.52905,-78.64901,22,0.0,0.0,+11.6,,,,,17:04:51,+10.7,-0.7,194.5,0.0,+47,+0.0,-0.01,+1.0,99,-16,+21,0.0,30.22,+773,,,208,,,,,0,0,,,+0,,,,+2,,,-4,,,,,,,,,60,+16,888,888,12.6,2.3,2.3,29.4,15.7,13.9,31.2,14.5,,+9.7,22.4,18.1,,,,,+55,+524,+59,+554,+50,+522,+53,+556,,,-100,+4.996,,+29.4,+4.998,,,,+15.7,+13.9,+59.9,+16.3,,,,,
49.31,1,7,UNKNOWN_DATE_TIME,+40.52905,-78.64901,22,0.0,0.0,+11.6,,,,,17:04:51,+10.7,-0.7,194.5,0.0,+47,+0.0,-0.01,+1.0,99,-18,+21,0.0,30.22,+773,,,208,,,,,0,0,,,+0,,,,+2,,,-4,,,,,,,,,60,+16,888,888,12.6,2.3,2.3,29.4,15.7,13.9,31.2,14.5,,+9.7,22.4,18.1,,,,,+55,+525,+59,+555,+50,+522,+53,+556,,,-100,+4.996,,+29.4,+4.998,,,,+15.7,+13.9,+59.8,+16.3,,,,,
49.56,1,7,UNKNOWN_DATE_TIME,+40.52905,-78.64901,22,0.0,0.0,+11.6,,,,,17:04:51,+10.7,-0.7,194.4,0.0,+47,+0.0,-0.01,+1.0,99,-23,+21,0.0,30.22,+773,,,208,,,,,0,0,,,+0,,,,+2,,,-4,,,,,,,,,60,+16,893,893,12.5,2.3,2.3,29.4,15.7,13.9,31.2,14.5,,+9.6,22.4,18.1,,,,,+55,+525,+59,+555,+51,+522,+53,+556,,,-100,+4.996,,+29.4,+4.998,,,,+15.7,+13.9,+59.9,+16.3,,,,,
49.81,1,7,UNKNOWN_DATE_TIME,+40.52905,-78.64901,22,0.0,0.0,+11.6,,,,,17:04:52,+10.7,-0.7,194.4,0.0,+47,+0.1,-0.02,+1.0,99,+5,+21,0.0,30.22,+773,,,208,,,,,0,0,,,+0,,,,+2,,,-4,,,,,,,,,60,+16,897,897,12.5,2.3,2.3,29.4,15.7,13.9,31.2,14.5,,+9.6,22.4,18.1,,,,,+55,+525,+60,+555,+51,+523,+53,+556,,,-100,+4.996,,+29.4,+4.998,,,,+15.7,+13.9,+60.0,+16.3,,,,,
50.06,1,7,UNKNOWN_DATE_TIME,+40.52905,-78.64901,22,0.0,0.0,+11.6,,,,,17:04:52,+10.7,-0.7,194.4,0.0,+47,+0.0,-0.01,+1.0,99,+29,+21,0.0,30.22,+773,,,208,,,,,0,0,,,+0,,,,+2,,,-4,,,,,,,,,60,+16,897,897,12.5,2.3,2.3,29.3,15.7,13.9,31.2,14.5,,+9.6,22.4,18.1,,,,,+56,+525,+60,+556,+51,+523,+53,+556,,,-100,+4.996,,+29.3,+4.998,,,,+15.7,+13.9,+60.1,+16.3,,,,,
50.31,1,7,UNKNOWN_DATE_TIME,+40.52905,-78.64901,22,0.0,0.0,+11.6,,,,,17:04:52,+10.7,-0.7,194.4,0.0,+47,+0.0,-0.01,+0.9,99,+19,+21,0.0,30.22,+773,,,208,,,,,0,0,,,+0,,,,+2,,,-4,,,,,,,,,60,+16,894,894,12.5,2.3,2.3,29.3,15.7,13.9,31.2,14.5,,+9.6,22.4,18.1,,,,,+56,+525,+60,+556,+51,+524,+53,+556,,,-100,+4.996,,+29.3,+4.998,,,,+15.7,+13.9,+60.0,+16.3,,,,,
50.56,1,7,UNKNOWN_DATE_TIME,+40.52905,-78.64901,22,0.0,0.0,+11.6,,,,,17:04:52,+10.7,-0.7,194.4,0.0,+47,+0.0,-0.01,+1.0,99,-11,+21,0.0,30.22,+773,,,208,,,,,0,0,,,+0,,,,+2,,,-4,,,,,,,,,60,+16,893,893,12.4,2.3,2.3,29.4,15.7,13.9,31.2,14.5,,+9.6,22.4,18.1,,,,,+56,+525,+60,+556,+51,+524,+54,+556,,,-100,+4.996,,+29.4,+4.998,,,,+15.7,+13.9,+60.0,+16.3,,,,,
50.81,1,7,UNKNOWN_DATE_TIME,+40.52905,-78.64901,22,0.0,0.0,+11.6,,,,,17:04:53,+10.7,-0.7,194.5,0.0,+47,+0.0,-0.01,+1.0,99,-12,+21,0.0,30.22,+773,,,208,,,,,0,0,,,+0,,,,+2,,,-4,,,,,,,,,60,+16,896,896,12.4,2.3,2.3,29.4,15.7,13.9,31.2,14.5,,+9.6,22.4,18.1,,,,,+56,+525,+60,+556,+51,+524,+54,+556,,,-100,+4.996,,+29.4,+4.998,,,,+15.7,+13.9,+60.0,+16.3,,,,,
51.06,1,7,UNKNOWN_DATE_TIME,+40.52905,-78.64901,22,0.0,0.0,+11.6,,,,,17:04:53,+10.7,-0.7,194.5,0.0,+47,+0.1,-0.01,+1.0,99,-5,+21,0.0,30.22,+773,,,208,,,,,0,0,,,+0,,,,+2,,,-4,,,,,,,,,60,+16,899,899,12.4,2.3,2.3,29.4,15.7,13.9,31.2,14.5,,+9.6,22.4,18.1,,,,,+56,+526,+60,+556,+51,+524,+54,+556,,,-100,+4.996,,+29.4,+4.998,,,,+15.7,+13.9,+60.1,+16.3,,,,,
51.31,1,7,UNKNOWN_DATE_TIME,+40.52905,-78.64901,22,0.0,0.0,+11.6,,,,,17:04:53,+10.7,-0.7,194.5,0.0,+47,+0.1,-0.01,+1.0,99,-12,+21,0.0,30.22,+773,,,208,,,,,0,0,,,+0,,,,+2,,,-4,,,,,,,,,60,+16,899,899,12.4,2.3,2.3,29.4,15.7,13.9,31.2,14.5,,+9.5,22.4,18.1,,,,,+56,+526,+60,+557,+51,+524,+54,+555,,,-100,+4.996,,+29.4,+4.998,,,,+15.7,+13.9,+60.1,+16.3,,,,,
51.56,1,7,UNKNOWN_DATE_TIME,+40.52905,-78.64901,22,0.0,0.0,+11.6,,,,,17:04:53,+10.7,-0.7,194.5,0.0,+47,+0.1,-0.01,+1.0,99,+0,+21,0.0,30.22,+773,,,208,,,,,0,0,,,+0,,,,+2,,,-4,,,,,,,,,60,+16,897,897,12.4,2.3,2.3,29.4,15.7,13.9,31.2,14.5,,+9.5,22.4,18.1,,,,,+56,+527,+60,+557,+51,+524,+54,+555,,,-100,+4.996,,+29.4,+4.998,,,,+15.7,+13.9,+60.1,+16.4,,,,,
51.81,1,7,UNKNOWN_DATE_TIME,+40.52905,-78.64901,22,0.0,0.0,+11.6,,,,,17:04:54,+10.7,-0.7,194.4,0.0,+47,+0.0,-0.01,+1.0,99,+7,+21,0.0,30.22,+773,,,208,,,,,0,0,,,+0,,,,+2,,,-4,,,,,,,,,60,+16,891,891,12.4,2.3,2.3,29.3,15.7,13.9,31.2,14.5,,+9.5,22.4,18.1,,,,,+57,+527,+61,+558,+51,+525,+54,+556,,,-100,+4.996,,+29.3,+4.998,,,,+15.7,+13.9,+60.0,+16.4,,,,,
52.06,1,7,UNKNOWN_DATE_TIME,+40.52905,-78.64901,22,0.0,0.0,+11.6,,,,,17:04:54,+10.7,-0.7,194.4,0.0,+47,+0.0,-0.01,+0.9,99,+6,+21,0.0,30.22,+772,,,208,,,,,0,0,,,+0,,,,+2,,,-4,,,,,,,,,60,+16,891,891,12.4,2.3,2.3,29.3,15.7,13.9,31.2,14.5,,+9.5,22.4,18.1,,,,,+57,+527,+61,+558,+52,+525,+54,+557,,,-100,+4.996,,+29.3,+4.998,,,,+15.7,+13.9,+59.9,+16.4,,,,,
52.31,1,7,UNKNOWN_DATE_TIME,+40.52905,-78.64901,22,0.0,0.0,+11.6,,,,,17:04:54,+10.7,-0.7,194.4,0.0,+47,+0.0,-0.01,+0.9,99,-8,+21,0.0,30.22,+772,,,208,,,,,0,0,,,+0,,,,+2,,,-4,,,,,,,,,60,+16,898,898,12.4,2.3,2.3,29.4,15.7,13.9,31.2,14.5,,+9.5,22.4,18.1,,,,,+57,+527,+61,+558,+52,+526,+54,+557,,,-100,+4.996,,+29.4,+4.998,,,,+15.7,+13.9,+60.0,+16.4,,,,,
52.56,1,7,UNKNOWN_DATE_TIME,+40.52905,-78.64901,22,0.0,0.0,+11.6,,,,,17:04:54,+10.7,-0.7,194.4,0.0,+47,+0.0,-0.01,+0.9,99,-25,+21,0.0,30.22,+773,,,208,,,,,0,0,,,+0,,,,+2,,,-4,,,,,,,,,60,+16,901,901,12.4,2.3,2.3,29.4,15.7,13.9,31.2,14.5,,+9.5,22.4,18.1,,,,,+57,+527,+61,+558,+52,+526,+54,+557,,,-100,+4.996,,+29.4,+4.998,,,,+15.7,+13.9,+60.1,+16.4,,,,,
52.81,1,7,UNKNOWN_DATE_TIME,+40.52905,-78.64901,22,0.0,0.0,+11.6,,,,,17:04:55,+10.7,-0.7,194.5,0.0,+47,+0.0,-0.01,+0.9,99,-60,+21,0.0,30.22,+773,,,208,,,,,0,0,,,+0,,,,+2,,,-4,,,,,,,,,60,+16,902,902,12.4,2.3,2.3,29.4,15.7,13.9,31.2,14.5,,+9.5,22.4,18.1,,,,,+57,+527,+61,+559,+52,+526,+55,+557,,,-100,+4.996,,+29.4,+4.998,,,,+15.7,+13.9,+60.2,+16.4,,,,,
53.06,1,7,UNKNOWN_DATE_TIME,+40.52905,-78.64901,22,0.0,0.0,+11.6,,,,,17:04:55,+10.7,-0.7,194.4,0.0,+47,+0.0,-0.01,+0.9,99,-48,+21,0.0,30.22,+773,,,208,,,,,0,0,,,+0,,,,+2,,,-4,,,,,,,,,60,+16,898,898,12.4,2.3,2.3,29.4,15.7,13.9,31.2,14.5,,+9.5,22.4,18.1,,,,,+57,+528,+61,+559,+52,+526,+55,+557,,,-100,+4.996,,+29.4,+4.998,,,,+15.7,+13.9,+60.1,+16.4,,,,,
53.31,1,6,UNKNOWN_DATE_TIME,+40.52905,-78.64901,22,0.0,0.0,+11.6,,,,,17:04:55,+10.7,-0.7,194.4,0.0,+46,+0.0,-0.01,+1.0,99,-53,+21,0.0,30.22,+773,,,208,,,,,0,0,,,+0,,,,+2,,,-4,,,,,,,,,60,+16,899,899,12.4,2.3,2.3,29.4,15.7,13.9,31.2,14.5,,+9.4,22.4,18.1,,,,,+57,+528,+61,+559,+52,+527,+55,+558,,,-100,+4.996,,+29.4,+4.998,,,,+15.7,+13.9,+60.1,+16.4,,,,,
53.56,1,6,UNKNOWN_DATE_TIME,+40.52905,-78.64901,22,0.0,0.0,+11.6,,,,,17:04:55,+10.7,-0.7,194.4,0.0,+46,+0.0,-0.01,+1.0,99,-31,+21,0.0,30.22,+773,,,208,,,,,0,0,,,+0,,,,+2,,,-4,,,,,,,,,60,+16,895,895,12.4,2.3,2.3,29.4,15.7,13.9,31.2,14.5,,+9.4,22.4,18.1,,,,,+58,+529,+61,+559,+52,+527,+55,+558,,,-100,+4.996,,+29.4,+4.998,,,,+15.7,+13.9,+60.0,+16.4,,,,,
53.81,1,6,UNKNOWN_DATE_TIME,+40.52905,-78.64901,22,0.0,0.0,+11.6,,,,,17:04:56,+10.7,-0.7,194.4,0.0,+46,+0.0,-0.01,+1.0,99,-29,+21,0.0,30.22,+773,,,208,,,,,0,0,,,+0,,,,+2,,,-4,,,,,,,,,60,+16,898,898,12.4,2.3,2.3,29.3,15.7,13.9,31.2,14.5,,+9.4,22.4,18.1,,,,,+58,+530,+61,+559,+52,+527,+55,+558,,,-100,+4.996,,+29.3,+4.998,,,,+15.7,+13.9,+60.0,+16.4,,,,,
54.06,1,6,UNKNOWN_DATE_TIME,+40.52905,-78.64901,22,0.0,0.0,+11.6,,,,,17:04:56,+10.7,-0.7,194.5,0.0,+46,+0.0,-0.01,+1.0,99,-21,+21,0.0,30.22,+773,,,208,,,,,0,0,,,+0,,,,+2,,,-4,,,,,,,,,60,+16,893,893,12.4,2.3,2.3,29.3,15.7,13.9,31.2,14.5,,+9.4,22.4,18.1,,,,,+58,+529,+61,+560,+52,+527,+55,+558,,,-100,+4.996,,+29.3,+4.998,,,,+15.7,+13.9,+60.0,+16.4,,,,,
54.31,1,6,UNKNOWN_DATE_TIME,+40.52905,-78.64901,22,0.0,0.0,+11.6,,,,,17:04:56,+10.7,-0.7,194.5,0.0,+46,+0.0,-0.01,+1.0,99,-14,+21,0.0,30.22,+773,,,208,,,,,0,0,,,+0,,,,+2,,,-4,,,,,,,,,60,+16,893,893,12.4,2.3,2.3,29.3,15.7,13.9,31.2,14.5,,+9.4,22.4,18.1,,,,,+58,+530,+61,+560,+53,+528,+55,+558,,,-100,+4.996,,+29.3,+4.998,,,,+15.7,+13.9,+59.9,+16.4,,,,,
54.56,1,6,UNKNOWN_DATE_TIME,+40.52905,-78.64901,22,0.0,0.0,+11.6,,,,,17:04:56,+10.8,-0.7,194.5,0.0,+46,+0.0,-0.01,+1.0,99,-12,+21,0.0,30.22,+773,,,208,,,,,0,0,,,+0,,,,+2,,,-4,,,,,,,,,60,+16,900,900,12.4,2.3,2.3,29.4,15.7,13.9,31.2,14.5,,+9.4,22.4,18.1,,,,,+58,+530,+62,+559,+53,+528,+55,+558,,,-100,+4.996,,+29.4,+4.998,,,,+15.7,+13.9,+60.0,+16.4,,,,,
54.81,1,6,UNKNOWN_DATE_TIME,+40.52905,-78.64901,22,0.0,0.0,+11.6,,,,,17:04:57,+10.8,-0.7,194.4,0.0,+46,+0.0,-0.01,+1.0,99,-2,+21,0.0,30.22,+773,,,208,,,,,0,0,,,+0,,,,+2,,,-4,,,,,,,,,60,+16,904,904,12.4,2.3,2.3,29.4,15.7,13.9,31.2,14.5,,+9.4,22.4,18.1,,,,,+58,+530,+62,+559,+53,+528,+55,+558,,,-100,+4.996,,+29.4,+4.998,,,,+15.7,+13.9,+60.2,+16.4,,,,,
55.06,1,6,UNKNOWN_DATE_TIME,+40.52905,-78.64901,22,0.0,0.0,+11.6,,,,,17:04:57,+10.8,-0.7,194.4,0.0,+46,+0.0,-0.01,+1.0,99,-16,+21,0.0,30.22,+773,,,208,,,,,0,0,,,+0,,,,+2,,,-4,,,,,,,,,60,+16,903,903,12.4,2.3,2.3,29.4,15.7,13.9,31.2,14.5,,+9.4,22.4,18.1,,,,,+58,+531,+62,+560,+53,+528,+55,+558,,,-100,+4.996,,+29.4,+4.998,,,,+15.7,+13.9,+60.2,+16.4,,,,,
55.31,1,6,UNKNOWN_DATE_TIME,+40.52905,-78.64901,22,0.0,0.0,+11.6,,,,,17:04:57,+10.8,-0.6,194.5,0.0,+46,+0.0,-0.01,+1.0,99,+2,+21,0.0,30.22,+773,,,208,,,,,0,0,,,+0,,,,+2,,,-4,,,,,,,,,60,+16,907,907,12.4,2.3,2.3,29.4,15.7,13.9,31.2,14.5,,+9.3,22.4,18.1,,,,,+58,+532,+62,+560,+53,+527,+56,+558,,,-100,+4.996,,+29.4,+4.998,,,,+15.7,+13.9,+60.2,+16.4,,,,,
55.56,1,6,UNKNOWN_DATE_TIME,+40.52905,-78.64901,22,0.0,0.0,+11.6,,,,,17:04:57,+10.7,-0.6,194.5,0.0,+46,+0.0,-0.01,+1.0,99,+15,+21,0.0,30.22,+781,,,208,,,,,0,0,,,+0,,,,+2,,,-4,,,,,,,,,60,+16,910,910,12.3,2.3,2.3,29.4,15.7,13.9,31.2,14.5,,+9.3,22.4,18.1,,,,,+58,+532,+62,+560,+53,+527,+56,+557,,,-100,+4.996,,+29.4,+4.998,,,,+15.7,+13.9,+60.4,+16.4,,,,,
55.81,1,6,UNKNOWN_DATE_TIME,+40.52905,-78.64901,22,0.0,0.0,+11.6,,,,,17:04:58,+10.7,-0.7,194.5,0.0,+46,+0.0,-0.01,+1.0,99,+2,+21,0.0,30.22,+781,,,208,,,,,0,0,,,+0,,,,+2,,,-4,,,,,,,,,60,+16,897,897,12.3,2.3,2.3,29.4,15.7,13.9,31.2,14.5,,+9.3,22.4,18.1,,,,,+59,+532,+62,+561,+53,+527,+56,+557,,,-100,+4.996,,+29.4,+4.998,,,,+15.7,+13.9,+60.2,+16.4,,,,,
56.06,1,6,UNKNOWN_DATE_TIME,+40.52905,-78.64901,22,0.0,0.0,+11.6,,,,,17:04:58,+10.7,-0.7,194.5,0.0,+46,+0.1,-0.01,+1.0,99,+0,+21,0.0,30.22,+781,,,208,,,,,0,0,,,+0,,,,+2,,,-4,,,,,,,,,60,+16,895,895,12.3,2.3,2.3,29.4,15.7,13.9,31.2,14.5,,+9.3,22.4,18.1,,,,,+59,+532,+62,+561,+53,+527,+56,+558,,,-100,+4.996,,+29.4,+4.998,,,,+15.7,+13.9,+59.9,+16.4,,,,,
56.31,1,6,UNKNOWN_DATE_TIME,+40.52905,-78.64901,22,0.0,0.0,+11.6,,,,,17:04:58,+10.7,-0.6,194.5,0.0,+46,+0.0,-0.01,+1.0,99,+4,+21,0.0,30.22,+781,,,208,,,,,0,0,,,+0,,,,+2,,,-4,,,,,,,,,60,+16,902,902,12.3,2.3,2.3,29.4,15.7,13.9,31.2,14.5,,+9.3,22.4,18.1,,,,,+59,+533,+63,+562,+53,+527,+56,+558,,,-100,+4.996,,+29.4,+4.998,,,,+15.7,+13.9,+60.0,+16.4,,,,,
56.56,1,6,UNKNOWN_DATE_TIME,+40.52905,-78.64901,22,0.0,0.0,+11.6,,,,,17:04:58,+10.7,-0.6,194.5,0.0,+46,+0.0,-0.01,+0.9,99,-2,+21,0.0,30.22,+781,,,208,,,,,0,0,,,+0,,,,+2,,,-4,,,,,,,,,60,+16,901,901,12.4,2.3,2.3,29.4,15.7,13.9,31.2,14.5,,+9.3,22.4,18.1,,,,,+59,+533,+63,+562,+54,+527,+56,+558,,,-100,+4.996,,+29.4,+4.998,,,,+15.7,+13.9,+60.1,+16.4,,,,,
56.81,1,6,UNKNOWN_DATE_TIME,+40.52905,-78.64901,22,0.0,0.0,+11.6,,,,,17:04:59,+10.7,-0.7,194.4,0.0,+46,+0.0,-0.01,+0.9,99,-30,+21,0.0,30.22,+780,,,208,,,,,0,0,,,+0,,,,+2,,,-4,,,,,,,,,60,+16,902,902,12.4,2.3,2.3,29.4,15.7,13.9,31.2,14.5,,+9.3,22.4,18.1,,,,,+59,+534,+63,+562,+54,+527,+56,+557,,,-100,+4.996,,+29.4,+4.998,,,,+15.7,+13.9,+60.1,+16.4,,,,,
57.06,1,6,UNKNOWN_DATE_TIME,+40.52905,-78.64901,22,0.0,0.0,+11.6,,,,,17:04:59,+10.8,-0.7,194.5,0.0,+46,+0.0,-0.01,+0.9,99,-35,+21,0.0,30.22,+780,,,208,,,,,0,0,,,+0,,,,+2,,,-4,,,,,,,,,60,+16,907,907,12.4,2.3,2.3,29.4,15.7,13.9,31.2,14.5,,+9.3,22.4,18.1,,,,,+59,+534,+63,+563,+54,+527,+57,+557,,,-100,+4.996,,+29.4,+4.998,,,,+15.7,+13.9,+60.2,+16.4,,,,,
57.31,1,6,UNKNOWN_DATE_TIME,+40.52905,-78.64901,22,0.0,0.0,+11.6,,,,,17:04:59,+10.8,-0.7,194.5,0.0,+46,+0.0,-0.01,+1.0,99,-35,+21,0.0,30.22,+780,,,208,,,,,0,0,,,+0,,,,+2,,,-4,,,,,,,,,60,+16,910,910,12.4,2.3,2.3,29.4,15.7,13.9,31.2,14.5,,+9.2,22.4,18.1,,,,,+59,+534,+63,+563,+54,+527,+57,+557,,,-100,+4.996,,+29.4,+4.998,,,,+15.7,+13.9,+60.3,+16.4,,,,,
57.56,1,6,UNKNOWN_DATE_TIME,+40.52905,-78.64901,22,0.0,0.0,+11.6,,,,,17:04:59,+10.7,-0.7,194.4,0.0,+46,+0.0,-0.01,+1.0,99,-41,+21,0.0,30.22,+780,,,208,,,,,0,0,,,+0,,,,+2,,,-4,,,,,,,,,60,+16,914,914,12.3,2.3,2.3,29.4,15.7,13.9,31.2,14.5,,+9.2,22.4,18.1,,,,,+59,+534,+63,+563,+54,+527,+57,+557,,,-100,+4.996,,+29.4,+4.998,,,,+15.7,+13.9,+60.4,+16.4,,,,,
57.81,1,6,UNKNOWN_DATE_TIME,+40.52905,-78.64901,22,0.0,0.0,+11.6,,,,,17:05:00,+10.7,-0.7,194.5,0.0,+45,+0.0,-0.01,+1.0,99,-32,+21,0.0,30.22,+780,,,208,,,,,0,0,,,+0,,,,+2,,,-4,,,,,,,,,61,+16,918,918,12.3,2.3,2.3,29.4,15.7,13.9,31.2,14.5,,+9.2,22.4,18.1,,,,,+60,+534,+63,+564,+54,+527,+57,+557,,,-100,+4.996,,+29.4,+4.998,,,,+15.7,+13.9,+60.5,+16.4,,,,,
58.06,1,6,UNKNOWN_DATE_TIME,+40.52905,-78.64901,22,0.0,0.0,+11.6,,,,,17:05:00,+10.7,-0.7,194.5,0.0,+45,+0.0,-0.01,+1.0,99,-38,+21,0.0,30.22,+780,,,208,,,,,0,0,,,+0,,,,+2,,,-4,,,,,,,,,60,+16,913,913,12.3,2.3,2.3,29.3,15.7,13.9,31.2,14.5,,+9.2,22.4,18.1,,,,,+60,+534,+63,+564,+54,+526,+57,+556,,,-100,+4.996,,+29.3,+4.998,,,,+15.7,+13.9,+60.5,+16.4,,,,,
58.31,1,6,UNKNOWN_DATE_TIME,+40.52905,-78.64901,22,0.0,0.0,+11.6,,,,,17:05:00,+10.7,-0.7,194.5,0.0,+45,+0.0,-0.01,+1.0,99,-35,+21,0.0,30.22,+780,,,208,,,,,0,0,,,+0,,,,+2,,,-4,,,,,,,,,60,+16,911,911,12.3,2.3,2.3,29.3,15.7,13.9,31.2,14.5,,+9.2,22.4,18.1,,,,,+60,+535,+64,+564,+54,+526,+57,+557,,,-100,+4.996,,+29.3,+4.998,,,,+15.7,+13.9,+60.4,+16.4,,,,,
58.56,1,6,UNKNOWN_DATE_TIME,+40.52905,-78.64901,22,0.0,0.0,+11.6,,,,,17:05:00,+10.7,-0.7,194.5,0.0,+45,+0.0,-0.02,+1.0,99,-32,+21,0.0,30.22,+780,,,208,,,,,0,0,,,+0,,,,+2,,,-4,,,,,,,,,60,+16,908,908,12.2,2.3,2.3,29.3,15.7,13.9,31.2,14.5,,+9.2,22.4,18.1,,,,,+60,+536,+64,+565,+54,+526,+57,+557,,,-100,+4.996,,+29.3,+4.998,,,,+15.7,+13.9,+60.3,+16.5,,,,,
58.81,1,6,UNKNOWN_DATE_TIME,+40.52905,-78.64901,22,0.0,0.0,+11.6,,,,,17:05:01,+10.7,-0.7,194.5,0.0,+44,+0.0,-0.01,+1.0,99,-56,+21,0.0,30.22,+780,,,208,,,,,0,0,,,+0,,,,+2,,,-4,,,,,,,,,60,+16,906,906,12.2,2.3,2.3,29.4,15.7,13.9,31.2,14.5,,+9.2,22.4,18.1,,,,,+60,+536,+64,+565,+55,+526,+57,+557,,,-100,+4.996,,+29.4,+4.998,,,,+15.7,+13.9,+60.2,+16.5,,,,,
59.06,1,6,UNKNOWN_DATE_TIME,+40.52905,-78.64901,22,0.0,0.0,+11.6,,,,,17:05:01,+10.8,-0.7,194.5,0.0,+44,+0.0,-0.01,+1.0,99,-60,+21,0.0,30.22,+780,,,208,,,,,0,0,,,+0,,,,+2,,,-4,,,,,,,,,60,+16,906,906,12.2,2.3,2.3,29.4,15.7,13.9,31.2,14.5,,+9.2,22.4,18.1,,,,,+60,+536,+64,+566,+54,+526,+57,+557,,,-100,+4.996,,+29.4,+4.998,,,,+15.7,+13.9,+60.2,+16.5,,,,,
59.31,1,6,UNKNOWN_DATE_TIME,+40.52905,-78.64901,22,0.0,0.0,+11.6,,,,,17:05:01,+10.8,-0.7,194.5,0.0,+43,+0.0,-0.01,+1.0,99,-61,+21,0.0,30.22,+780,,,208,,,,,0,0,,,+0,,,,+2,,,-4,,,,,,,,,60,+16,906,906,12.2,2.3,2.3,29.4,15.7,13.9,31.2,14.5,,+9.2,22.4,18.1,,,,,+60,+536,+64,+566,+55,+526,+57,+557,,,-100,+4.996,,+29.4,+4.998,,,,+15.7,+13.9,+60.1,+16.5,,,,,
59.56,1,6,UNKNOWN_DATE_TIME,+40.52905,-78.64901,22,0.0,0.0,+11.6,,,,,17:05:01,+10.7,-0.7,194.5,0.0,+43,+0.0,-0.01,+0.9,99,-63,+21,0.0,30.22,+780,,,208,,,,,0,0,,,+0,,,,+2,,,-4,,,,,,,,,60,+16,907,907,12.3,2.3,2.3,29.4,15.7,13.9,31.2,14.5,,+9.1,22.4,18.1,,,,,+60,+537,+64,+566,+55,+527,+58,+557,,,-100,+4.996,,+29.4,+4.998,,,,+15.7,+13.9,+60.2,+16.5,,,,,
59.81,1,6,UNKNOWN_DATE_TIME,+40.52905,-78.64901,22,0.0,0.0,+11.6,,,,,17:05:02,+10.7,-0.7,194.5,0.0,+43,+0.0,-0.01,+0.9,99,-81,+21,0.0,30.22,+778,,,208,,,,,0,0,,,+0,,,,+2,,,-4,,,,,,,,,60,+16,909,909,12.3,2.3,2.3,29.4,15.7,13.9,31.2,14.5,,+9.1,22.4,18.1,,,,,+61,+538,+64,+566,+55,+527,+58,+557,,,-100,+4.996,,+29.4,+4.998,,,,+15.7,+13.9,+60.2,+16.5,,,,,
60.06,1,6,UNKNOWN_DATE_TIME,+40.52905,-78.64901,22,0.0,0.0,+11.6,,,,,17:05:02,+10.8,-0.7,194.5,0.0,+43,+0.0,-0.01,+1.0,99,-43,+21,0.0,30.22,+778,,,208,,,,,0,0,,,+0,,,,+2,,,-4,,,,,,,,,60,+16,906,906,12.3,2.3,2.3,29.4,15.7,13.9,31.2,14.5,,+9.1,22.4,18.1,,,,,+61,+538,+64,+566,+55,+527,+58,+557,,,-100,+4.996,,+29.4,+4.998,,,,+15.7,+13.9,+60.3,+16.5,,,,,
60.31,1,6,UNKNOWN_DATE_TIME,+40.52905,-78.64901,22,0.0,0.0,+11.6,,,,,17:05:02,+10.8,-0.7,194.5,0.0,+43,+0.0,-0.01,+1.0,99,-42,+21,0.0,30.22,+778,,,208,,,,,0,0,,,+0,,,,+2,,,-4,,,,,,,,,60,+16,903,903,12.3,2.3,2.3,29.3,15.7,13.9,31.2,14.5,,+9.1,22.4,18.1,,,,,+61,+539,+64,+566,+55,+528,+58,+557,,,-100,+4.996,,+29.3,+4.998,,,,+15.7,+13.9,+60.1,+16.5,,,,,
60.56,1,6,UNKNOWN_DATE_TIME,+40.52905,-78.64901,22,0.0,0.0,+11.6,,,,,17:05:02,+10.8,-0.7,194.5,0.0,+43,+0.0,-0.01,+1.0,99,-55,+21,0.0,30.22,+778,,,208,,,,,0,0,,,+0,,,,+2,,,-4,,,,,,,,,60,+16,907,907,12.3,2.3,2.3,29.3,15.7,13.9,31.2,14.5,,+9.1,22.4,18.1,,,,,+61,+539,+64,+566,+55,+529,+58,+558,,,-100,+4.996,,+29.3,+4.998,,,,+15.7,+13.9,+60.1,+16.5,,,,,
60.81,1,6,UNKNOWN_DATE_TIME,+40.52905,-78.64901,22,0.0,0.0,+11.6,,,,,17:05:03,+10.8,-0.7,194.5,0.0,+42,+0.0,-0.01,+1.0,99,-48,+21,0.0,30.22,+778,,,208,,,,,0,0,,,+0,,,,+2,,,-4,,,,,,,,,60,+16,905,905,12.3,2.3,2.3,29.3,15.7,13.9,31.2,14.5,,+9.1,22.4,18.1,,,,,+61,+539,+65,+566,+55,+529,+58,+558,,,-100,+4.996,,+29.3,+4.998,,,,+15.7,+13.9,+60.1,+16.5,,,,,
61.06,1,6,UNKNOWN_DATE_TIME,+40.52905,-78.64901,22,0.0,0.0,+11.6,,,,,17:05:03,+10.8,-0.7,194.5,0.0,+42,+0.0,-0.01,+0.9,99,-59,+21,0.0,30.22,+778,,,208,,,,,0,0,,,+0,,,,+2,,,-4,,,,,,,,,60,+16,914,914,12.3,2.3,2.3,29.4,15.7,13.9,31.2,14.5,,+9.1,22.4,18.1,,,,,+61,+538,+65,+566,+55,+530,+58,+558,,,-100,+4.996,,+29.4,+4.998,,,,+15.7,+13.9,+60.2,+16.5,,,,,
61.31,1,6,UNKNOWN_DATE_TIME,+40.52905,-78.64901,22,0.0,0.0,+11.6,,,,,17:05:03,+10.8,-0.7,194.5,0.0,+42,+0.0,-0.01,+0.9,99,-45,+21,0.0,30.22,+778,,,208,,,,,0,0,,,+0,,,,+2,,,-4,,,,,,,,,60,+16,915,915,12.3,2.3,2.3,29.4,15.7,13.9,31.2,14.5,,+9.1,22.4,18.1,,,,,+61,+538,+65,+566,+56,+530,+59,+559,,,-100,+4.996,,+29.4,+4.998,,,,+15.7,+13.9,+60.4,+16.5,,,,,
61.56,1,7,UNKNOWN_DATE_TIME,+40.52905,-78.64901,22,0.0,0.0,+11.6,,,,,17:05:03,+10.8,-0.7,194.5,0.0,+42,+0.0,-0.01,+1.0,99,-62,+21,0.0,30.22,+778,,,208,,,,,0,0,,,+0,,,,+2,,,-4,,,,,,,,,60,+16,912,912,12.2,2.3,2.3,29.4,15.7,13.9,31.2,14.5,,+9.1,22.4,18.1,,,,,+61,+539,+65,+566,+56,+530,+59,+558,,,-100,+4.996,,+29.4,+4.998,,,,+15.7,+13.9,+60.4,+16.5,,,,,
61.81,1,7,UNKNOWN_DATE_TIME,+40.52905,-78.64901,22,0.0,0.0,+11.6,,,,,17:05:04,+10.8,-0.7,194.5,0.0,+42,+0.0,-0.01,+1.0,99,-38,+21,0.0,30.22,+775,,,208,,,,,0,0,,,+0,,,,+2,,,-4,,,,,,,,,60,+16,920,920,12.2,2.3,2.3,29.4,15.7,13.9,31.2,14.5,,+9.0,22.4,18.1,,,,,+61,+539,+65,+566,+56,+531,+59,+557,,,-100,+4.996,,+29.4,+4.998,,,,+15.7,+13.9,+60.4,+16.5,,,,,
62.06,1,7,UNKNOWN_DATE_TIME,+40.52905,-78.64901,22,0.0,0.0,+11.6,,,,,17:05:04,+10.8,-0.7,194.5,0.0,+42,+0.0,-0.01,+1.0,99,-54,+21,0.0,30.22,+775,,,208,,,,,0,0,,,+0,,,,+2,,,-4,,,,,,,,,61,+17,925,925,12.2,2.3,2.3,29.4,15.7,13.9,31.2,14.5,,+9.0,22.4,18.1,,,,,+62,+539,+65,+566,+56,+531,+59,+557,,,-100,+4.996,,+29.4,+4.998,,,,+15.7,+13.9,+60.6,+16.5,,,,,
62.31,1,7,UNKNOWN_DATE_TIME,+40.52905,-78.64901,22,0.0,0.0,+11.6,,,,,17:05:04,+10.8,-0.7,194.5,0.0,+42,+0.0,-0.01,+1.0,99,-35,+21,0.0,30.22,+775,,,208,,,,,0,0,,,+0,,,,+2,,,-4,,,,,,,,,61,+17,924,924,12.2,2.3,2.3,29.4,15.7,13.9,31.2,14.5,,+9.0,22.4,18.1,,,,,+62,+540,+65,+566,+56,+531,+59,+557,,,-100,+4.996,,+29.4,+4.998,,,,+15.7,+13.9,+60.7,+16.5,,,,,
62.56,1,7,UNKNOWN_DATE_TIME,+40.52905,-78.64901,22,0.0,0.0,+11.6,,,,,17:05:04,+10.8,-0.7,194.5,0.0,+42,+0.0,-0.01,+1.0,99,-37,+21,0.0,30.22,+775,,,208,,,,,0,0,,,+0,,,,+2,,,-4,,,,,,,,,61,+17,922,922,12.1,2.3,2.3,29.4,15.7,13.9,31.2,14.5,,+9.0,22.4,18.1,,,,,+62,+540,+66,+566,+56,+531,+59,+556,,,-100,+4.996,,+29.4,+4.998,,,,+15.7,+13.9,+60.6,+16.5,,,,,
62.81,1,7,UNKNOWN_DATE_TIME,+40.52905,-78.64901,22,0.0,0.0,+11.6,,,,,17:05:05,+10.8,-0.7,194.5,0.0,+41,+0.0,-0.01,+1.0,99,-46,+21,0.0,30.22,+775,,,208,,,,,0,0,,,+0,,,,+2,,,-4,,,,,,,,,61,+17,924,924,12.1,2.3,2.3,29.4,15.7,13.9,31.2,14.5,,+9.0,22.4,18.1,,,,,+62,+540,+66,+566,+56,+532,+59,+557,,,-100,+4.996,,+29.4,+4.998,,,,+15.7,+13.9,+60.6,+16.5,,,,,
63.06,1,7,UNKNOWN_DATE_TIME,+40.52905,-78.64901,22,0.0,0.0,+11.6,,,,,17:05:05,+10.8,-0.7,194.5,0.0,+41,+0.0,-0.01,+1.0,99,-64,+21,0.0,30.22,+775,,,208,,,,,0,0,,,+0,,,,+2,,,-4,,,,,,,,,61,+17,918,918,12.1,2.3,2.3,29.4,15.7,13.9,31.2,14.5,,+9.0,22.4,18.1,,,,,+62,+541,+66,+566,+56,+532,+59,+556,,,-100,+4.996,,+29.4,+4.998,,,,+15.7,+13.9,+60.6,+16.5,,,,,
63.31,1,7,UNKNOWN_DATE_TIME,+40.52905,-78.64901,22,0.0,0.0,+11.6,,,,,17:05:05,+10.8,-0.8,194.5,0.0,+40,+0.0,-0.01,+1.0,99,-50,+21,0.0,30.22,+775,,,208,,,,,0,0,,,+0,,,,+2,,,-4,,,,,,,,,60,+17,911,911,12.1,2.3,2.3,29.3,15.7,13.9,31.2,14.5,,+9.0,22.4,18.1,,,,,+62,+541,+66,+566,+56,+532,+60,+557,,,-100,+4.996,,+29.3,+4.998,,,,+15.7,+13.9,+60.4,+16.5,,,,,
63.56,1,7,UNKNOWN_DATE_TIME,+40.52905,-78.64901,22,0.0,0.0,+11.6,,,,,17:05:05,+10.8,-0.8,194.6,0.0,+40,+0.0,-0.01,+1.0,99,-65,+21,0.0,30.22,+775,,,208,,,,,0,0,,,+0,,,,+2,,,-4,,,,,,,,,60,+17,910,910,12.2,2.3,2.3,29.3,15.7,13.9,31.2,14.5,,+9.0,22.4,18.1,,,,,+62,+542,+66,+566,+56,+532,+60,+557,,,-100,+4.996,,+29.3,+4.998,,,,+15.7,+13.9,+60.2,+16.5,,,,,
63.81,1,7,UNKNOWN_DATE_TIME,+40.52905,-78.64901,22,0.0,0.0,+11.6,,,,,17:05:06,+10.8,-0.7,194.6,0.0,+40,+0.0,-0.01,+1.0,99,-30,+21,0.0,30.22,+775,,,208,,,,,0,0,,,+0,,,,+2,,,-4,,,,,,,,,60,+17,911,911,12.2,2.3,2.3,29.4,15.7,13.9,31.2,14.5,,+9.0,22.4,18.1,,,,,+62,+542,+66,+566,+56,+533,+60,+557,,,-100,+4.996,,+29.4,+4.998,,,,+15.7,+13.9,+60.3,+16.5,,,,,
64.06,1,7,UNKNOWN_DATE_TIME,+40.52905,-78.64901,22,0.0,0.0,+11.6,,,,,17:05:06,+10.8,-0.7,194.6,0.0,+40,+0.0,-0.01,+1.0,99,-27,+21,0.0,30.22,+775,,,208,,,,,0,0,,,+0,,,,+2,,,-4,,,,,,,,,60,+17,916,916,12.2,2.3,2.3,29.4,15.7,13.9,31.2,14.5,,+8.9,22.4,18.1,,,,,+62,+542,+66,+566,+57,+534,+60,+557,,,-100,+4.996,,+29.4,+4.998,,,,+15.7,+13.9,+60.3,+16.5,,,,,
64.31,1,7,UNKNOWN_DATE_TIME,+40.52905,-78.64901,22,0.0,0.0,+11.6,,,,,17:05:06,+10.8,-0.7,194.6,0.0,+40,+0.0,-0.01,+1.0,99,-27,+21,0.0,30.22,+775,,,208,,,,,0,0,,,+0,,,,+2,,,-4,,,,,,,,,60,+17,918,918,12.2,2.3,2.3,29.4,15.7,13.9,31.2,14.5,,+8.9,22.4,18.1,,,,,+63,+542,+66,+566,+57,+534,+60,+557,,,-100,+4.996,,+29.4,+4.998,,,,+15.7,+13.9,+60.4,+16.5,,,,,
64.56,1,7,UNKNOWN_DATE_TIME,+40.52905,-78.64901,22,0.0,0.0,+11.6,,,,,17:05:06,+10.8,-0.7,194.6,0.0,+40,+0.0,-0.01,+1.0,99,-31,+21,0.0,30.22,+775,,,208,,,,,0,0,,,+0,,,,+2,,,-4,,,,,,,,,60,+17,914,914,12.2,2.3,2.3,29.4,15.7,13.9,31.2,14.5,,+8.9,22.4,18.1,,,,,+63,+542,+66,+567,+57,+534,+60,+557,,,-100,+4.996,,+29.4,+4.998,,,,+15.7,+13.9,+60.4,+16.6,,,,,
64.81,1,7,UNKNOWN_DATE_TIME,+40.52905,-78.64901,22,0.0,0.0,+11.6,,,,,17:05:07,+10.8,-0.7,194.6,0.0,+40,+0.0,-0.01,+1.0,99,-29,+21,0.0,30.22,+774,,,208,,,,,0,0,,,+0,,,,+2,,,-4,,,,,,,,,60,+17,918,918,12.2,2.3,2.3,29.4,15.7,13.9,31.2,14.5,,+8.9,22.4,18.1,,,,,+63,+543,+67,+567,+57,+534,+60,+557,,,-100,+4.996,,+29.4,+4.998,,,,+15.7,+13.9,+60.3,+16.6,,,,,
65.06,1,7,UNKNOWN_DATE_TIME,+40.52905,-78.64901,22,0.0,0.0,+11.6,,,,,17:05:07,+10.7,-0.7,194.6,0.0,+40,+0.0,-0.01,+1.0,99,-22,+21,0.0,30.22,+774,,,208,,,,,0,0,,,+0,,,,+2,,,-4,,,,,,,,,60,+17,924,924,12.2,2.3,2.3,29.4,15.7,13.9,31.2,14.5,,+8.9,22.4,18.1,,,,,+63,+543,+67,+567,+57,+534,+60,+557,,,-100,+4.996,,+29.4,+4.998,,,,+15.7,+13.9,+60.5,+16.6,,,,,
65.31,1,7,UNKNOWN_DATE_TIME,+40.52905,-78.64901,22,0.0,0.0,+11.6,,,,,17:05:07,+10.7,-0.7,194.6,0.0,+40,+0.0,-0.01,+0.9,99,-35,+21,0.0,30.22,+774,,,208,,,,,0,0,,,+0,,,,+2,,,-4,,,,,,,,,61,+17,927,927,12.2,2.3,2.3,29.4,15.7,13.9,31.2,14.5,,+8.9,22.4,18.1,,,,,+63,+543,+67,+567,+57,+534,+61,+557,,,-100,+4.996,,+29.4,+4.998,,,,+15.7,+13.9,+60.6,+16.6,,,,,
65.56,1,7,UNKNOWN_DATE_TIME,+40.52905,-78.64901,22,0.0,0.0,+11.6,,,,,17:05:07,+10.7,-0.7,194.5,0.0,+39,+0.0,-0.01,+1.0,99,-25,+21,0.0,30.22,+774,,,208,,,,,0,0,,,+0,,,,+2,,,-4,,,,,,,,,61,+17,923,923,12.1,2.3,2.3,29.4,15.7,13.9,31.2,14.5,,+8.9,22.4,18.1,,,,,+63,+543,+67,+567,+57,+533,+61,+557,,,-100,+4.996,,+29.4,+4.998,,,,+15.7,+13.9,+60.6,+16.6,,,,,
65.81,1,7,UNKNOWN_DATE_TIME,+40.52905,-78.64901,22,0.0,0.0,+11.6,,,,,17:05:08,+10.7,-0.7,194.5,0.0,+39,+0.0,-0.01,+1.0,99,-3,+21,0.0,30.22,+774,,,208,,,,,0,0,,,+0,,,,+2,,,-4,,,,,,,,,60,+17,923,923,12.1,2.3,2.3,29.3,15.7,13.9,31.2,14.5,,+8.9,22.4,18.1,,,,,+63,+544,+67,+568,+58,+534,+61,+557,,,-100,+4.996,,+29.3,+4.998,,,,+15.7,+13.9,+60.5,+16.6,,,,,
66.06,1,7,UNKNOWN_DATE_TIME,+40.52905,-78.64901,22,0.0,0.0,+11.6,,,,,17:05:08,+10.7,-0.7,194.5,0.0,+39,+0.0,-0.01,+1.0,99,-20,+21,0.0,30.22,+774,,,208,,,,,0,0,,,+0,,,,+2,,,-4,,,,,,,,,61,+17,930,930,12.1,2.3,2.3,29.3,15.7,13.9,31.2,14.5,,+8.9,22.4,18.1,,,,,+63,+544,+67,+568,+57,+534,+61,+557,,,-100,+4.996,,+29.3,+4.998,,,,+15.7,+13.9,+60.6,+16.6,,,,,
66.31,1,7,UNKNOWN_DATE_TIME,+40.52905,-78.64901,22,0.0,0.0,+11.6,,,,,17:05:08,+10.7,-0.7,194.5,0.0,+39,+0.0,-0.01,+1.0,99,-23,+21,0.0,30.22,+774,,,208,,,,,0,0,,,+0,,,,+2,,,-4,,,,,,,,,61,+17,930,930,12.1,2.3,2.3,29.3,15.7,13.9,31.2,14.5,,+8.8,22.4,18.1,,,,,+63,+545,+67,+568,+58,+534,+61,+556,,,-100,+4.996,,+29.3,+4.998,,,,+15.7,+13.9,+60.7,+16.6,,,,,
66.56,1,7,UNKNOWN_DATE_TIME,+40.52905,-78.64901,22,0.0,0.0,+11.6,,,,,17:05:08,+10.7,-0.7,194.5,0.0,+39,+0.0,-0.01,+1.0,99,-23,+21,0.0,30.22,+774,,,208,,,,,0,0,,,+0,,,,+2,,,-4,,,,,,,,,61,+17,931,931,12.1,2.3,2.3,29.3,15.7,13.9,31.2,14.5,,+8.8,22.4,18.1,,,,,+64,+545,+67,+568,+58,+534,+61,+556,,,-100,+4.996,,+29.3,+4.998,,,,+15.7,+13.9,+60.8,+16.6,,,,,
66.81,1,7,UNKNOWN_DATE_TIME,+40.52905,-78.64901,22,0.0,0.0,+11.6,,,,,17:05:09,+10.7,-0.7,194.5,0.0,+39,-0.0,-0.01,+1.0,99,-16,+21,0.0,30.22,+774,,,208,,,,,0,0,,,+0,,,,+2,,,-4,,,,,,,,,61,+17,935,935,12.1,2.3,2.3,29.3,15.7,13.9,31.2,14.5,,+8.8,22.4,18.1,,,,,+64,+546,+67,+568,+58,+534,+61,+556,,,-100,+4.996,,+29.3,+4.998,,,,+15.7,+13.9,+60.8,+16.6,,,,,
67.06,1,7,UNKNOWN_DATE_TIME,+40.52905,-78.64901,22,0.0,0.0,+11.6,,,,,17:05:09,+10.7,-0.7,194.5,0.0,+39,-0.0,-0.01,+1.0,99,-37,+21,0.0,30.22,+774,,,208,,,,,0,0,,,+0,,,,+2,,,-4,,,,,,,,,61,+17,932,932,12.1,2.3,2.3,29.3,15.7,13.9,31.2,14.5,,+8.8,22.4,18.1,,,,,+64,+546,+68,+568,+58,+534,+61,+556,,,-100,+4.996,,+29.3,+4.998,,,,+15.7,+13.9,+60.8,+16.6,,,,,
67.31,1,7,UNKNOWN_DATE_TIME,+40.52905,-78.64901,22,0.0,0.0,+11.6,,,,,17:05:09,+10.7,-0.8,194.5,0.0,+39,-0.0,-0.01,+1.0,99,-18,+21,0.0,30.22,+774,,,208,,,,,0,0,,,+0,,,,+2,,,-4,,,,,,,,,61,+17,926,926,12.1,2.3,2.3,29.3,15.7,13.9,31.2,14.5,,+8.8,22.4,18.1,,,,,+64,+546,+68,+568,+58,+535,+62,+557,,,-100,+4.996,,+29.3,+4.998,,,,+15.7,+13.9,+60.7,+16.6,,,,,
67.56,1,7,UNKNOWN_DATE_TIME,+40.52905,-78.64901,22,0.0,0.0,+11.6,,,,,17:05:09,+10.7,-0.8,194.5,0.0,+39,+0.0,-0.01,+1.0,99,+0,+21,0.0,30.22,+774,,,208,,,,,0,0,,,+0,,,,+2,,,-4,,,,,,,,,61,+17,928,928,12.0,2.3,2.3,29.3,15.7,13.9,31.2,14.5,,+8.8,22.4,18.1,,,,,+64,+547,+68,+568,+58,+535,+61,+557,,,-100,+4.996,,+29.3,+4.998,,,,+15.7,+13.9,+60.6,+16.6,,,,,
67.81,1,7,UNKNOWN_DATE_TIME,+40.52905,-78.64901,22,0.0,0.0,+11.6,,,,,17:05:10,+10.7,-0.7,194.5,0.0,+39,+0.0,-0.01,+1.0,99,-8,+21,0.0,30.22,+772,,,208,,,,,0,0,,,+0,,,,+2,,,-4,,,,,,,,,61,+17,928,928,12.0,2.3,2.3,29.4,15.7,13.9,31.2,14.5,,+8.8,22.4,18.1,,,,,+64,+547,+68,+568,+58,+535,+62,+557,,,-100,+4.996,,+29.4,+4.998,,,,+15.7,+13.9,+60.7,+16.6,,,,,
68.06,1,7,UNKNOWN_DATE_TIME,+40.52905,-78.64901,22,0.0,0.0,+11.6,,,,,17:05:10,+10.8,-0.7,194.5,0.0,+39,+0.0,-0.01,+1.0,99,-12,+21,0.0,30.22,+772,,,208,,,,,0,0,,,+0,,,,+2,,,-4,,,,,,,,,61,+17,934,934,12.0,2.3,2.3,29.4,15.7,13.9,31.2,14.5,,+8.8,22.4,18.1,,,,,+64,+547,+68,+568,+59,+535,+62,+557,,,-100,+4.996,,+29.4,+4.998,,,,+15.7,+13.9,+60.7,+16.6,,,,,
68.31,1,7,UNKNOWN_DATE_TIME,+40.52905,-78.64901,22,0.0,0.0,+11.6,,,,,17:05:10,+10.8,-0.7,194.5,0.0,+39,+0.0,-0.01,+1.0,99,-15,+21,0.0,30.22,+772,,,208,,,,,0,0,,,+0,,,,+2,,,-4,,,,,,,,,61,+17,936,936,12.0,2.3,2.3,29.4,15.7,13.9,31.2,14.5,,+8.9,22.4,18.1,,,,,+65,+548,+68,+568,+59,+535,+62,+557,,,-100,+4.996,,+29.4,+4.998,,,,+15.7,+13.9,+60.8,+16.6,,,,,
68.56,1,7,UNKNOWN_DATE_TIME,+40.52905,-78.64901,22,0.0,0.0,+11.6,,,,,17:05:10,+10.7,-0.7,194.6,0.0,+39,+0.0,-0.01,+1.0,99,-24,+21,0.0,30.22,+772,,,208,,,,,0,0,,,+0,,,,+2,,,-4,,,,,,,,,61,+17,931,931,12.0,2.3,2.3,29.4,15.7,13.9,31.2,14.5,,+9.0,22.4,18.1,,,,,+65,+548,+69,+568,+59,+535,+62,+557,,,-100,+4.996,,+29.4,+4.998,,,,+15.7,+13.9,+60.8,+16.6,,,,,
68.81,1,7,UNKNOWN_DATE_TIME,+40.52905,-78.64901,22,0.0,0.0,+11.6,,,,,17:05:11,+10.7,-0.7,194.5,0.0,+39,+0.0,-0.01,+1.0,99,-27,+21,0.0,30.22,+772,,,208,,,,,0,0,,,+0,,,,+2,,,-4,,,,,,,,,61,+17,923,923,12.0,2.3,2.3,29.4,15.7,13.9,31.2,14.5,,+9.1,22.4,18.1,,,,,+65,+548,+69,+569,+59,+535,+62,+557,,,-100,+4.996,,+29.4,+4.998,,,,+15.7,+13.9,+60.6,+16.6,,,,,
69.06,1,7,UNKNOWN_DATE_TIME,+40.52905,-78.64901,22,0.0,0.0,+11.6,,,,,17:05:11,+10.7,-0.7,194.5,0.0,+39,+0.0,-0.01,+1.0,99,-39,+21,0.0,30.22,+772,,,208,,,,,0,0,,,+0,,,,+2,,,-4,,,,,,,,,60,+17,926,926,12.0,2.3,2.3,29.4,15.7,13.9,31.2,14.5,,+9.1,22.4,18.1,,,,,+65,+549,+69,+569,+59,+535,+62,+558,,,-100,+4.996,,+29.4,+4.998,,,,+15.7,+13.9,+60.5,+16.6,,,,,
69.31,1,7,UNKNOWN_DATE_TIME,+40.52905,-78.64901,22,0.0,0.0,+11.6,,,,,17:05:11,+10.7,-0.7,194.5,0.0,+39,+0.0,-0.01,+0.9,99,-26,+21,0.0,30.22,+772,,,208,,,,,0,0,,,+0,,,,+2,,,-4,,,,,,,,,61,+17,925,925,12.0,2.3,2.3,29.3,15.7,13.9,31.2,14.5,,+9.2,22.4,18.1,,,,,+65,+549,+69,+568,+59,+536,+63,+558,,,-100,+4.996,,+29.3,+4.998,,,,+15.7,+13.9,+60.5,+16.6,,,,,
69.56,1,7,UNKNOWN_DATE_TIME,+40.52905,-78.64901,22,0.0,0.0,+11.6,,,,,17:05:11,+10.8,-0.7,194.5,0.0,+39,+0.0,-0.01,+1.0,99,-29,+21,0.0,30.22,+772,,,208,,,,,0,0,,,+0,,,,+2,,,-4,,,,,,,,,60,+17,923,923,12.1,2.3,2.3,29.3,15.7,13.9,31.2,14.5,,+9.2,22.4,18.1,,,,,+65,+548,+69,+568,+59,+536,+63,+558,,,-100,+4.996,,+29.3,+4.998,,,,+15.7,+13.9,+60.5,+16.6,,,,,
69.81,1,7,UNKNOWN_DATE_TIME,+40.52905,-78.64901,22,0.0,0.0,+11.6,,,,,17:05:12,+10.8,-0.7,194.5,0.0,+38,+0.0,-0.01,+1.0,99,-44,+21,0.0,30.22,+772,,,208,,,,,0,0,,,+0,,,,+2,,,-4,,,,,,,,,60,+17,923,923,12.1,2.3,2.3,29.3,15.7,13.9,31.2,14.5,,+9.1,22.4,18.1,,,,,+65,+548,+69,+568,+59,+536,+62,+558,,,-100,+4.996,,+29.3,+4.998,,,,+15.7,+13.9,+60.4,+16.6,,,,,
70.06,1,7,UNKNOWN_DATE_TIME,+40.52905,-78.64901,22,0.0,0.0,+11.6,,,,,17:05:12,+10.7,-0.7,194.5,0.0,+38,+0.0,-0.01,+1.0,99,-52,+21,0.0,30.22,+772,,,208,,,,,0,0,,,+0,,,,+2,,,-4,,,,,,,,,61,+17,930,930,12.1,2.3,2.3,29.3,15.7,13.9,31.1,14.5,,+9.0,22.4,18.1,,,,,+65,+548,+69,+567,+59,+537,+63,+559,,,-100,+4.996,,+29.3,+4.998,,,,+15.7,+13.9,+60.5,+16.6,,,,,
70.31,1,7,UNKNOWN_DATE_TIME,+40.52905,-78.64901,22,0.0,0.0,+11.6,,,,,17:05:12,+10.7,-0.8,194.5,0.0,+37,+0.0,-0.02,+1.0,99,-59,+21,0.0,30.22,+772,,,208,,,,,0,0,,,+0,,,,+2,,,-4,,,,,,,,,61,+17,930,930,12.1,2.3,2.3,29.3,15.7,13.9,31.1,14.5,,+9.0,22.4,18.1,,,,,+66,+548,+69,+567,+60,+537,+63,+558,,,-100,+4.996,,+29.3,+4.998,,,,+15.7,+13.9,+60.6,+16.6,,,,,
70.56,1,7,UNKNOWN_DATE_TIME,+40.52905,-78.64901,22,0.0,0.0,+11.6,,,,,17:05:12,+10.7,-0.8,194.5,0.0,+37,+0.0,-0.01,+0.9,99,-32,+21,0.0,30.22,+772,,,208,,,,,0,0,,,+0,,,,+2,,,-4,,,,,,,,,61,+17,925,925,12.1,2.3,2.3,29.3,15.7,13.9,31.1,14.5,,+8.9,22.4,18.1,,,,,+65,+548,+69,+566,+59,+536,+63,+558,,,-100,+4.996,,+29.3,+4.998,,,,+15.7,+13.9,+60.5,+16.7,,,,,
70.81,1,7,UNKNOWN_DATE_TIME,+40.52905,-78.64901,22,0.0,0.0,+11.6,,,,,17:05:13,+10.7,-0.7,194.5,0.0,+37,+0.0,-0.01,+1.0,99,-31,+21,0.0,30.22,+770,,,208,,,,,0,0,,,+0,,,,+2,,,-4,,,,,,,,,60,+17,927,927,12.1,2.3,2.3,29.3,15.7,13.9,31.1,14.5,,+8.9,22.4,18.1,,,,,+66,+548,+69,+566,+60,+536,+63,+558,,,-100,+4.996,,+29.3,+4.998,,,,+15.7,+13.9,+60.4,+16.7,,,,,
71.06,1,7,UNKNOWN_DATE_TIME,+40.52905,-78.64901,22,0.0,0.0,+11.6,,,,,17:05:13,+10.7,-0.7,194.5,0.0,+37,+0.0,-0.01,+1.0,99,-24,+21,0.0,30.22,+770,,,208,,,,,0,0,,,+0,,,,+2,,,-4,,,,,,,,,61,+17,930,930,12.1,2.3,2.3,29.3,15.7,13.9,31.1,14.5,,+8.9,22.4,18.1,,,,,+66,+548,+70,+567,+60,+537,+63,+558,,,-100,+4.996,,+29.3,+4.998,,,,+15.7,+13.9,+60.5,+16.7,,,,,
71.31,1,7,UNKNOWN_DATE_TIME,+40.52905,-78.64901,22,0.0,0.0,+11.6,,,,,17:05:13,+10.7,-0.7,194.5,0.0,+37,+0.0,-0.01,+1.0,99,-29,+21,0.0,30.22,+771,,,208,,,,,0,0,,,+0,,,,+2,,,-4,,,,,,,,,61,+17,935,935,12.1,2.3,2.3,29.3,15.7,13.9,31.1,14.5,,+8.8,22.4,18.1,,,,,+66,+548,+70,+567,+60,+536,+63,+558,,,-100,+4.996,,+29.3,+4.998,,,,+15.7,+13.9,+60.7,+16.7,,,,,
71.56,1,7,UNKNOWN_DATE_TIME,+40.52905,-78.64901,22,0.0,0.0,+11.6,,,,,17:05:13,+10.7,-0.7,194.5,0.0,+37,+0.0,-0.01,+0.9,99,-17,+21,0.0,30.22,+771,,,208,,,,,0,0,,,+0,,,,+2,,,-4,,,,,,,,,61,+17,934,934,12.0,2.3,2.3,29.4,15.7,13.9,31.1,14.5,,+8.8,22.4,18.1,,,,,+66,+549,+70,+567,+60,+536,+64,+558,,,-100,+4.996,,+29.4,+4.998,,,,+15.7,+13.9,+60.8,+16.7,,,,,
71.81,1,7,UNKNOWN_DATE_TIME,+40.52905,-78.64901,22,0.0,0.0,+11.6,,,,,17:05:14,+10.7,-0.7,194.5,0.0,+37,+0.0,-0.02,+0.9,99,-5,+21,0.0,30.22,+771,,,208,,,,,0,0,,,+0,,,,+2,,,-4,,,,,,,,,61,+17,933,933,12.0,2.3,2.3,29.4,15.7,13.9,31.1,14.5,,+8.8,22.4,18.1,,,,,+66,+550,+70,+567,+60,+536,+64,+558,,,-100,+4.996,,+29.4,+4.998,,,,+15.7,+13.9,+60.7,+16.7,,,,,
72.06,1,7,UNKNOWN_DATE_TIME,+40.52905,-78.64901,22,0.0,0.0,+11.6,,,,,17:05:14,+10.7,-0.7,194.5,0.0,+37,+0.0,-0.01,+1.0,99,-37,+21,0.0,30.22,+771,,,208,,,,,0,0,,,+0,,,,+2,,,-4,,,,,,,,,61,+17,930,930,12.0,2.3,2.3,29.4,15.7,13.9,31.1,14.5,,+8.7,22.4,18.1,,,,,+66,+550,+70,+567,+60,+536,+64,+558,,,-100,+4.996,,+29.4,+4.998,,,,+15.7,+13.9,+60.7,+16.7,,,,,
72.31,1,7,UNKNOWN_DATE_TIME,+40.52905,-78.64901,22,0.0,0.0,+11.6,,,,,17:05:14,+10.7,-0.7,194.5,0.0,+37,+0.0,-0.01,+1.1,99,-18,+21,0.0,30.22,+771,,,208,,,,,0,0,,,+0,,,,+2,,,-4,,,,,,,,,60,+17,920,920,12.0,2.3,2.3,29.4,15.7,13.9,31.1,14.5,,+8.7,22.4,18.1,,,,,+66,+550,+70,+567,+60,+536,+64,+558,,,-100,+4.996,,+29.4,+4.998,,,,+15.7,+13.9,+60.5,+16.7,,,,,
72.56,1,7,UNKNOWN_DATE_TIME,+40.52905,-78.64901,22,0.0,0.0,+11.6,,,,,17:05:14,+10.7,-0.7,194.5,0.0,+37,+0.0,-0.01,+1.0,99,-9,+21,0.0,30.22,+771,,,208,,,,,0,0,,,+0,,,,+2,,,-4,,,,,,,,,60,+17,921,921,12.1,2.3,2.3,29.4,15.7,13.9,31.1,14.5,,+8.7,22.4,18.1,,,,,+66,+550,+70,+568,+60,+537,+64,+558,,,-100,+4.996,,+29.4,+4.998,,,,+15.7,+13.9,+60.3,+16.7,,,,,
72.81,1,7,UNKNOWN_DATE_TIME,+40.52905,-78.64901,22,0.0,0.0,+11.6,,,,,17:05:15,+10.7,-0.7,194.5,0.0,+37,+0.0,-0.01,+1.0,99,-1,+21,0.0,30.22,+771,,,208,,,,,0,0,,,+0,,,,+2,,,-4,,,,,,,,,60,+17,930,930,12.1,2.3,2.3,29.3,15.7,13.9,31.1,14.5,,+8.7,22.4,18.1,,,,,+67,+550,+70,+568,+60,+537,+64,+558,,,-100,+4.996,,+29.3,+4.998,,,,+15.7,+13.9,+60.4,+16.7,,,,,
73.06,1,7,UNKNOWN_DATE_TIME,+40.52905,-78.64901,22,0.0,0.0,+11.6,,,,,17:05:15,+10.7,-0.7,194.4,0.0,+37,+0.0,-0.01,+1.0,99,-8,+21,0.0,30.22,+771,,,208,,,,,0,0,,,+0,,,,+2,,,-4,,,,,,,,,61,+17,928,928,12.1,2.3,2.3,29.3,15.7,13.9,31.1,14.5,,+8.7,22.4,18.1,,,,,+67,+550,+70,+567,+61,+537,+64,+557,,,-100,+4.996,,+29.3,+4.998,,,,+15.7,+13.9,+60.6,+16.7,,,,,
73.31,1,7,UNKNOWN_DATE_TIME,+40.52905,-78.64901,22,0.0,0.0,+11.6,,,,,17:05:15,+10.7,-0.7,194.4,0.0,+37,+0.0,-0.01,+1.0,99,-10,+21,0.0,30.22,+771,,,208,,,,,0,0,,,+0,,,,+2,,,-4,,,,,,,,,60,+17,921,921,12.1,2.3,2.3,29.3,15.7,13.9,31.1,14.5,,+8.7,22.4,18.1,,,,,+67,+550,+70,+567,+61,+537,+64,+558,,,-100,+4.996,,+29.3,+4.998,,,,+15.7,+13.9,+60.4,+16.7,,,,,
73.56,1,7,UNKNOWN_DATE_TIME,+40.52905,-78.64901,22,0.0,0.0,+11.6,,,,,17:05:15,+10.7,-0.6,194.4,0.0,+37,+0.0,-0.01,+1.0,99,-5,+21,0.0,30.22,+771,,,208,,,,,0,0,,,+0,,,,+2,,,-4,,,,,,,,,60,+17,922,922,12.1,2.3,2.3,29.3,15.7,13.9,31.1,14.5,,+8.6,22.4,18.1,,,,,+67,+550,+70,+567,+61,+537,+64,+559,,,-100,+4.996,,+29.3,+4.998,,,,+15.7,+13.9,+60.3,+16.7,,,,,
73.81,1,7,UNKNOWN_DATE_TIME,+40.52905,-78.64901,22,0.0,0.0,+11.6,,,,,17:05:16,+10.7,-0.6,194.4,0.0,+37,+0.0,-0.01,+1.0,99,+3,+21,0.0,30.22,+771,,,208,,,,,0,0,,,+0,,,,+2,,,-4,,,,,,,,,60,+17,920,920,12.1,2.3,2.3,29.3,15.7,13.9,31.1,14.5,,+8.6,22.4,18.1,,,,,+67,+550,+71,+567,+61,+537,+64,+559,,,-100,+4.996,,+29.3,+4.998,,,,+15.7,+13.9,+60.3,+16.7,,,,,
74.06,1,7,UNKNOWN_DATE_TIME,+40.52905,-78.64901,22,0.0,0.0,+11.6,,,,,17:05:16,+10.7,-0.7,194.4,0.0,+37,+0.0,-0.01,+0.9,99,+5,+21,0.0,30.22,+771,,,208,,,,,0,0,,,+0,,,,+2,,,-4,,,,,,,,,60,+17,926,926,12.1,2.3,2.3,29.3,15.7,13.9,31.1,14.5,,+8.6,22.4,18.1,,,,,+67,+550,+71,+567,+61,+538,+64,+558,,,-100,+4.996,,+29.3,+4.998,,,,+15.7,+13.9,+60.4,+16.7,,,,,
74.31,1,7,UNKNOWN_DATE_TIME,+40.52905,-78.64901,22,0.0,0.0,+11.6,,,,,17:05:16,+10.7,-0.7,194.4,0.0,+37,+0.0,-0.01,+0.9,99,+17,+21,0.0,30.22,+770,,,208,,,,,0,0,,,+0,,,,+2,,,-4,,,,,,,,,60,+17,922,922,12.1,2.3,2.3,29.3,15.7,13.9,31.1,14.5,,+8.6,22.4,18.1,,,,,+67,+550,+71,+567,+61,+538,+65,+558,,,-100,+4.996,,+29.3,+4.998,,,,+15.7,+13.9,+60.4,+16.7,,,,,
74.56,1,7,UNKNOWN_DATE_TIME,+40.52905,-78.64901,22,0.0,0.0,+11.6,,,,,17:05:16,+10.7,-0.7,194.4,0.0,+37,+0.0,-0.01,+1.0,99,+14,+21,0.0,30.22,+771,,,208,,,,,0,0,,,+0,,,,+2,,,-4,,,,,,,,,60,+17,921,921,12.2,2.3,2.3,29.3,15.7,13.9,31.1,14.5,,+8.6,22.4,18.1,,,,,+67,+551,+71,+567,+61,+538,+65,+558,,,-100,+4.996,,+29.3,+4.998,,,,+15.7,+13.9,+60.3,+16.7,,,,,
74.81,1,7,UNKNOWN_DATE_TIME,+40.52905,-78.64901,22,0.0,0.0,+11.6,,,,,17:05:17,+10.7,-0.7,194.5,0.0,+37,+0.0,-0.01,+1.0,99,+16,+21,0.0,30.22,+771,,,208,,,,,0,0,,,+0,,,,+2,,,-4,,,,,,,,,60,+17,924,924,12.2,2.3,2.3,29.3,15.7,13.9,31.1,14.5,,+8.6,22.4,18.1,,,,,+68,+551,+71,+566,+62,+538,+65,+559,,,-100,+4.996,,+29.3,+4.998,,,,+15.7,+13.9,+60.4,+16.7,,,,,
0.06,0,0,,,,,,,+0.0,,,,,17:08:40,,,,,,,,,,,+21,,,,,,208,,120.0,-500,,0,0,,,,,,,,,,,,,,,,,,,,,,,,,,,,,31.0,,,,22.4,18.1,,,,,,,,,,,,,,,,,,,,,,,,,,,,,,,
0.31,0,0,,,,,,,+0.0,,,,,17:08:40,+10.7,-0.5,194.2,0.0,+82,+0.1,-0.01,+1.0,99,+2,+21,0.0,29.87,+857,,,208,,120.0,-500,,0,0,,,,,,,,,,,,,,,,,,,,,,,,,,,,,31.0,,,,22.4,18.1,,,,,,,,,,,,,,,,,,,,,,,,,,,,,,,
0.56,0,0,,,,,,,+0.0,,,,,17:08:40,+10.7,-0.5,194.2,0.0,+82,+0.1,-0.02,+1.0,99,+0,+21,0.0,29.87,+856,,,208,,120.0,-500,,0,0,,,,,,,+4,,,-12,,,,,,,,,,,0,0,,0.0,0.0,,,,31.0,14.4,,+7.7,22.4,18.1,,,,,+123,+594,+124,+603,+122,+572,+126,+578,,,-100,+4.996,,+29.1,+4.998,,,,+15.6,+13.9,+58.9,+132.1,,,,,
0.81,0,0,,,,,,,+0.0,,,,,17:08:41,+10.7,-0.5,194.2,0.0,+82,+0.0,-0.01,+0.9,99,+12,+21,0.0,29.87,+856,,,208,,120.0,-500,,0,0,,,,,,,+4,,,-12,,,,,,,,,,,1032,1032,,0.0,0.0,,,,31.0,14.4,,+7.7,22.4,18.1,,,,,+123,+594,+124,+603,+122,+571,+126,+578,,,-100,+4.996,,+29.1,+4.998,,,,+15.6,+13.9,+58.9,+132.1,,,,,
1.06,0,0,,,,,,,+0.0,,,,,17:08:41,+10.7,-0.5,194.2,0.0,+82,+0.0,-0.01,+1.0,99,-8,+21,0.0,29.87,+856,,,208,,,,,0,0,,,,,,,+4,,,-12,,,,,,,,,59,+132,1027,1027,11.6,2.3,2.3,29.1,15.6,13.9,31.0,14.4,,+7.7,22.4,18.1,,,,,+123,+595,+124,+603,+122,+571,+126,+578,,,-100,+4.996,,+29.1,+4.998,,,,+15.6,+13.9,+58.9,+132.1,,,,,
1.31,0,0,,,,,,,+0.0,,,,,17:08:41,+10.7,-0.5,194.1,0.0,+82,+0.0,-0.01,+1.0,99,+0,+21,0.0,29.87,+856,,,208,,,,,0,0,,,,,,,+4,,,-12,,,,,,,,,59,+132,1020,1020,11.6,2.3,2.3,29.1,15.6,13.9,31.0,14.4,,+7.7,22.4,18.1,,,,,+123,+595,+124,+603,+122,+571,+126,+578,,,-100,+4.996,,+29.1,+4.998,,,,+15.6,+13.9,+58.9,+132.1,,,,,
1.56,0,0,,,,,,,+0.0,,,,,17:08:41,+10.7,-0.5,194.1,0.0,+82,+0.0,-0.01,+1.0,99,+8,+21,0.0,29.87,+856,,,208,,,,,0,0,,,,,,,+4,,,-12,,,,,,,,,59,+132,1020,1020,11.7,2.3,2.3,29.1,15.6,13.9,31.0,14.4,,+7.8,22.4,18.1,,,,,+123,+596,+124,+603,+122,+571,+126,+578,,,-100,+4.996,,+29.1,+4.998,,,,+15.6,+13.9,+58.9,+132.1,,,,,
1.81,0,0,,,,,,,+0.0,,,,,17:08:42,+10.7,-0.5,194.1,0.0,+82,+0.0,-0.01,+1.0,99,+11,+21,0.0,29.87,+856,,,208,,,,,0,0,,,,,,,+4,,,-12,,,,,,,,,59,+132,1023,1023,11.7,2.3,2.3,29.1,15.6,13.9,31.0,14.4,,+7.8,22.4,18.1,,,,,+123,+595,+124,+603,+122,+571,+127,+579,,,-100,+4.996,,+29.1,+4.998,,,,+15.6,+13.9,+58.9,+132.1,,,,,
2.06,0,0,,,,,,,+0.0,,,,,17:08:42,+10.7,-0.6,194.1,0.0,+82,+0.0,-0.01,+1.0,99,+26,+21,0.0,29.87,+856,,,208,,,,,0,0,,,,,,,+4,,,-12,,,,,,,,,59,+26,1026,1026,11.7,2.3,2.3,29.2,15.6,13.9,31.0,14.4,,+7.8,22.4,18.1,,,,,+123,+595,+124,+603,+122,+572,+127,+579,,,-100,+4.996,,+29.2,+4.998,,,,+15.6,+13.9,+58.6,+25.6,,,,,
2.31,0,0,,,,,,,+0.0,,,,,17:08:42,+10.7,-0.6,194.1,0.0,+82,+0.0,-0.01,+1.0,99,+18,+21,0.0,29.87,+856,,,208,,,,,0,0,,,,,,,+4,,,-12,,,,,,,,,59,+26,1021,1021,11.7,2.3,2.3,29.2,15.6,13.9,31.0,14.4,,+7.8,22.4,18.1,,,,,+123,+596,+124,+603,+122,+571,+127,+579,,,-100,+4.996,,+29.2,+4.998,,,,+15.6,+13.9,+58.6,+25.6,,,,,
2.56,0,0,,,,,,,+0.0,,,,,17:08:42,+10.7,-0.6,194.1,0.0,+82,+0.0,-0.01,+1.0,99,+35,+21,0.0,29.87,+856,,,208,,,,,0,0,,,,,,,+4,,,-12,,,,,,,,,59,+26,1023,1023,11.8,2.3,2.3,29.2,15.6,13.9,31.0,14.4,,+7.8,22.4,18.1,,,,,+123,+596,+124,+604,+122,+572,+127,+579,,,-100,+4.996,,+29.2,+4.998,,,,+15.6,+13.9,+58.5,+25.6,,,,,
2.81,0,0,,,,,,,+0.0,,,,,17:08:43,+10.7,-0.6,194.1,0.0,+82,+0.0,-0.01,+1.0,99,+35,+21,0.0,29.87,+856,,,208,,,,,0,0,,,,,,,+4,,,-12,,,,,,,,,59,+26,1027,1027,11.8,2.3,2.3,29.2,15.6,13.9,31.0,14.4,,+7.8,22.4,18.1,,,,,+123,+596,+125,+604,+122,+572,+127,+579,,,-100,+4.996,,+29.2,+4.998,,,,+15.6,+13.9,+58.6,+25.6,,,,,
3.06,0,0,,,,,,,+0.0,,,,,17:08:43,+10.7,-0.5,194.1,0.0,+82,+0.0,-0.01,+1.0,99,+47,+21,0.0,29.87,+856,,,208,,,,,0,0,,,,,,,+4,,,-12,,,,,,,,,59,+26,1028,1028,11.8,2.3,2.3,29.2,15.6,13.9,31.0,14.4,,+7.9,22.4,18.1,,,,,+123,+595,+124,+604,+122,+572,+127,+579,,,-100,+4.996,,+29.2,+4.998,,,,+15.6,+13.9,+58.7,+25.6,,,,,
3.31,0,0,,,,,,,+0.0,,,,,17:08:43,+10.7,-0.5,194.1,0.0,+82,+0.0,-0.00,+1.0,99,+38,+21,0.0,29.87,+856,,,208,,,,,0,0,,,,,,,+4,,,-12,,,,,,,,,59,+26,1031,1031,11.8,2.3,2.3,29.2,15.6,13.9,31.0,14.4,,+7.9,22.4,18.1,,,,,+123,+595,+125,+604,+122,+572,+127,+578,,,-100,+4.996,,+29.2,+4.998,,,,+15.6,+13.9,+58.7,+25.6,,,,,
3.56,0,0,,,,,,,+0.0,,,,,17:08:43,+10.7,-0.6,194.1,0.0,+82,+0.0,-0.02,+1.0,99,+28,+21,0.0,29.87,+856,,,208,,,,,0,0,,,,,,,+4,,,-12,,,,,,,,,59,+26,1026,1026,11.7,2.3,2.3,29.2,15.6,13.9,31.0,14.4,,+7.9,22.4,18.1,,,,,+123,+595,+125,+604,+122,+572,+127,+577,,,-100,+4.996,,+29.2,+4.998,,,,+15.6,+13.9,+58.7,+25.6,,,,,
3.81,0,0,,,,,,,+0.0,,,,,17:08:44,+10.8,-0.6,194.1,0.0,+82,+0.1,-0.02,+1.0,99,+14,+21,0.0,29.87,+856,,,208,,,,,0,0,,,,,,,+4,,,-12,,,,,,,,,59,+26,1030,1030,11.7,2.3,2.3,29.2,15.6,13.9,31.0,14.4,,+7.9,22.4,18.1,,,,,+123,+596,+125,+604,+122,+572,+127,+578,,,-100,+4.996,,+29.2,+4.998,,,,+15.6,+13.9,+58.7,+25.6,,,,,
4.06,0,0,,,,,,,+0.0,,,,,17:08:44,+10.8,-0.6,194.1,0.0,+82,+0.1,-0.01,+1.0,99,+8,+21,0.0,29.87,+856,,,208,,,,,0,0,,,,,,,+4,,,-12,,,,,,,,,59,+26,1031,1031,11.7,2.3,2.3,29.2,15.6,13.9,31.0,14.4,,+7.9,22.4,18.1,,,,,+123,+596,+125,+603,+122,+572,+127,+578,,,-100,+4.996,,+29.2,+4.998,,,,+15.6,+13.9,+58.8,+25.6,,,,,
4.31,0,0,,,,,,,+0.0,,,,,17:08:44,+10.8,-0.5,194.1,0.0,+82,+0.1,-0.01,+1.0,99,-5,+21,0.0,29.87,+856,,,208,,,,,0,0,,,,,,,+4,,,-12,,,,,,,,,59,+26,1034,1034,11.7,2.3,2.3,29.2,15.6,13.9,31.0,14.4,,+7.9,22.4,18.1,,,,,+123,+596,+125,+603,+122,+572,+127,+578,,,-100,+4.996,,+29.2,+4.998,,,,+15.6,+13.9,+58.8,+25.6,,,,,
4.56,0,0,,,,,,,+0.0,,,,,17:08:44,+10.8,-0.5,194.1,0.0,+82,+0.1,-0.02,+1.0,99,-25,+21,0.0,29.87,+856,,,208,,,,,0,0,,,,,,,+4,,,-12,,,,,,,,,59,+26,1036,1036,11.7,2.3,2.3,29.2,15.6,13.9,31.0,14.4,,+7.9,22.4,18.1,,,,,+123,+596,+125,+602,+122,+572,+127,+578,,,-100,+4.996,,+29.2,+4.998,,,,+15.6,+13.9,+58.8,+25.6,,,,,
4.81,0,0,,,,,,,+0.0,,,,,17:08:45,+10.8,-0.5,194.1,0.0,+82,+0.1,-0.02,+1.0,99,-35,+21,0.0,29.87,+856,,,208,,,,,0,0,,,,,,,+4,,,-12,,,,,,,,,59,+26,1030,1030,11.7,2.3,2.3,29.2,15.6,13.9,31.0,14.4,,+7.9,22.4,18.1,,,,,+123,+596,+125,+602,+122,+572,+127,+578,,,-100,+4.996,,+29.2,+4.998,,,,+15.6,+13.9,+58.8,+25.6,,,,,
5.06,0,0,,,,,,,+0.0,,,,,17:08:45,+10.8,-0.5,194.1,0.0,+82,+0.0,-0.01,+1.0,99,-38,+21,0.0,29.87,+856,,,208,,,,,0,0,,,,,,,+4,,,-12,,,,,,,,,59,+26,1030,1030,11.7,2.3,2.3,29.2,15.6,13.9,31.0,14.4,,+7.9,22.4,18.1,,,,,+124,+596,+125,+602,+122,+572,+127,+578,,,-100,+4.996,,+29.2,+4.998,,,,+15.6,+13.9,+58.7,+25.6,,,,,
5.31,0,0,,,,,,,+0.0,,,,,17:08:45,+10.8,-0.6,194.0,0.0,+82,+0.0,-0.01,+0.9,99,-48,+21,0.0,29.87,+856,,,208,,,,,0,0,,,,,,,+4,,,-12,,,,,,,,,59,+26,1028,1028,11.7,2.3,2.3,29.2,15.6,13.9,31.0,14.4,,+7.9,22.4,18.1,,,,,+124,+596,+125,+603,+122,+572,+127,+578,,,-100,+4.996,,+29.2,+4.998,,,,+15.6,+13.9,+58.7,+25.6,,,,,
5.56,0,0,,,,,,,+0.0,,,,,17:08:45,+10.8,-0.6,194.1,0.0,+82,+0.0,-0.01,+1.0,99,-27,+21,0.0,29.87,+856,,,208,,,,,0,0,,,,,,,+4,,,-12,,,,,,,,,59,+26,1026,1026,11.6,2.3,2.3,29.2,15.6,13.9,31.0,14.4,,+7.9,22.4,18.1,,,,,+124,+596,+125,+604,+122,+572,+127,+578,,,-100,+4.996,,+29.2,+4.998,,,,+15.6,+13.9,+58.6,+25.6,,,,,
5.81,0,0,,,,,,,+0.0,,,,,17:08:46,+10.8,-0.5,194.1,0.0,+82,+0.0,-0.01,+1.0,99,-38,+21,0.0,29.87,+856,,,208,,,,,0,0,,,,,,,+4,,,-12,,,,,,,,,59,+26,1029,1029,11.6,2.3,2.3,29.2,15.6,13.9,31.0,14.4,,+7.9,22.4,18.1,,,,,+124,+596,+125,+604,+122,+572,+127,+579,,,-100,+4.996,,+29.2,+4.998,,,,+15.6,+13.9,+58.6,+25.6,,,,,
6.06,0,0,,,,,,,+0.0,,,,,17:08:46,+10.8,-0.5,194.1,0.0,+82,+0.0,-0.01,+1.0,99,-30,+21,0.0,29.87,+856,,,208,,,,,0,0,,,,,,,+4,,,-12,,,,,,,,,59,+26,1029,1029,11.6,2.3,2.3,29.2,15.6,13.9,31.0,14.4,,+7.9,22.4,18.1,,,,,+124,+595,+125,+604,+122,+572,+127,+579,,,-100,+4.996,,+29.2,+4.998,,,,+15.6,+13.9,+58.6,+25.6,,,,,
6.31,0,0,,,,,,,+0.0,,,,,17:08:46,+10.8,-0.5,194.1,0.0,+82,+0.0,-0.01,+1.0,99,-34,+21,0.0,29.87,+856,,,208,,,,,0,0,,,,,,,+4,,,-12,,,,,,,,,59,+26,1034,1034,11.6,2.3,2.3,29.2,15.6,13.9,31.0,14.4,,+7.9,22.4,18.1,,,,,+124,+595,+125,+603,+122,+571,+127,+580,,,-100,+4.996,,+29.2,+4.998,,,,+15.6,+13.9,+58.7,+25.6,,,,,
6.56,0,0,,,,,,,+0.0,,,,,17:08:46,+10.8,-0.5,194.1,0.0,+82,+0.0,-0.01,+1.0,99,-22,+21,0.0,29.87,+856,,,208,,,,,0,0,,,,,,,+4,,,-12,,,,,,,,,59,+26,1036,1036,11.7,2.3,2.3,29.2,15.6,13.9,31.0,14.4,,+7.9,22.4,18.1,,,,,+124,+595,+125,+603,+123,+571,+127,+580,,,-100,+4.996,,+29.2,+4.998,,,,+15.6,+13.9,+58.8,+25.6,,,,,
6.81,0,0,,,,,,,+0.0,,,,,17:08:47,+10.8,-0.6,194.1,0.0,+82,+0.0,-0.01,+1.0,99,-30,+21,0.0,29.87,+856,,,208,,,,,0,0,,,,,,,+4,,,-12,,,,,,,,,59,+26,1028,1028,11.7,2.3,2.3,29.2,15.6,13.9,31.0,14.4,,+7.9,22.4,18.1,,,,,+124,+595,+125,+603,+123,+571,+127,+581,,,-100,+4.996,,+29.2,+4.998,,,,+15.6,+13.9,+58.8,+25.6,,,,,
7.06,0,0,,,,,,,+0.0,,,,,17:08:47,+10.8,-0.6,194.1,0.0,+82,+0.0,-0.01,+1.0,99,-25,+21,0.0,29.87,+856,,,208,,,,,0,0,,,,,,,+4,,,-12,,,,,,,,,59,+26,1026,1026,11.7,2.3,2.3,29.2,15.6,13.9,31.0,14.4,,+7.9,22.4,18.1,,,,,+124,+595,+125,+604,+123,+572,+127,+581,,,-100,+4.996,,+29.2,+4.998,,,,+15.6,+13.9,+58.6,+25.6,,,,,
7.31,0,0,,,,,,,+0.0,,,,,17:08:47,+10.8,-0.6,194.1,0.0,+82,+0.0,-0.01,+1.0,99,-30,+21,0.0,29.87,+856,,,208,,,,,0,0,,,,,,,+4,,,-12,,,,,,,,,59,+26,1028,1028,11.7,2.3,2.3,29.2,15.6,13.9,31.0,14.4,,+7.9,22.4,18.1,,,,,+124,+595,+125,+604,+123,+572,+127,+582,,,-100,+4.996,,+29.2,+4.998,,,,+15.6,+13.9,+58.6,+25.6,,,,,
7.56,0,0,,,,,,,+0.0,,,,,17:08:47,+10.8,-0.6,194.1,0.0,+82,+0.0,-0.01,+0.9,99,-18,+21,0.0,29.87,+856,,,208,,,,,0,0,,,,,,,+4,,,-12,,,,,,,,,59,+26,1033,1033,11.7,2.3,2.3,29.2,15.6,13.9,31.0,14.4,,+7.9,22.4,18.1,,,,,+124,+595,+125,+604,+123,+572,+127,+582,,,-100,+4.996,,+29.2,+4.998,,,,+15.6,+13.9,+58.7,+25.6,,,,,
7.81,0,0,,,,,,,+0.0,,,,,17:08:48,+10.8,-0.6,194.1,0.0,+82,+0.0,-0.01,+1.0,99,-18,+21,0.0,29.87,+856,,,208,,,,,0,0,,,,,,,+4,,,-12,,,,,,,,,59,+26,1033,1033,11.7,2.3,2.3,29.2,15.6,13.9,31.0,14.4,,+7.9,22.4,18.1,,,,,+124,+595,+125,+604,+123,+571,+127,+582,,,-100,+4.996,,+29.2,+4.998,,,,+15.6,+13.9,+58.8,+25.6,,,,,
8.06,0,0,,,,,,,+0.0,,,,,17:08:48,+10.8,-0.6,194.1,0.0,+82,+0.0,-0.01,+1.0,99,-27,+21,0.0,29.87,+856,,,208,,,,,0,0,,,,,,,+4,,,-12,,,,,,,,,59,+26,1038,1038,11.7,2.3,2.3,29.2,15.6,13.9,31.0,14.4,,+7.9,22.4,18.1,,,,,+124,+595,+125,+604,+123,+571,+128,+582,,,-100,+4.996,,+29.2,+4.998,,,,+15.6,+13.9,+58.8,+25.6,,,,,
8.31,0,0,,,,,,,+0.0,,,,,17:08:48,+10.8,-0.6,194.1,0.0,+82,+0.0,-0.01,+1.0,99,-8,+21,0.0,29.87,+856,,,208,,,,,0,0,,,,,,,+4,,,-12,,,,,,,,,59,+26,1038,1038,11.7,2.3,2.3,29.2,15.6,13.9,31.0,14.4,,+7.9,22.4,18.1,,,,,+124,+595,+125,+604,+123,+571,+128,+582,,,-100,+4.996,,+29.2,+4.998,,,,+15.6,+13.9,+58.8,+25.6,,,,,
8.56,0,0,,,,,,,+0.0,,,,,17:08:48,+10.8,-0.6,194.1,0.0,+82,+0.0,-0.01,+1.0,99,-8,+21,0.0,29.87,+856,,,208,,,,,0,0,,,,,,,+4,,,-12,,,,,,,,,59,+26,1034,1034,11.6,2.3,2.3,29.2,15.6,13.9,31.0,14.4,,+7.9,22.4,18.1,,,,,+124,+595,+125,+604,+123,+571,+128,+582,,,-100,+4.996,,+29.2,+4.998,,,,+15.6,+13.9,+58.8,+25.6,,,,,
8.81,0,0,,,,,,,+0.0,,,,,17:08:49,+10.8,-0.6,194.1,0.0,+82,+0.0,-0.01,+1.0,99,-21,+21,0.0,29.87,+856,,,208,,,,,0,0,,,,,,,+4,,,-12,,,,,,,,,59,+26,1037,1037,11.6,2.3,2.3,29.2,15.6,13.9,31.0,14.4,,+7.9,22.4,18.1,,,,,+124,+595,+126,+604,+123,+571,+128,+583,,,-100,+4.996,,+29.2,+4.998,,,,+15.6,+13.9,+58.8,+25.6,,,,,
9.06,0,0,,,,,,,+0.0,,,,,17:08:49,+10.8,-0.6,194.1,0.0,+82,+0.0,-0.02,+1.0,99,-24,+21,0.0,29.87,+856,,,208,,,,,0,0,,,,,,,+4,,,-12,,,,,,,,,59,+26,1033,1033,11.6,2.3,2.3,29.2,15.6,13.9,31.0,14.4,,+7.9,22.4,18.1,,,,,+124,+595,+126,+604,+123,+571,+128,+583,,,-100,+4.996,,+29.2,+4.998,,,,+15.6,+13.9,+58.8,+25.6,,,,,
9.31,0,0,,,,,,,+0.0,,,,,17:08:49,+10.7,-0.6,194.1,0.0,+82,+0.0,-0.01,+1.0,99,-16,+21,0.0,29.87,+856,,,208,,,,,0,0,,,,,,,+4,,,-12,,,,,,,,,59,+26,1034,1034,11.6,2.3,2.3,29.2,15.6,13.9,31.0,14.4,,+7.9,22.4,18.1,,,,,+124,+595,+126,+604,+123,+571,+128,+584,,,-100,+4.996,,+29.2,+4.998,,,,+15.6,+13.9,+58.7,+25.6,,,,,
9.56,0,0,,,,,,,+0.0,,,,,17:08:49,+10.7,-0.5,194.1,0.0,+82,+0.0,-0.01,+1.0,99,-13,+21,0.0,29.87,+847,,,208,,,,,0,0,,,,,,,+4,,,-12,,,,,,,,,59,+26,1034,1034,11.6,2.3,2.3,29.2,15.6,13.9,31.0,14.4,,+7.9,22.4,18.1,,,,,+124,+595,+126,+604,+123,+572,+128,+584,,,-100,+4.996,,+29.2,+4.998,,,,+15.6,+13.9,+58.8,+25.6,,,,,
9.81,0,0,,,,,,,+0.0,,,,,17:08:50,+10.7,-0.5,194.1,0.0,+82,+0.0,-0.01,+1.0,99,-9,+21,0.0,29.87,+848,,,208,,,,,0,0,,,,,,,+4,,,-12,,,,,,,,,59,+26,1030,1030,11.6,2.3,2.3,29.2,15.6,13.9,31.0,14.4,,+7.9,22.4,18.1,,,,,+124,+595,+126,+604,+123,+572,+128,+585,,,-100,+4.996,,+29.2,+4.998,,,,+15.6,+13.9,+58.7,+25.7,,,,,
10.06,0,0,,,,,,,+0.0,,,,,17:08:50,+10.7,-0.5,194.1,0.0,+82,+0.0,-0.01,+1.0,99,+8,+21,0.0,29.87,+848,,,208,,,,,0,0,,,,,,,+4,,,-12,,,,,,,,,59,+26,1031,1031,11.6,2.3,2.3,29.2,15.6,13.9,31.0,14.4,,+7.9,22.4,18.1,,,,,+124,+595,+126,+604,+123,+572,+128,+585,,,-100,+4.996,,+29.2,+4.998,,,,+15.6,+13.9,+58.6,+25.7,,,,,
10.31,0,0,,,,,,,+0.0,,,,,17:08:50,+10.7,-0.5,194.1,0.0,+82,+0.0,-0.01,+1.0,99,+18,+21,0.0,29.87,+848,,,208,,,,,0,0,,,,,,,+4,,,-12,,,,,,,,,59,+26,1024,1024,11.6,2.3,2.3,29.2,15.6,13.9,31.0,14.4,,+7.9,22.4,18.1,,,,,+124,+596,+126,+604,+123,+572,+128,+584,,,-100,+4.996,,+29.2,+4.998,,,,+15.6,+13.9,+58.5,+25.7,,,,,
10.56,0,0,,,,,,,+0.0,,,,,17:08:50,+10.7,-0.5,194.1,0.0,+82,+0.0,-0.01,+1.0,99,+16,+21,0.0,29.87,+848,,,208,,,,,0,0,,,,,,,+4,,,-12,,,,,,,,,58,+26,1024,1024,11.7,2.3,2.3,29.2,15.6,13.9,31.0,14.4,,+7.9,22.4,18.1,,,,,+124,+596,+126,+604,+123,+573,+128,+584,,,-100,+4.996,,+29.2,+4.998,,,,+15.6,+13.9,+58.4,+25.7,,,,,
10.81,0,0,,,,,,,+0.0,,,,,17:08:51,+10.7,-0.5,194.1,0.0,+82,+0.0,-0.01,+1.0,99,+8,+21,0.0,29.87,+848,,,208,,,,,0,0,,,,,,,+4,,,-12,,,,,,,,,58,+26,1025,1025,11.7,2.3,2.3,29.2,15.6,13.9,31.0,14.4,,+7.9,22.4,18.1,,,,,+124,+596,+126,+605,+123,+573,+128,+583,,,-100,+4.996,,+29.2,+4.998,,,,+15.6,+13.9,+58.4,+25.7,,,,,
11.06,0,0,,,,,,,+0.0,,,,,17:08:51,+10.7,-0.5,194.1,0.0,+82,+0.0,-0.01,+1.0,99,+3,+21,0.0,29.87,+848,,,208,,,,,0,0,,,,,,,+4,,,-12,,,,,,,,,59,+26,1032,1032,11.7,2.3,2.3,29.2,15.6,13.9,31.0,14.4,,+7.9,22.4,18.1,,,,,+124,+596,+126,+604,+123,+572,+128,+584,,,-100,+4.996,,+29.2,+4.998,,,,+15.6,+13.9,+58.6,+25.7,,,,,
11.31,0,0,,,,,,,+0.0,,,,,17:08:51,+10.8,-0.6,194.1,0.0,+82,+0.0,-0.01,+1.0,99,+2,+21,0.0,29.87,+848,,,208,,,,,0,0,,,,,,,+4,,,-12,,,,,,,,,59,+26,1027,1027,11.7,2.3,2.3,29.2,15.6,13.9,31.0,14.4,,+7.9,22.4,18.1,,,,,+124,+596,+126,+604,+123,+572,+128,+583,,,-100,+4.996,,+29.2,+4.998,,,,+15.6,+13.9,+58.6,+25.7,,,,,
11.56,0,0,,,,,,,+0.0,,,,,17:08:51,+10.8,-0.6,194.1,0.0,+82,+0.0,-0.01,+1.0,99,+0,+21,0.0,29.87,+848,,,208,,,,,0,0,,,,,,,+4,,,-12,,,,,,,,,58,+26,1027,1027,11.7,2.3,2.3,29.2,15.6,13.9,31.0,14.4,,+7.9,22.4,18.1,,,,,+124,+596,+126,+604,+123,+572,+128,+584,,,-100,+4.996,,+29.2,+4.998,,,,+15.6,+13.9,+58.5,+25.7,,,,,
11.81,0,0,,,,,,,+0.0,,,,,17:08:52,+10.7,-0.7,194.1,0.0,+82,+0.0,-0.01,+1.0,99,+26,+21,0.0,29.87,+848,,,208,,,,,0,0,,,,,,,+4,,,-12,,,,,,,,,58,+26,1029,1029,11.7,2.3,2.3,29.2,15.6,13.9,31.0,14.4,,+7.9,22.4,18.1,,,,,+124,+596,+126,+605,+123,+572,+128,+583,,,-100,+4.996,,+29.2,+4.998,,,,+15.6,+13.9,+58.5,+25.7,,,,,
12.06,0,0,,,,,,,+0.0,,,,,17:08:52,+10.7,-0.7,194.0,0.0,+82,+0.0,-0.01,+1.0,99,+32,+21,0.0,29.87,+848,,,208,,,,,0,0,,,,,,,+4,,,-12,,,,,,,,,59,+26,1028,1028,11.7,2.3,2.3,29.2,15.6,13.9,31.0,14.4,,+7.9,22.4,18.1,,,,,+124,+596,+126,+604,+124,+572,+128,+583,,,-100,+4.996,,+29.2,+4.998,,,,+15.6,+13.9,+58.5,+25.8,,,,,
12.31,0,0,,,,,,,+0.0,,,,,17:08:52,+10.8,-0.6,194.1,0.0,+82,+0.0,-0.02,+1.0,99,+32,+21,0.0,29.87,+848,,,208,,,,,0,0,,,,,,,+4,,,-12,,,,,,,,,59,+26,1029,1029,11.7,2.3,2.3,29.2,15.6,13.9,31.0,14.4,,+7.9,22.4,18.1,,,,,+124,+596,+126,+604,+124,+572,+128,+583,,,-100,+4.996,,+29.2,+4.998,,,,+15.6,+13.9,+58.5,+25.8,,,,,
12.56,0,0,,,,,,,+0.0,,,,,17:08:52,+10.8,-0.6,194.1,0.0,+82,-0.0,-0.01,+1.0,99,+8,+21,0.0,29.87,+848,,,208,,,,,0,0,,,,,,,+4,,,-12,,,,,,,,,59,+26,1030,1030,11.7,2.3,2.3,29.2,15.6,13.9,31.0,14.4,,+7.9,22.4,18.1,,,,,+124,+596,+126,+604,+124,+572,+128,+582,,,-100,+4.996,,+29.2,+4.998,,,,+15.6,+13.9,+58.5,+25.8,,,,,
12.81,0,0,,,,,,,+0.0,,,,,17:08:53,+10.7,-0.6,194.0,0.0,+82,-0.0,-0.01,+1.0,99,+52,+21,0.0,29.87,+857,,,208,,,,,0,0,,,,,,,+4,,,-12,,,,,,,,,59,+26,1035,1035,11.7,2.3,2.3,29.2,15.6,13.9,31.0,14.4,,+7.9,22.4,18.1,,,,,+124,+596,+126,+604,+124,+572,+128,+582,,,-100,+4.996,,+29.2,+4.998,,,,+15.6,+13.9,+58.6,+25.8,,,,,
13.06,0,0,,,,,,,+0.0,,,,,17:08:53,+10.7,-0.6,194.1,0.0,+82,+0.0,-0.01,+1.0,99,+45,+21,0.0,29.87,+857,,,208,,,,,0,0,,,,,,,+4,,,-12,,,,,,,,,59,+26,1036,1036,11.7,2.3,2.3,29.2,15.6,13.9,31.0,14.4,,+7.9,22.4,18.1,,,,,+125,+596,+126,+603,+124,+573,+128,+583,,,-100,+4.996,,+29.2,+4.998,,,,+15.6,+13.9,+58.7,+25.8,,,,,
13.31,0,0,,,,,,,+0.0,,,,,17:08:53,+10.7,-0.6,194.1,0.0,+82,+0.0,-0.01,+1.0,99,+46,+21,0.0,29.87,+856,,,208,,,,,0,0,,,,,,,+4,,,-12,,,,,,,,,59,+26,1038,1038,11.7,2.3,2.3,29.2,15.6,13.9,31.0,14.4,,+7.9,22.4,18.1,,,,,+125,+596,+126,+603,+124,+573,+128,+583,,,-100,+4.996,,+29.2,+4.998,,,,+15.6,+13.9,+58.7,+25.8,,,,,
13.56,0,0,,,,,,,+0.0,,,,,17:08:53,+10.7,-0.6,194.1,0.0,+82,+0.0,-0.01,+1.0,99,+48,+21,0.0,29.87,+856,,,208,,,,,0,0,,,,,,,+4,,,-12,,,,,,,,,59,+26,1032,1032,11.6,2.3,2.3,29.2,15.6,13.9,31.0,14.4,,+7.9,22.4,18.1,,,,,+125,+595,+126,+603,+124,+573,+128,+583,,,-100,+4.996,,+29.2,+4.998,,,,+15.6,+13.9,+58.7,+25.8,,,,,
13.81,0,0,,,,,,,+0.0,,,,,17:08:54,+10.7,-0.6,194.1,0.0,+82,+0.0,-0.01,+1.0,99,+25,+21,0.0,29.87,+856,,,208,,,,,0,0,,,,,,,+4,,,-12,,,,,,,,,58,+26,1029,1029,11.6,2.3,2.3,29.2,15.6,13.9,31.0,14.4,,+7.9,22.4,18.1,,,,,+125,+596,+126,+604,+124,+573,+129,+584,,,-100,+4.996,,+29.2,+4.998,,,,+15.6,+13.9,+58.5,+25.8,,,,,
14.06,0,0,,,,,,,+0.0,,,,,17:08:54,+10.7,-0.6,194.1,0.0,+82,+0.0,-0.01,+1.0,99,+23,+21,0.0,29.87,+856,,,208,,,,,0,0,,,,,,,+4,,,-12,,,,,,,,,59,+26,1031,1031,11.6,2.3,2.3,29.2,15.6,13.9,31.0,14.4,,+7.8,22.4,18.1,,,,,+125,+596,+127,+604,+124,+573,+128,+583,,,-100,+4.996,,+29.2,+4.998,,,,+15.6,+13.9,+58.5,+25.8,,,,,
14.31,0,0,,,,,,,+0.0,,,,,17:08:54,+10.7,-0.6,194.1,0.0,+82,+0.0,-0.01,+1.0,99,+35,+21,0.0,29.87,+856,,,208,,,,,0,0,,,,,,,+4,,,-12,,,,,,,,,58,+26,1026,1026,11.6,2.3,2.3,29.2,15.6,13.9,31.0,14.4,,+7.6,22.4,18.1,,,,,+125,+595,+127,+603,+124,+573,+129,+583,,,-100,+4.996,,+29.2,+4.998,,,,+15.6,+13.9,+58.5,+25.8,,,,,
14.56,0,0,,,,,,,+0.0,,,,,17:08:54,+10.7,-0.6,194.1,0.0,+82,+0.0,-0.01,+1.0,99,+48,+21,0.0,29.87,+856,,,208,,,,,0,0,,,,,,,+4,,,-12,,,,,,,,,58,+26,1028,1028,11.7,2.3,2.3,29.2,15.6,13.9,31.0,14.4,,+7.4,22.4,18.1,,,,,+125,+595,+126,+603,+124,+573,+129,+583,,,-100,+4.996,,+29.2,+4.998,,,,+15.6,+13.9,+58.4,+25.8,,,,,
14.81,0,0,,,,,,,+0.0,,,,,17:08:55,+10.7,-0.7,194.1,0.0,+82,+0.0,-0.01,+0.9,99,+40,+21,0.0,29.87,+856,,,208,,,,,0,0,,,,,,,+4,,,-12,,,,,,,,,58,+26,1027,1027,11.7,2.3,2.3,29.2,15.6,13.9,31.0,14.4,,+7.3,22.4,18.1,,,,,+125,+595,+127,+604,+124,+573,+129,+583,,,-100,+4.996,,+29.2,+4.998,,,,+15.6,+13.9,+58.4,+25.9,,,,,
15.06,0,0,,,,,,,+0.0,,,,,17:08:55,+10.7,-0.7,194.1,0.0,+82,+0.0,-0.02,+1.0,99,+19,+21,0.0,29.87,+856,,,208,,,,,0,0,,,,,,,+4,,,-12,,,,,,,,,58,+26,1026,1026,11.7,2.3,2.3,29.2,15.6,13.9,31.0,14.4,,+7.1,22.4,18.1,,,,,+125,+595,+127,+604,+124,+573,+129,+583,,,-100,+4.996,,+29.2,+4.998,,,,+15.6,+13.9,+58.4,+25.9,,,,,
15.31,0,0,,,,,,,+0.0,,,,,17:08:55,+10.7,-0.6,194.1,0.0,+82,+0.0,-0.01,+1.0,99,+20,+21,0.0,29.87,+856,,,208,,,,,0,0,,,,,,,+4,,,-12,,,,,,,,,58,+26,1028,1028,11.7,2.3,2.3,29.2,15.6,13.9,31.0,14.4,,+7.0,22.4,18.1,,,,,+125,+595,+127,+604,+124,+573,+129,+583,,,-100,+4.996,,+29.2,+4.998,,,,+15.6,+13.9,+58.4,+25.9,,,,,
15.56,0,0,,,,,,,+0.0,,,,,17:08:55,+10.7,-0.6,194.1,0.0,+82,+0.0,-0.01,+1.0,99,+14,+21,0.0,29.87,+856,,,208,,,,,0,0,,,,,,,+4,,,-12,,,,,,,,,58,+26,1026,1026,11.7,2.3,2.3,29.2,15.6,13.9,31.0,14.5,,+6.9,22.4,18.1,,,,,+125,+595,+127,+604,+124,+572,+129,+584,,,-100,+4.996,,+29.2,+4.998,,,,+15.6,+13.9,+58.4,+25.9,,,,,
15.81,0,0,,,,,,,+0.0,,,,,17:08:56,+10.7,-0.6,194.1,0.0,+82,+0.0,-0.01,+0.9,99,+18,+21,0.0,29.87,+856,,,208,,,,,0,0,,,,,,,+4,,,-12,,,,,,,,,58,+26,1024,1024,11.7,2.3,2.3,29.2,15.6,13.9,31.0,14.5,,+6.8,22.4,18.1,,,,,+125,+595,+127,+604,+124,+573,+129,+584,,,-100,+4.996,,+29.2,+4.998,,,,+15.6,+13.9,+58.3,+25.9,,,,,
16.06,0,0,,,,,,,+0.0,,,,,17:08:56,+10.7,-0.6,194.1,0.0,+82,+0.0,-0.01,+1.0,99,-2,+21,0.0,29.87,+856,,,208,,,,,0,0,,,,,,,+4,,,-12,,,,,,,,,58,+26,1021,1021,11.7,2.3,2.3,29.2,15.6,13.9,31.0,14.5,,+6.8,22.4,18.1,,,,,+125,+595,+127,+605,+124,+573,+129,+583,,,-100,+4.996,,+29.2,+4.998,,,,+15.6,+13.9,+58.3,+25.9,,,,,
16.31,0,0,,,,,,,+0.0,,,,,17:08:56,+10.7,-0.6,194.1,0.0,+82,+0.0,-0.01,+1.0,99,+10,+21,0.0,29.87,+848,,,208,,,,,0,0,,,,,,,+4,,,-12,,,,,,,,,58,+26,1021,1021,11.7,2.3,2.3,29.2,15.6,13.9,31.0,14.5,,+6.7,22.4,18.1,,,,,+125,+596,+127,+605,+124,+572,+129,+583,,,-100,+4.996,,+29.2,+4.998,,,,+15.6,+13.9,+58.2,+25.9,,,,,
16.56,0,0,,,,,,,+0.0,,,,,17:08:56,+10.7,-0.6,194.1,0.0,+82,+0.0,-0.01,+1.0,99,+10,+21,0.0,29.87,+848,,,208,,,,,0,0,,,,,,,+4,,,-12,,,,,,,,,58,+26,1023,1023,11.8,2.3,2.3,29.2,15.6,13.9,31.0,14.4,,+6.6,22.4,18.1,,,,,+125,+596,+127,+605,+124,+572,+129,+583,,,-100,+4.996,,+29.2,+4.998,,,,+15.6,+13.9,+58.2,+25.9,,,,,
16.81,0,0,,,,,,,+0.0,,,,,17:08:57,+10.7,-0.6,194.1,0.0,+82,+0.0,-0.02,+1.0,99,+20,+21,0.0,29.87,+848,,,208,,,,,0,0,,,,,,,+4,,,-12,,,,,,,,,58,+26,1022,1022,11.8,2.3,2.3,29.2,15.6,13.9,31.0,14.4,,+6.6,22.4,18.1,,,,,+125,+596,+127,+605,+124,+572,+129,+583,,,-100,+4.996,,+29.2,+4.998,,,,+15.6,+13.9,+58.3,+26.0,,,,,
17.06,0,0,,,,,,,+0.0,,,,,17:08:57,+10.7,-0.6,194.1,0.0,+82,+0.0,-0.01,+0.9,99,-9,+21,0.0,29.87,+848,,,208,,,,,0,0,,,,,,,+4,,,-12,,,,,,,,,58,+26,1024,1024,11.8,2.3,2.3,29.2,15.6,13.9,31.0,14.4,,+6.5,22.4,18.1,,,,,+125,+596,+127,+605,+124,+572,+129,+583,,,-100,+4.996,,+29.2,+4.998,,,,+15.6,+13.9,+58.2,+26.0,,,,,
17.31,0,0,,,,,,,+0.0,,,,,17:08:57,+10.8,-0.7,194.1,0.0,+82,+0.0,-0.01,+0.9,99,+5,+21,0.0,29.87,+848,,,208,,,,,0,0,,,,,,,+4,,,-12,,,,,,,,,58,+26,1023,1023,11.8,2.3,2.3,29.2,15.6,13.9,31.0,14.4,,+6.5,22.4,18.1,,,,,+125,+596,+127,+604,+125,+573,+129,+583,,,-100,+4.996,,+29.2,+4.998,,,,+15.6,+13.9,+58.3,+26.0,,,,,
17.56,0,0,,,,,,,+0.0,,,,,17:08:57,+10.8,-0.6,194.1,0.0,+82,+0.0,-0.01,+1.0,99,+2,+21,0.0,29.87,+848,,,208,,,,,0,0,,,,,,,+4,,,-12,,,,,,,,,58,+26,1024,1024,11.8,2.3,2.3,29.2,15.6,13.9,31.0,14.4,,+6.4,22.4,18.1,,,,,+125,+596,+127,+604,+125,+573,+129,+582,,,-100,+4.996,,+29.2,+4.998,,,,+15.6,+13.9,+58.3,+26.0,,,,,
17.81,0,0,,,,,,,+0.0,,,,,17:08:58,+10.8,-0.6,194.1,0.0,+82,+0.0,-0.01,+1.0,99,+9,+21,0.0,29.87,+848,,,208,,,,,0,0,,,,,,,+4,,,-12,,,,,,,,,58,+26,1025,1025,11.8,2.3,2.3,29.2,15.6,13.9,31.0,14.4,,+6.4,22.4,18.1,,,,,+125,+596,+127,+604,+125,+573,+129,+582,,,-100,+4.996,,+29.2,+4.998,,,,+15.6,+13.9,+58.3,+26.0,,,,,
18.06,0,0,,,,,,,+0.0,,,,,17:08:58,+10.8,-0.6,194.1,0.0,+82,+0.0,-0.01,+1.1,99,+22,+21,0.0,29.87,+848,,,208,,,,,0,0,,,,,,,+4,,,-12,,,,,,,,,58,+26,1027,1027,11.8,2.3,2.3,29.2,15.6,13.9,31.0,14.4,,+6.4,22.4,18.1,,,,,+125,+597,+127,+604,+125,+573,+129,+582,,,-100,+4.996,,+29.2,+4.998,,,,+15.6,+13.9,+58.3,+26.0,,,,,
18.31,0,0,,,,,,,+0.0,,,,,17:08:58,+10.7,-0.6,194.1,0.0,+82,+0.0,-0.02,+1.0,99,+16,+21,0.0,29.87,+848,,,208,,,,,0,0,,,,,,,+4,,,-12,,,,,,,,,58,+26,1031,1031,11.8,2.3,2.3,29.2,15.6,13.9,31.0,14.4,,+6.4,22.4,18.1,,,,,+125,+597,+127,+603,+125,+573,+129,+582,,,-100,+4.996,,+29.2,+4.998,,,,+15.6,+13.9,+58.4,+26.0,,,,,
18.56,0,0,,,,,,,+0.0,,,,,17:08:58,+10.7,-0.5,194.1,0.0,+82,+0.0,-0.01,+1.0,99,+22,+21,0.0,29.87,+848,,,208,,,,,0,0,,,,,,,+4,,,-12,,,,,,,,,59,+26,1039,1039,11.8,2.3,2.3,29.2,15.6,13.9,31.0,14.4,,+6.3,22.4,18.1,,,,,+125,+597,+127,+603,+125,+572,+129,+582,,,-100,+4.996,,+29.2,+4.998,,,,+15.6,+13.9,+58.6,+26.0,,,,,
18.81,0,0,,,,,,,+0.0,,,,,17:08:59,+10.8,-0.5,194.1,0.0,+82,+0.0,-0.01,+1.0,99,+31,+21,0.0,29.87,+848,,,208,,,,,0,0,,,,,,,+4,,,-12,,,,,,,,,59,+26,1041,1041,11.8,2.3,2.3,29.2,15.6,13.9,31.0,14.4,,+6.3,22.4,18.1,,,,,+125,+596,+127,+603,+125,+572,+129,+582,,,-100,+4.996,,+29.2,+4.998,,,,+15.6,+13.9,+58.7,+26.0,,,,,
19.06,0,0,,,,,,,+0.0,,,,,17:08:59,+10.8,-0.5,194.1,0.0,+82,+0.0,-0.01,+1.0,99,+17,+21,0.0,29.87,+848,,,208,,,,,0,0,,,,,,,+4,,,-12,,,,,,,,,59,+26,1041,1041,11.8,2.3,2.3,29.2,15.6,13.9,31.0,14.4,,+6.3,22.4,18.1,,,,,+125,+595,+127,+603,+125,+573,+129,+581,,,-100,+4.996,,+29.2,+4.998,,,,+15.6,+13.9,+58.7,+26.0,,,,,
19.31,0,0,,,,,,,+0.0,,,,,17:08:59,+10.8,-0.6,194.1,0.0,+82,+0.1,-0.01,+1.0,99,+6,+21,0.0,29.87,+857,,,208,,,,,0,0,,,,,,,+4,,,-12,,,,,,,,,59,+26,1037,1037,11.8,2.3,2.3,29.2,15.6,13.9,31.0,14.4,,+6.3,22.4,18.1,,,,,+125,+596,+127,+603,+125,+573,+129,+581,,,-100,+4.996,,+29.2,+4.998,,,,+15.6,+13.9,+58.6,+26.1,,,,,
19.56,0,0,,,,,,,+0.0,,,,,17:08:59,+10.8,-0.6,194.1,0.0,+82,+0.1,-0.01,+1.0,99,-18,+21,0.0,29.87,+857,,,208,,,,,0,0,,,,,,,+4,,,-12,,,,,,,,,59,+26,1039,1039,11.6,2.3,2.3,29.2,15.6,13.9,31.0,14.4,,+6.3,22.4,18.1,,,,,+126,+596,+127,+603,+125,+573,+129,+581,,,-100,+4.996,,+29.2,+4.998,,,,+15.6,+13.9,+58.6,+26.1,,,,,
19.81,0,0,,,,,,,+0.0,,,,,17:09:00,+10.8,-0.6,194.1,0.0,+82,+0.1,-0.01,+1.0,99,-18,+21,0.0,29.87,+857,,,208,,,,,0,0,,,,,,,+4,,,-12,,,,,,,,,59,+26,1041,1041,11.6,2.3,2.3,29.2,15.6,13.9,31.0,14.4,,+6.3,22.4,18.1,,,,,+126,+596,+127,+603,+125,+573,+129,+581,,,-100,+4.996,,+29.2,+4.998,,,,+15.6,+13.9,+58.7,+26.1,,,,,
20.06,0,0,,,,,,,+0.0,,,,,17:09:00,+10.8,-0.6,194.1,0.0,+82,+0.1,-0.01,+0.9,99,+4,+21,0.0,29.87,+857,,,208,,,,,0,0,,,,,,,+4,,,-12,,,,,,,,,59,+26,1039,1039,11.6,2.3,2.3,29.2,15.6,13.9,31.0,14.4,,+6.2,22.4,18.1,,,,,+126,+596,+127,+603,+125,+573,+129,+582,,,-100,+4.996,,+29.2,+4.998,,,,+15.6,+13.9,+58.7,+26.1,,,,,
20.31,0,0,,,,,,,+0.0,,,,,17:09:00,+10.8,-0.5,194.1,0.0,+82,+0.1,-0.01,+1.0,99,+7,+21,0.0,29.87,+857,,,208,,,,,0,0,,,,,,,+4,,,-12,,,,,,,,,59,+26,1041,1041,11.6,2.3,2.3,29.2,15.6,13.9,31.0,14.4,,+6.2,22.4,18.1,,,,,+126,+596,+127,+603,+125,+573,+130,+581,,,-100,+4.996,,+29.2,+4.998,,,,+15.6,+13.9,+58.6,+26.1,,,,,
20.56,0,0,,,,,,,+0.0,,,,,17:09:00,+10.8,-0.5,194.1,0.0,+82,+0.1,-0.01,+1.0,99,-22,+21,0.0,29.87,+857,,,208,,,,,0,0,,,,,,,+3,,,-12,,,,,,,,,59,+26,1038,1038,11.6,2.3,2.3,29.2,15.6,13.9,31.0,14.4,,+6.2,22.4,18.1,,,,,+126,+595,+127,+603,+125,+573,+130,+581,,,-100,+4.996,,+29.2,+4.998,,,,+15.6,+13.9,+58.6,+26.1,,,,,
20.81,0,0,,,,,,,+0.0,,,,,17:09:01,+10.8,-0.5,194.1,0.0,+82,+0.0,-0.01,+1.0,99,-31,+21,0.0,29.87,+857,,,208,,,,,0,0,,,,,,,+3,,,-12,,,,,,,,,59,+26,1037,1037,11.6,2.3,2.3,29.2,15.6,13.9,31.0,14.4,,+6.2,22.4,18.1,,,,,+126,+595,+127,+604,+125,+573,+130,+581,,,-100,+4.996,,+29.2,+4.998,,,,+15.6,+13.9,+58.5,+26.1,,,,,
21.06,0,0,,,,,,,+0.0,,,,,17:09:01,+10.8,-0.5,194.0,0.0,+82,+0.0,-0.01,+1.0,99,-22,+21,0.0,29.87,+857,,,208,,,,,0,0,,,,,,,+3,,,-12,,,,,,,,,59,+26,1041,1041,11.6,2.3,2.3,29.2,15.6,13.9,31.0,14.4,,+6.2,22.4,18.1,,,,,+126,+595,+127,+604,+125,+573,+130,+581,,,-100,+4.996,,+29.2,+4.998,,,,+15.6,+13.9,+58.6,+26.1,,,,,
21.31,0,0,,,,,,,+0.0,,,,,17:09:01,+10.8,-0.5,194.0,0.0,+82,+0.0,-0.01,+1.0,99,-7,+21,0.0,29.87,+857,,,208,,,,,0,0,,,,,,,+3,,,-12,,,,,,,,,59,+26,1043,1043,11.6,2.3,2.3,29.2,15.6,13.9,31.0,14.4,,+6.2,22.4,18.1,,,,,+126,+595,+128,+604,+125,+573,+130,+581,,,-100,+4.996,,+29.2,+4.998,,,,+15.6,+13.9,+58.7,+26.2,,,,,
21.56,0,0,,,,,,,+0.0,,,,,17:09:01,+10.8,-0.5,194.0,0.0,+82,+0.0,-0.01,+1.0,99,+1,+21,0.0,29.87,+856,,,208,,,,,0,0,,,,,,,+4,,,-12,,,,,,,,,59,+26,1040,1040,11.6,2.3,2.3,29.2,15.6,13.9,31.0,14.4,,+6.2,22.4,18.1,,,,,+126,+595,+128,+604,+125,+573,+130,+581,,,-100,+4.996,,+29.2,+4.998,,,,+15.6,+13.9,+58.7,+26.2,,,,,
21.81,0,0,,,,,,,+0.0,,,,,17:09:02,+10.8,-0.6,194.0,0.0,+82,+0.0,-0.01,+1.0,99,-3,+21,0.0,29.87,+856,,,208,,,,,0,0,,,,,,,+4,,,-12,,,,,,,,,59,+26,1038,1038,11.6,2.3,2.3,29.2,15.6,13.9,31.0,14.4,,+6.2,22.4,18.1,,,,,+126,+595,+128,+604,+125,+573,+130,+582,,,-100,+4.996,,+29.2,+4.998,,,,+15.6,+13.9,+58.6,+26.2,,,,,
22.06,0,0,,,,,,,+0.0,,,,,17:09:02,+10.8,-0.6,194.0,0.0,+82,+0.0,-0.01,+1.0,99,-13,+21,0.0,29.87,+856,,,208,,,,,0,0,,,,,,,+4,,,-12,,,,,,,,,59,+26,1040,1040,11.6,2.3,2.3,29.2,15.6,13.9,31.0,14.4,,+6.2,22.4,18.1,,,,,+126,+595,+128,+603,+125,+574,+130,+581,,,-100,+4.996,,+29.2,+4.998,,,,+15.6,+13.9,+58.6,+26.2,,,,,
22.31,0,0,,,,,,,+0.0,,,,,17:09:02,+10.8,-0.6,194.0,0.0,+82,+0.0,-0.01,+1.0,99,-11,+21,0.0,29.87,+856,,,208,,,,,0,0,,,,,,,+4,,,-12,,,,,,,,,59,+26,1037,1037,11.6,2.3,2.3,29.2,15.6,13.9,31.0,14.4,,+6.2,22.4,18.1,,,,,+126,+596,+128,+603,+125,+574,+130,+581,,,-100,+4.996,,+29.2,+4.998,,,,+15.6,+13.9,+58.6,+26.2,,,,,
22.56,0,0,,,,,,,+0.0,,,,,17:09:02,+10.8,-0.6,194.0,0.0,+82,+0.0,-0.01,+1.0,99,-2,+21,0.0,29.87,+856,,,208,,,,,0,0,,,,,,,+4,,,-12,,,,,,,,,59,+26,1038,1038,11.6,2.3,2.3,29.2,15.6,13.9,31.0,14.4,,+6.2,22.4,18.1,,,,,+126,+596,+128,+604,+125,+573,+130,+581,,,-100,+4.996,,+29.2,+4.998,,,,+15.6,+13.9,+58.6,+26.2,,,,,
22.81,0,0,,,,,,,+0.0,,,,,17:09:03,+10.7,-0.6,194.0,0.0,+82,+0.0,-0.01,+1.0,99,-3,+21,0.0,29.87,+856,,,208,,,,,0,0,,,,,,,+4,,,-12,,,,,,,,,59,+26,1038,1038,11.6,2.3,2.3,29.2,15.6,13.9,31.0,14.4,,+6.2,22.4,18.1,,,,,+126,+596,+128,+604,+125,+574,+130,+581,,,-100,+4.996,,+29.2,+4.998,,,,+15.6,+13.9,+58.6,+26.2,,,,,
23.06,0,0,,,,,,,+0.0,,,,,17:09:03,+10.7,-0.6,194.0,0.0,+82,+0.0,-0.01,+1.0,99,-10,+21,0.0,29.87,+856,,,208,,,,,0,0,,,,,,,+4,,,-12,,,,,,,,,59,+26,1035,1035,11.6,2.3,2.3,29.2,15.6,13.9,31.0,14.4,,+6.2,22.4,18.1,,,,,+126,+596,+128,+604,+125,+574,+130,+580,,,-100,+4.996,,+29.2,+4.998,,,,+15.6,+13.9,+58.5,+26.2,,,,,
23.31,0,0,,,,,,,+0.0,,,,,17:09:03,+10.8,-0.6,194.0,0.0,+82,+0.0,-0.01,+1.0,99,-28,+21,0.0,29.87,+856,,,208,,,,,0,0,,,,,,,+4,,,-12,,,,,,,,,59,+26,1039,1039,11.6,2.3,2.3,29.2,15.6,13.9,31.0,14.4,,+6.2,22.4,18.1,,,,,+126,+596,+128,+605,+125,+575,+130,+581,,,-100,+4.996,,+29.2,+4.998,,,,+15.6,+13.9,+58.5,+26.3,,,,,
23.56,0,0,,,,,,,+0.0,,,,,17:09:03,+10.8,-0.6,194.0,0.0,+82,-0.0,-0.01,+1.0,99,-36,+21,0.0,29.87,+856,,,208,,,,,0,0,,,,,,,+4,,,-12,,,,,,,,,59,+26,1037,1037,11.6,2.3,2.3,29.2,15.6,13.9,31.0,14.4,,+6.2,22.5,18.1,,,,,+126,+596,+128,+605,+125,+574,+130,+580,,,-100,+4.996,,+29.2,+4.998,,,,+15.6,+13.9,+58.6,+26.3,,,,,
23.81,0,6,,,,,,,+0.0,,,,,17:09:04,+10.8,-0.6,193.9,0.0,+82,-0.0,-0.01,+1.0,99,-35,+21,0.0,29.87,+856,,,208,,,,,0,0,,,,,,,+4,,,-12,,,,,,,,,58,+26,1035,1035,11.6,2.3,2.3,29.2,15.6,13.9,31.0,14.4,,+6.2,22.5,18.1,,,,,+126,+596,+128,+605,+125,+574,+130,+580,,,-100,+4.996,,+29.2,+4.998,,,,+15.6,+13.9,+58.5,+26.3,,,,,
24.06,1,6,UNKNOWN_DATE_TIME,+40.52911,-78.64903,78,0.0,0.0,+11.6,,,,,17:09:04,+10.8,-0.6,193.9,0.0,+82,-0.0,-0.01,+1.0,99,-44,+21,0.0,29.87,+856,,,208,,,,,0,0,,,+0,,,,+4,,,-12,,,,,,,,,58,+26,1036,1036,11.6,2.3,2.3,29.2,15.6,13.9,31.0,14.4,,+6.2,22.5,18.1,,,,,+126,+597,+128,+605,+125,+574,+130,+580,,,-100,+4.996,,+29.2,+4.998,,,,+15.6,+13.9,+58.4,+26.3,,,,,
24.31,1,7,UNKNOWN_DATE_TIME,+40.52912,-78.64902,69,0.1,0.0,+11.6,,,,,17:09:04,+10.7,-0.5,194.0,0.0,+82,-0.0,-0.01,+0.9,99,-38,+21,0.0,29.87,+856,,,208,,,,,0,0,,,+0,,,,+4,,,-12,,,,,,,,,59,+26,1042,1042,11.6,2.3,2.3,29.2,15.6,13.9,31.0,14.4,,+6.2,22.5,18.1,,,,,+126,+596,+128,+606,+125,+574,+130,+580,,,-100,+4.996,,+29.2,+4.998,,,,+15.6,+13.9,+58.6,+26.3,,,,,
24.56,1,8,UNKNOWN_DATE_TIME,+40.52909,-78.64901,45,0.0,0.0,+11.6,,,,,17:09:04,+10.7,-0.5,194.0,0.0,+82,+0.0,-0.01,+1.0,99,-31,+21,0.0,29.87,+857,,,208,,,,,0,0,,,+0,,,,+4,,,-12,,,,,,,,,59,+26,1040,1040,11.6,2.3,2.3,29.2,15.6,13.9,31.0,14.4,,+6.2,22.5,18.1,,,,,+126,+596,+128,+605,+126,+574,+130,+580,,,-100,+4.996,,+29.2,+4.998,,,,+15.6,+13.9,+58.6,+26.3,,,,,
24.81,1,8,UNKNOWN_DATE_TIME,+40.52909,-78.64901,46,0.0,0.0,+11.6,,,,,17:09:05,+10.7,-0.6,193.9,0.0,+82,+0.0,-0.01,+1.0,99,-26,+21,0.0,29.87,+856,,,208,,,,,0,0,,,+0,,,,+4,,,-12,,,,,,,,,58,+26,1032,1032,11.6,2.3,2.3,29.2,15.6,13.9,31.0,14.4,,+6.2,22.5,18.1,,,,,+126,+596,+128,+606,+126,+574,+130,+580,,,-100,+4.996,,+29.2,+4.998,,,,+15.6,+13.9,+58.5,+26.3,,,,,
25.06,1,8,UNKNOWN_DATE_TIME,+40.52910,-78.64901,60,0.0,0.0,+11.6,,,,,17:09:05,+10.7,-0.6,193.9,0.0,+82,+0.0,-0.02,+1.0,99,-36,+21,0.0,29.87,+856,,,208,,,,,0,0,,,+0,,,,+4,,,-12,,,,,,,,,58,+26,1032,1032,11.6,2.3,2.3,29.2,15.6,13.9,31.0,14.4,,+6.2,22.5,18.1,,,,,+126,+596,+128,+606,+126,+574,+130,+580,,,-100,+4.996,,+29.2,+4.998,,,,+15.6,+13.9,+58.3,+26.4,,,,,
25.31,1,8,UNKNOWN_DATE_TIME,+40.52909,-78.64901,61,0.0,0.0,+11.6,,,,,17:09:05,+10.7,-0.5,193.9,0.0,+82,+0.0,-0.01,+1.0,99,-34,+21,0.0,29.87,+856,,,208,,,,,0,0,,,+0,,,,+4,,,-12,,,,,,,,,58,+26,1031,1031,11.6,2.3,2.3,29.2,15.6,13.9,31.0,14.4,,+6.1,22.5,18.1,,,,,+126,+596,+128,+607,+126,+575,+130,+580,,,-100,+4.996,,+29.2,+4.998,,,,+15.6,+13.9,+58.3,+26.4,,,,,
25.56,1,8,UNKNOWN_DATE_TIME,+40.52908,-78.64901,56,0.0,0.0,+11.6,,,,,17:09:05,+10.7,-0.5,193.9,0.0,+82,+0.0,-0.01,+1.0,99,-37,+21,0.0,29.87,+856,,,208,,,,,0,0,,,+0,,,,+4,,,-12,,,,,,,,,58,+26,1030,1030,11.6,2.3,2.3,29.2,15.6,13.9,31.0,14.4,,+6.1,22.5,18.1,,,,,+126,+596,+128,+607,+126,+574,+130,+580,,,-100,+4.996,,+29.2,+4.998,,,,+15.6,+13.9,+58.3,+26.4,,,,,
25.81,1,8,UNKNOWN_DATE_TIME,+40.52909,-78.64901,57,0.0,0.0,+11.6,,,,,17:09:06,+10.8,-0.6,193.9,0.0,+82,+0.0,-0.01,+1.0,99,-42,+21,0.0,29.87,+856,,,208,,,,,0,0,,,+0,,,,+4,,,-12,,,,,,,,,58,+26,1032,1032,11.6,2.3,2.3,29.2,15.6,13.9,31.0,14.4,,+6.1,22.5,18.1,,,,,+126,+597,+128,+606,+126,+574,+131,+581,,,-100,+4.996,,+29.2,+4.998,,,,+15.6,+13.9,+58.3,+26.4,,,,,
26.06,1,8,UNKNOWN_DATE_TIME,+40.52908,-78.64901,55,0.0,0.0,+11.6,,,,,17:09:06,+10.8,-0.6,194.0,0.0,+82,+0.0,-0.01,+1.0,99,-21,+21,0.0,29.87,+856,,,208,,,,,0,0,,,+0,,,,+4,,,-12,,,,,,,,,58,+26,1033,1033,11.6,2.3,2.3,29.2,15.6,13.9,31.0,14.4,,+6.1,22.5,18.1,,,,,+126,+597,+128,+606,+126,+575,+131,+581,,,-100,+4.996,,+29.2,+4.998,,,,+15.6,+13.9,+58.4,+26.4,,,,,
26.31,1,8,UNKNOWN_DATE_TIME,+40.52908,-78.64901,59,0.0,0.0,+11.6,,,,,17:09:06,+10.7,-0.6,194.0,0.0,+82,+0.0,-0.01,+1.0,99,-21,+21,0.0,29.87,+856,,,208,,,,,0,0,,,+0,,,,+4,,,-12,,,,,,,,,58,+26,1024,1024,11.6,2.3,2.3,29.2,15.6,13.9,31.0,14.4,,+6.1,22.5,18.1,,,,,+127,+597,+128,+606,+126,+574,+131,+581,,,-100,+4.996,,+29.2,+4.998,,,,+15.6,+13.9,+58.2,+26.4,,,,,
26.56,1,8,UNKNOWN_DATE_TIME,+40.52908,-78.64901,64,0.0,0.0,+11.6,,,,,17:09:06,+10.7,-0.6,194.0,0.0,+82,+0.0,-0.01,+1.0,99,-15,+21,0.0,29.87,+856,,,208,,,,,0,0,,,+0,,,,+4,,,-12,,,,,,,,,58,+26,1028,1028,11.7,2.3,2.3,29.2,15.6,13.9,31.0,14.4,,+6.1,22.5,18.1,,,,,+127,+597,+128,+606,+126,+574,+131,+580,,,-100,+4.996,,+29.2,+4.998,,,,+15.6,+13.9,+58.1,+26.5,,,,,
26.81,1,8,UNKNOWN_DATE_TIME,+40.52909,-78.64901,69,0.0,0.0,+11.6,,,,,17:09:07,+10.7,-0.6,194.1,0.0,+82,+0.1,-0.01,+1.0,99,-5,+21,0.0,29.87,+856,,,208,,,,,0,0,,,+0,,,,+4,,,-12,,,,,,,,,58,+26,1029,1029,11.7,2.3,2.3,29.2,15.6,13.9,31.0,14.4,,+6.1,22.5,18.1,,,,,+127,+597,+128,+605,+126,+574,+131,+580,,,-100,+4.996,,+29.2,+4.998,,,,+15.6,+13.9,+58.2,+26.5,,,,,
27.06,1,8,UNKNOWN_DATE_TIME,+40.52909,-78.64901,70,0.0,0.0,+11.6,,,,,17:09:07,+10.7,-0.6,194.1,0.0,+82,+0.1,-0.01,+1.0,99,-6,+21,0.0,29.87,+856,,,208,,,,,0,0,,,+0,,,,+4,,,-12,,,,,,,,,58,+26,1028,1028,11.7,2.3,2.3,29.2,15.6,13.9,31.0,14.4,,+6.1,22.5,18.1,,,,,+127,+597,+128,+605,+126,+574,+131,+580,,,-100,+4.996,,+29.2,+4.998,,,,+15.6,+13.9,+58.2,+26.5,,,,,
27.31,1,8,UNKNOWN_DATE_TIME,+40.52909,-78.64901,70,0.0,0.0,+11.6,,,,,17:09:07,+10.8,-0.6,194.1,0.0,+82,+0.0,-0.01,+0.9,99,-12,+21,0.0,29.87,+856,,,208,,,,,0,0,,,+0,,,,+4,,,-12,,,,,,,,,58,+26,1025,1025,11.7,2.3,2.3,29.2,15.6,13.9,31.0,14.4,,+6.1,22.5,18.1,,,,,+127,+597,+128,+605,+126,+574,+131,+580,,,-100,+4.996,,+29.2,+4.998,,,,+15.6,+13.9,+58.2,+26.5,,,,,
27.56,1,8,UNKNOWN_DATE_TIME,+40.52909,-78.64902,73,0.0,0.0,+11.6,,,,,17:09:07,+10.8,-0.6,194.1,0.0,+82,+0.0,-0.01,+1.0,99,+3,+21,0.0,29.87,+856,,,208,,,,,0,0,,,+0,,,,+4,,,-12,,,,,,,,,58,+26,1027,1027,11.7,2.3,2.3,29.2,15.6,13.9,31.0,14.4,,+6.1,22.5,18.1,,,,,+127,+597,+128,+606,+126,+574,+131,+580,,,-100,+4.996,,+29.2,+4.998,,,,+15.6,+13.9,+58.1,+26.5,,,,,
27.81,1,8,UNKNOWN_DATE_TIME,+40.52909,-78.64902,77,0.0,0.0,+11.6,,,,,17:09:08,+10.8,-0.6,194.1,0.0,+82,+0.0,-0.02,+1.0,99,+4,+21,0.0,29.87,+857,,,208,,,,,0,0,,,+0,,,,+4,,,-12,,,,,,,,,58,+27,1025,1025,11.7,2.3,2.3,29.2,15.6,13.9,31.0,14.4,,+6.1,22.5,18.1,,,,,+127,+597,+129,+606,+126,+574,+131,+581,,,-100,+4.996,,+29.2,+4.998,,,,+15.6,+13.9,+58.2,+26.5,,,,,
28.06,1,8,UNKNOWN_DATE_TIME,+40.52909,-78.64902,77,0.0,0.0,+11.6,,,,,17:09:08,+10.8,-0.6,194.1,0.0,+82,+0.0,-0.01,+1.0,99,+2,+21,0.0,29.87,+857,,,208,,,,,0,0,,,+0,,,,+4,,,-12,,,,,,,,,58,+27,1021,1021,11.7,2.3,2.3,29.2,15.6,13.9,31.0,14.4,,+6.1,22.5,18.1,,,,,+127,+597,+129,+606,+126,+573,+131,+581,,,-100,+4.996,,+29.2,+4.998,,,,+15.6,+13.9,+58.0,+26.5,,,,,
28.31,1,8,UNKNOWN_DATE_TIME,+40.52909,-78.64902,77,0.0,0.0,+11.6,,,,,17:09:08,+10.8,-0.6,194.1,0.0,+82,+0.0,-0.01,+1.0,99,+6,+21,0.0,29.87,+857,,,208,,,,,0,0,,,+0,,,,+4,,,-12,,,,,,,,,58,+27,1020,1020,11.7,2.3,2.3,29.2,15.6,13.9,31.0,14.4,,+6.1,22.5,18.1,,,,,+127,+597,+129,+605,+126,+574,+131,+581,,,-100,+4.996,,+29.2,+4.998,,,,+15.6,+13.9,+58.0,+26.5,,,,,
28.56,1,8,UNKNOWN_DATE_TIME,+40.52909,-78.64902,75,0.0,0.0,+11.6,,,,,17:09:08,+10.8,-0.6,194.1,0.0,+82,+0.0,-0.01,+0.9,99,+1,+21,0.0,29.87,+857,,,208,,,,,0,0,,,+0,,,,+4,,,-12,,,,,,,,,58,+27,1018,1018,11.8,2.3,2.3,29.2,15.6,13.9,31.0,14.4,,+6.1,22.5,18.1,,,,,+127,+597,+129,+605,+126,+575,+131,+581,,,-100,+4.996,,+29.2,+4.998,,,,+15.6,+13.9,+57.9,+26.5,,,,,
28.81,1,8,UNKNOWN_DATE_TIME,+40.52909,-78.64902,75,0.0,0.0,+11.6,,,,,17:09:09,+10.8,-0.6,194.1,0.0,+82,-0.0,-0.02,+1.0,99,-20,+21,0.0,29.87,+857,,,208,,,,,0,0,,,+0,,,,+4,,,-12,,,,,,,,,58,+27,1019,1019,11.8,2.3,2.3,29.2,15.6,13.9,31.0,14.4,,+6.1,22.5,18.1,,,,,+127,+598,+129,+605,+126,+575,+131,+582,,,-100,+4.996,,+29.2,+4.998,,,,+15.6,+13.9,+57.9,+26.6,,,,,
29.06,1,8,UNKNOWN_DATE_TIME,+40.52909,-78.64902,76,0.0,0.0,+11.6,,,,,17:09:09,+10.8,-0.6,194.1,0.0,+82,-0.0,-0.01,+1.0,99,-28,+21,0.0,29.87,+857,,,208,,,,,0,0,,,+0,,,,+4,,,+14,,,,,,,,,58,+27,1021,1021,11.8,2.3,2.3,29.2,15.6,13.9,31.0,14.4,,+6.1,22.5,18.1,,,,,+127,+598,+129,+604,+126,+575,+131,+582,,,-100,+4.996,,+29.2,+4.998,,,,+15.6,+13.9,+57.9,+26.6,,,,,
29.31,1,8,UNKNOWN_DATE_TIME,+40.52909,-78.64902,79,0.0,0.0,+11.6,,,,,17:09:09,+10.8,-0.6,194.0,0.0,+82,-0.0,-0.02,+1.0,99,-15,+21,0.0,29.87,+857,,,208,,,,,0,0,,,+0,,,,+4,,,+44,,,,,,,,,58,+27,1021,1021,11.8,2.3,2.3,29.2,15.6,13.9,31.0,14.4,,+6.1,22.5,18.1,,,,,+127,+597,+129,+605,+126,+575,+131,+581,,,-100,+4.996,,+29.2,+4.998,,,,+15.6,+13.9,+58.0,+26.6,,,,,
29.56,1,8,UNKNOWN_DATE_TIME,+40.52909,-78.64901,81,0.0,0.0,+11.6,,,,,17:09:09,+10.8,-0.6,193.9,0.0,+82,-0.1,-0.01,+0.9,99,+7,+21,0.0,29.87,+857,,,208,,,,,0,0,,,+0,,,,+5,,,+48,,,,,,,,,58,+27,1017,1017,11.8,2.3,2.3,29.2,15.6,13.9,31.0,14.4,,+6.1,22.5,18.1,,,,,+127,+597,+129,+605,+126,+575,+131,+581,,,-100,+4.996,,+29.2,+4.998,,,,+15.6,+13.9,+57.9,+26.6,,,,,
29.81,1,8,UNKNOWN_DATE_TIME,+40.52909,-78.64901,80,0.0,0.0,+11.6,,,,,17:09:10,+10.8,-0.6,193.8,0.0,+82,-0.1,-0.01,+0.9,99,+25,+21,0.0,29.87,+857,,,208,,,,,0,0,,,+0,,,,+5,,,+48,,,,,,,,,58,+27,1019,1019,11.8,2.3,2.3,29.2,15.6,13.9,31.0,14.4,,+6.1,22.5,18.1,,,,,+127,+597,+129,+605,+126,+575,+131,+581,,,-100,+4.996,,+29.2,+4.998,,,,+15.6,+13.9,+57.9,+26.6,,,,,
30.06,1,8,UNKNOWN_DATE_TIME,+40.52909,-78.64901,78,0.0,0.0,+11.6,,,,,17:09:10,+10.8,-0.6,193.7,0.0,+82,-0.2,-0.02,+1.0,99,+8,+21,0.0,29.87,+857,,,208,,,,,0,0,,,+0,,,,+5,,,+48,,,,,,,,,58,+27,1022,1022,11.8,2.3,2.3,29.2,15.6,13.9,31.0,14.4,,+6.1,22.5,18.1,,,,,+127,+597,+129,+605,+126,+575,+131,+581,,,-100,+4.996,,+29.2,+4.998,,,,+15.6,+13.9,+57.9,+26.6,,,,,
30.31,1,8,UNKNOWN_DATE_TIME,+40.52909,-78.64901,78,0.0,0.0,+11.6,,,,,17:09:10,+10.8,-0.7,193.7,0.0,+82,-0.2,-0.01,+1.0,99,+0,+21,0.0,29.87,+857,,,208,,,,,0,0,,,+0,,,,+5,,,+48,,,,,,,,,58,+27,1023,1023,11.8,2.3,2.3,29.2,15.6,13.9,31.0,14.4,,+6.1,22.5,18.1,,,,,+127,+597,+129,+605,+126,+575,+131,+581,,,-100,+4.996,,+29.2,+4.998,,,,+15.6,+13.9,+58.0,+26.7,,,,,
30.56,1,8,UNKNOWN_DATE_TIME,+40.52909,-78.64901,79,0.0,0.0,+11.6,,,,,17:09:10,+10.8,-0.7,193.6,0.0,+82,-0.2,-0.01,+1.0,99,+17,+21,0.0,29.87,+857,,,208,,,,,0,0,,,+0,,,,+5,,,+48,,,,,,,,,58,+27,1015,1015,11.9,2.3,2.3,29.2,15.6,13.9,31.0,14.4,,+6.1,22.5,18.1,,,,,+127,+597,+129,+605,+127,+575,+131,+581,,,-100,+4.996,,+29.2,+4.998,,,,+15.6,+13.9,+57.9,+26.7,,,,,
30.81,1,8,UNKNOWN_DATE_TIME,+40.52909,-78.64901,78,0.0,0.0,+11.6,,,,,17:09:11,+10.8,-0.6,193.6,0.0,+82,-0.2,-0.01,+1.0,99,+12,+21,0.0,29.87,+857,,,208,,,,,0,0,,,+0,,,,+5,,,+48,,,,,,,,,58,+27,1015,1015,11.9,2.3,2.3,29.2,15.6,13.9,31.0,14.4,,+6.1,22.5,18.1,,,,,+127,+598,+129,+605,+127,+575,+132,+581,,,-100,+4.996,,+29.2,+4.998,,,,+15.6,+13.9,+57.8,+26.7,,,,,
31.06,1,8,UNKNOWN_DATE_TIME,+40.52909,-78.64901,78,0.0,0.0,+11.6,,,,,17:09:11,+10.8,-0.6,193.5,0.0,+82,-0.2,-0.01,+1.0,99,+20,+21,0.0,29.87,+857,,,208,,,,,0,0,,,+0,,,,+6,,,+48,,,,,,,,,58,+27,1010,1010,11.9,2.3,2.3,29.2,15.6,13.9,31.0,14.4,,+6.1,22.5,18.1,,,,,+127,+597,+129,+606,+127,+575,+131,+580,,,-100,+4.996,,+29.2,+4.998,,,,+15.6,+13.9,+57.7,+26.7,,,,,
31.31,1,8,UNKNOWN_DATE_TIME,+40.52909,-78.64901,78,0.0,0.0,+11.6,,,,,17:09:11,+10.8,-0.6,193.5,0.0,+82,-0.2,-0.01,+0.9,99,+8,+21,0.0,29.87,+857,,,208,,,,,0,0,,,+0,,,,+6,,,+48,,,,,,,,,58,+27,1006,1006,11.9,2.3,2.3,29.2,15.6,13.9,31.0,14.4,,+6.0,22.5,18.1,,,,,+127,+598,+129,+605,+127,+575,+132,+580,,,-100,+4.996,,+29.2,+4.998,,,,+15.6,+13.9,+57.6,+26.7,,,,,
31.56,1,8,UNKNOWN_DATE_TIME,+40.52909,-78.64902,76,0.0,0.0,+11.6,,,,,17:09:11,+10.8,-0.6,193.4,0.0,+82,-0.2,-0.01,+1.0,99,-1,+21,0.0,29.87,+857,,,208,,,,,0,0,,,+0,,,,+6,,,+48,,,,,,,,,58,+27,1006,1006,12.0,2.3,2.3,29.2,15.6,13.9,31.0,14.4,,+6.0,22.5,18.1,,,,,+127,+597,+129,+605,+127,+575,+132,+580,,,-100,+4.996,,+29.2,+4.998,,,,+15.6,+13.9,+57.6,+26.7,,,,,
31.81,1,8,UNKNOWN_DATE_TIME,+40.52909,-78.64901,77,0.0,0.0,+11.6,,,,,17:09:12,+10.7,-0.6,193.4,0.0,+82,-0.2,-0.02,+1.0,99,+5,+21,0.0,29.87,+857,,,208,,,,,0,0,,,+0,,,,+6,,,+48,,,,,,,,,58,+27,1002,1002,12.0,2.3,2.3,29.2,15.6,13.9,31.0,14.4,,+6.0,22.5,18.1,,,,,+127,+597,+129,+605,+127,+575,+132,+581,,,-100,+4.996,,+29.2,+4.998,,,,+15.6,+13.9,+57.6,+26.7,,,,,
32.06,1,8,UNKNOWN_DATE_TIME,+40.52909,-78.64901,77,0.0,0.0,+11.6,,,,,17:09:12,+10.7,-0.6,193.3,0.0,+82,-0.2,-0.01,+1.0,99,+2,+21,0.0,29.87,+857,,,208,,,,,0,0,,,+0,,,,+6,,,+48,,,,,,,,,57,+27,1005,1005,12.0,2.3,2.3,29.1,15.6,13.9,31.0,14.4,,+6.0,22.5,18.1,,,,,+127,+598,+129,+605,+127,+575,+132,+581,,,-100,+4.996,,+29.1,+4.998,,,,+15.6,+13.9,+57.4,+26.7,,,,,
32.31,1,8,UNKNOWN_DATE_TIME,+40.52909,-78.64901,76,0.0,0.0,+11.6,,,,,17:09:12,+10.8,-0.7,193.2,0.0,+82,-0.2,-0.01,+1.0,99,+6,+21,0.0,29.87,+857,,,208,,,,,0,0,,,+0,,,,+6,,,+48,,,,,,,,,58,+27,1063,1063,12.8,2.3,2.3,28.9,15.6,13.9,31.0,14.4,,+6.0,22.5,18.1,,,,,+127,+598,+129,+605,+127,+575,+132,+580,,,-100,+4.996,,+28.9,+4.998,,,,+15.6,+13.9,+58.0,+26.8,,,,,
32.56,1,8,UNKNOWN_DATE_TIME,+40.52909,-78.64901,74,0.0,0.0,+11.6,,,,,17:09:12,+10.8,-0.7,193.0,0.0,+82,-0.3,-0.02,+0.9,99,+13,+21,0.0,29.87,+857,,,208,,,,,0,0,,,+0,,,,+7,,,+48,,,,,,,,,61,+27,1181,1181,14.5,2.5,2.5,28.7,15.6,13.9,31.0,14.5,,+6.1,22.5,18.1,,,,,+127,+597,+129,+605,+127,+575,+132,+580,,,-100,+4.996,,+28.7,+4.998,,,,+15.6,+13.9,+60.5,+26.8,,,,,
32.81,1,8,UNKNOWN_DATE_TIME,+40.52909,-78.64901,71,0.1,0.0,+11.6,,,,,17:09:13,+10.8,-0.8,192.6,0.0,+82,-0.5,-0.03,+1.0,99,+15,+21,0.0,29.87,+858,,,208,,,,,0,0,,,+0,,,,+7,,,+48,,,,,,,,,64,+27,1278,1278,15.3,2.5,2.5,28.9,15.6,13.9,31.0,14.5,,+6.1,22.5,18.1,,,,,+127,+597,+129,+605,+127,+575,+132,+580,,,-100,+4.996,,+28.9,+4.998,,,,+15.6,+13.9,+63.7,+26.8,,,,,
33.06,1,8,UNKNOWN_DATE_TIME,+40.52909,-78.64901,70,0.1,0.0,+11.6,,,,,17:09:13,+11.0,-0.8,191.7,0.0,+82,-0.9,-0.04,+1.0,99,+21,+21,0.0,29.87,+858,,,208,,,,,0,0,,,+0,,,,+7,,,+48,,,,,,,,,66,+27,1341,1341,15.4,2.7,2.7,29.0,15.6,13.9,31.0,14.5,,+6.1,22.5,18.1,,,,,+127,+597,+129,+606,+127,+575,+132,+581,,,-100,+4.996,,+29.0,+4.998,,,,+15.6,+13.9,+65.8,+26.8,,,,,
33.31,1,8,UNKNOWN_DATE_TIME,+40.52909,-78.64901,69,0.2,0.0,+11.6,,,,,17:09:13,+11.1,-0.8,190.3,0.0,+82,-1.6,-0.05,+1.0,99,+25,+21,0.0,29.87,+858,,,208,,,,,0,0,,,+0,,,,+7,,,+48,,,,,,,,,67,+27,1385,1385,15.4,2.7,2.7,29.1,15.6,13.9,31.0,14.5,,+6.1,22.5,18.1,,,,,+128,+598,+129,+606,+127,+576,+132,+581,,,-100,+4.996,,+29.1,+4.998,,,,+15.6,+13.9,+67.1,+26.8,,,,,
33.56,1,8,UNKNOWN_DATE_TIME,+40.52909,-78.64901,66,0.4,0.0,+11.6,,,,,17:09:13,+11.2,-0.9,188.2,0.0,+82,-2.6,-0.05,+0.9,99,+24,+21,0.0,29.87,+858,,,208,,,,,0,0,,,+0,,,,+7,,,+48,,,,,,,,,68,+27,1418,1418,15.3,2.8,2.8,29.1,15.6,13.9,31.0,14.5,,+6.1,22.5,18.1,,,,,+128,+599,+130,+608,+127,+577,+132,+581,,,-100,+4.996,,+29.1,+4.998,,,,+15.6,+13.9,+68.2,+26.8,,,,,
33.81,1,8,UNKNOWN_DATE_TIME,+40.52908,-78.64901,65,0.5,0.0,+11.6,,,,,17:09:14,+11.2,-0.9,185.6,0.0,+82,-3.9,-0.05,+0.9,99,+23,+21,0.0,29.87,+858,,,208,,,,,0,0,,,+0,,,,+7,,,+48,,,,,,,,,69,+27,1443,1443,15.0,2.8,2.8,29.1,15.6,13.9,31.0,14.5,,+6.2,22.5,18.1,,,,,+128,+600,+130,+609,+127,+578,+132,+582,,,-100,+4.996,,+29.1,+4.998,,,,+15.6,+13.9,+68.9,+26.8,,,,,
34.06,1,8,UNKNOWN_DATE_TIME,+40.52908,-78.64901,63,0.7,0.0,+11.6,,,,,17:09:14,+11.3,-0.9,182.3,0.0,+82,-5.5,-0.05,+0.9,99,+25,+21,0.0,29.87,+858,,,208,,,,,0,0,,,+0,,,,+7,,,+48,,,,,,,,,69,+27,1460,1460,14.7,3.0,3.0,29.1,15.6,13.9,31.0,14.5,,+6.2,22.5,18.1,,,,,+128,+602,+130,+611,+127,+579,+132,+584,,,-100,+4.996,,+29.1,+4.998,,,,+15.6,+13.9,+69.4,+26.9,,,,,
34.31,1,8,UNKNOWN_DATE_TIME,+40.52908,-78.64901,62,0.9,0.0,+11.6,,,,,17:09:14,+11.3,-0.9,178.1,0.0,+82,-7.3,-0.05,+1.0,99,+37,+21,0.0,29.87,+858,,,208,,,,,0,0,,,+0,,,,+7,,,+48,,,,,,,,,70,+27,1472,1472,14.4,3.0,3.0,29.1,15.6,13.9,31.0,14.5,,+6.2,22.5,18.1,,,,,+128,+604,+130,+612,+127,+580,+132,+585,,,-100,+4.996,,+29.1,+4.998,,,,+15.6,+13.9,+69.6,+26.9,,,,,
34.56,1,8,UNKNOWN_DATE_TIME,+40.52907,-78.64901,61,2.4,102.1,+11.6,,,,,17:09:14,+11.3,-0.9,173.2,0.0,+82,-9.5,-0.03,+0.9,99,+55,+21,0.0,29.87,+858,,,208,,,,,0,0,,,+0,,,,+7,,,+48,,,,,,,,,70,+27,1480,1480,14.2,3.1,3.1,29.1,15.6,13.9,31.0,14.5,,+6.2,22.5,18.1,,,,,+128,+606,+130,+614,+127,+581,+132,+586,,,-100,+4.996,,+29.1,+4.998,,,,+15.6,+13.9,+69.8,+26.9,,,,,
34.81,1,8,UNKNOWN_DATE_TIME,+40.52907,-78.64901,60,2.4,149.0,+11.6,,,,,17:09:15,+11.4,-0.8,167.8,0.0,+82,-11.7,-0.02,+1.0,99,+38,+21,0.0,29.87,+858,,,208,,,,,0,0,,,+0,,,,+7,,,+48,,,,,,,,,70,+27,1486,1486,14.1,3.1,3.1,29.1,15.6,13.9,31.0,14.5,,+6.2,22.5,18.1,,,,,+128,+607,+130,+616,+127,+582,+132,+588,,,-100,+4.996,,+29.1,+4.998,,,,+15.6,+13.9,+70.0,+26.9,,,,,
35.06,1,8,UNKNOWN_DATE_TIME,+40.52907,-78.64901,59,3.0,155.1,+11.6,,,,,17:09:15,+11.4,-0.3,161.9,0.0,+82,-13.9,+0.01,+1.0,99,+30,+21,0.0,29.87,+858,,,208,,,,,0,0,,,+0,,,,+7,,,+48,,,,,,,,,70,+27,1491,1491,13.9,3.2,3.2,29.1,15.6,13.9,31.0,14.5,,+6.2,22.5,18.1,,,,,+128,+609,+130,+617,+128,+584,+132,+590,,,-100,+4.996,,+29.1,+4.998,,,,+15.6,+13.9,+70.0,+26.9,,,,,
35.31,1,8,UNKNOWN_DATE_TIME,+40.52907,-78.64901,58,3.1,150.3,+11.6,,,,,17:09:15,+11.4,+0.0,155.7,0.0,+82,-16.0,+0.03,+0.9,99,+25,+21,0.0,29.87,+858,,,208,,,,,0,0,,,+0,,,,+7,,,+47,,,,,,,,,70,+27,1496,1496,13.9,3.2,3.2,29.1,15.6,13.9,31.0,14.5,,+6.3,22.5,18.1,,,,,+128,+611,+130,+619,+128,+584,+132,+591,,,-100,+4.996,,+29.1,+4.998,,,,+15.6,+13.9,+70.2,+26.9,,,,,
35.56,1,8,UNKNOWN_DATE_TIME,+40.52906,-78.64900,57,3.5,145.3,+11.6,,,,,17:09:15,+11.4,+0.3,149.5,0.0,+82,-17.9,+0.07,+0.7,99,+19,+21,0.0,29.87,+858,,,208,,,,,0,0,,,+0,,,,+8,,,+43,,,,,,,,,70,+27,1497,1497,13.8,3.3,3.3,29.1,15.6,13.9,31.0,14.5,,+6.3,22.5,18.1,,,,,+128,+614,+130,+621,+128,+586,+132,+592,,,-100,+4.996,,+29.1,+4.998,,,,+15.6,+13.9,+70.2,+27.0,,,,,
35.81,1,8,UNKNOWN_DATE_TIME,+40.52906,-78.64900,58,3.5,143.6,+11.6,,,,,17:09:16,+11.4,+0.3,143.7,0.0,+82,-19.2,+0.08,+0.9,99,-8,+21,0.0,29.87,+857,,,208,,,,,0,0,,,+0,,,,+9,,,+43,,,,,,,,,70,+27,1497,1497,13.7,3.3,3.3,29.1,15.6,13.9,31.0,14.5,,+6.3,22.5,18.1,,,,,+128,+616,+130,+622,+128,+587,+132,+594,,,-100,+4.996,,+29.1,+4.998,,,,+15.6,+13.9,+70.1,+27.0,,,,,
36.06,1,8,UNKNOWN_DATE_TIME,+40.52906,-78.64900,58,3.5,135.0,+11.6,,,,,17:09:16,+11.5,+0.5,138.5,0.0,+82,-19.9,+0.08,+1.1,99,+10,+21,0.0,29.87,+857,,,208,,,,,0,0,,,+0,,,,+9,,,+42,,,,,,,,,70,+27,1499,1499,13.7,3.4,3.4,29.0,15.6,13.9,31.0,14.5,,+6.3,22.5,18.1,,,,,+128,+617,+130,+623,+128,+588,+132,+595,,,-100,+4.996,,+29.0,+4.998,,,,+15.6,+13.9,+70.0,+27.0,,,,,
36.31,1,8,UNKNOWN_DATE_TIME,+40.52906,-78.64899,58,3.7,133.3,+11.6,,,,,17:09:16,+11.6,+0.3,133.3,0.0,+82,-20.2,+0.08,+0.8,99,+5,+21,0.0,29.87,+857,,,208,,,,,0,0,,,+0,,,,+10,,,+37,,,,,,,,,70,+27,1498,1498,13.7,3.4,3.4,29.0,15.6,13.9,31.0,14.5,,+6.3,22.5,18.1,,,,,+128,+619,+130,+625,+128,+589,+132,+596,,,-100,+4.996,,+29.0,+4.998,,,,+15.6,+13.9,+70.0,+27.0,,,,,
36.56,1,8,UNKNOWN_DATE_TIME,+40.52905,-78.64898,56,3.9,129.3,+11.6,,,,,17:09:16,+11.9,+0.3,128.3,0.0,+82,-20.3,+0.09,+1.0,99,+10,+21,0.0,29.87,+857,,,208,,,,,0,0,,,+0,,,,+10,,,+23,,,,,,,,,70,+27,1496,1496,13.7,3.4,3.4,29.0,15.6,13.9,31.0,14.5,,+6.3,22.5,18.1,,,,,+128,+619,+130,+626,+128,+590,+133,+597,,,-100,+4.996,,+29.0,+4.998,,,,+15.6,+13.9,+70.1,+27.0,,,,,
36.81,1,8,UNKNOWN_DATE_TIME,+40.52905,-78.64898,55,3.9,126.4,+11.6,,,,,17:09:17,+12.1,-0.6,123.4,0.0,+82,-20.2,+0.09,+1.0,99,+2,+21,0.0,29.87,+857,,,208,,,,,0,0,,,+0,,,,+11,,,+27,,,,,,,,,70,+27,1493,1493,13.7,3.4,3.4,29.0,15.6,13.9,31.0,14.5,,+6.3,22.5,18.1,,,,,+128,+621,+131,+627,+128,+591,+133,+598,,,-100,+4.996,,+29.0,+4.998,,,,+15.6,+13.9,+69.9,+27.0,,,,,
37.06,1,8,UNKNOWN_DATE_TIME,+40.52904,-78.64898,55,3.9,121.3,+11.6,,,,,17:09:17,+12.4,-0.2,119.1,0.0,+82,-19.9,+0.09,+1.4,99,+8,+21,0.0,29.87,+857,,,208,,,,,0,0,,,+0,,,,+11,,,+38,,,,,,,,,70,+27,1490,1490,13.7,3.5,3.5,29.0,15.6,13.9,31.0,14.5,,+6.3,22.5,18.1,,,,,+128,+623,+131,+628,+128,+592,+133,+599,,,-100,+4.996,,+29.0,+4.998,,,,+15.6,+13.9,+69.9,+27.1,,,,,
37.31,1,8,UNKNOWN_DATE_TIME,+40.52904,-78.64897,56,4.0,117.4,+11.6,,,,,17:09:17,+12.6,-0.5,115.4,0.0,+82,-19.2,+0.10,+1.4,99,-13,+21,0.0,29.87,+857,,,208,,,,,0,0,,,+0,,,,+10,,,+48,,,,,,,,,70,+27,1487,1487,13.7,3.5,3.5,29.0,15.6,13.9,31.0,14.5,,+6.3,22.5,18.1,,,,,+128,+624,+131,+629,+128,+592,+133,+600,,,-100,+4.996,,+29.0,+4.998,,,,+15.6,+13.9,+69.9,+27.1,,,,,
37.56,1,8,UNKNOWN_DATE_TIME,+40.52904,-78.64896,56,3.8,110.4,+11.6,,,,,17:09:17,+12.6,-0.1,112.6,0.0,+82,-18.1,+0.09,+0.9,99,-18,+21,0.0,29.87,+857,,,208,,,,,0,0,,,+0,,,,+9,,,+48,,,,,,,,,70,+27,1482,1482,13.5,3.6,3.6,29.0,15.6,13.9,31.0,14.5,,+6.3,22.5,18.1,,,,,+128,+625,+131,+630,+128,+593,+133,+601,,,-100,+4.996,,+29.0,+4.998,,,,+15.6,+13.9,+69.7,+27.1,,,,,
37.81,1,8,UNKNOWN_DATE_TIME,+40.52904,-78.64896,56,3.8,109.2,+11.6,,,,,17:09:18,+12.5,-0.2,110.2,0.0,+82,-16.6,+0.10,+0.9,99,+6,+21,0.0,29.87,+857,,,208,,,,,0,0,,,+0,,,,+9,,,+47,,,,,,,,,70,+27,1478,1478,13.5,3.6,3.6,29.0,15.6,13.9,31.0,14.5,,+6.3,22.5,18.1,,,,,+128,+626,+131,+631,+128,+594,+133,+602,,,-100,+4.996,,+29.0,+4.998,,,,+15.6,+13.9,+69.6,+27.1,,,,,
38.06,1,8,UNKNOWN_DATE_TIME,+40.52904,-78.64894,57,3.9,101.5,+11.6,,,,,17:09:18,+12.7,-0.8,108.4,0.0,+82,-15.0,+0.06,+0.9,99,-7,+21,0.0,29.87,+857,,,208,,,,,0,0,,,+0,,,,+5,,,+31,,,,,,,,,69,+27,1475,1475,13.5,3.6,3.6,29.0,15.6,13.9,31.0,14.5,,+6.3,22.5,18.1,,,,,+128,+626,+131,+632,+128,+595,+133,+602,,,-100,+4.996,,+29.0,+4.998,,,,+15.6,+13.9,+69.5,+27.1,,,,,
38.31,1,8,UNKNOWN_DATE_TIME,+40.52904,-78.64894,57,3.8,100.6,+11.6,,,,,17:09:18,+12.7,+0.4,107.3,0.0,+82,-13.1,+0.08,+1.1,99,-14,+21,0.0,29.87,+857,,,208,,,,,0,0,,,+0,,,,+4,,,+10,,,,,,,,,69,+27,1473,1473,13.5,3.6,3.6,29.0,15.6,13.9,31.0,14.5,,+6.3,22.5,18.1,,,,,+129,+627,+131,+633,+128,+596,+133,+603,,,-100,+4.996,,+29.0,+4.998,,,,+15.6,+13.9,+69.4,+27.2,,,,,
38.56,1,8,UNKNOWN_DATE_TIME,+40.52904,-78.64894,58,4.1,96.7,+11.6,,,,,17:09:18,+12.7,-0.5,106.0,0.0,+82,-11.5,+0.03,+1.1,99,-10,+21,0.0,29.87,+857,,,208,,,,,0,0,,,+0,,,,+8,,,+10,,,,,,,,,69,+27,1475,1475,13.7,3.7,3.7,29.0,15.6,13.9,31.0,14.5,,+6.3,22.5,18.1,,,,,+129,+628,+131,+633,+128,+596,+133,+604,,,-100,+4.996,,+29.0,+4.998,,,,+15.6,+13.9,+69.4,+27.2,,,,,
38.81,1,8,UNKNOWN_DATE_TIME,+40.52904,-78.64893,58,4.2,95.5,+11.6,,,,,17:09:19,+12.7,+0.5,104.6,0.0,+82,-10.1,+0.04,+0.9,99,-34,+21,0.0,29.87,+857,,,208,,,,,0,0,,,+0,,,,+8,,,+13,,,,,,,,,69,+27,1472,1472,13.7,3.7,3.7,29.0,15.6,13.9,31.0,14.5,,+6.3,22.5,18.1,,,,,+129,+629,+131,+634,+128,+597,+133,+605,,,-100,+4.996,,+29.0,+4.998,,,,+15.6,+13.9,+69.4,+27.2,,,,,
39.06,1,7,UNKNOWN_DATE_TIME,+40.52904,-78.64892,59,4.3,93.4,+11.6,,,,,17:09:19,+12.6,-0.4,103.2,0.0,+82,-9.2,+0.02,+0.5,99,-13,+21,0.0,29.87,+857,,,208,,,,,0,0,,,+0,,,,+9,,,+13,,,,,,,,,69,+27,1475,1475,13.7,3.7,3.7,29.0,15.6,13.9,31.0,14.5,,+6.3,22.5,18.1,,,,,+129,+630,+131,+635,+129,+598,+133,+606,,,-100,+4.996,,+29.0,+4.998,,,,+15.6,+13.9,+69.3,+27.2,,,,,
39.31,1,7,UNKNOWN_DATE_TIME,+40.52904,-78.64891,59,4.2,90.7,+11.6,,,,,17:09:19,+12.3,+0.5,101.6,0.0,+82,-8.4,+0.04,+0.7,99,-17,+21,0.0,29.87,+857,,,208,,,,,0,0,,,+0,,,,+7,,,+13,,,,,,,,,69,+27,1473,1473,13.7,3.7,3.7,29.0,15.6,13.9,31.0,14.5,,+6.3,22.5,18.1,,,,,+129,+631,+131,+636,+129,+598,+133,+606,,,-100,+4.996,,+29.0,+4.998,,,,+15.6,+13.9,+69.4,+27.2,,,,,
39.56,1,7,UNKNOWN_DATE_TIME,+40.52905,-78.64891,58,4.1,85.6,+11.6,,,,,17:09:19,+12.8,-0.9,99.7,0.0,+82,-8.1,+0.01,+1.0,99,-20,+21,0.0,29.87,+857,,,208,,,,,0,0,,,+0,,,,+7,,,+14,,,,,,,,,69,+27,1475,1475,13.7,3.7,3.7,29.0,15.6,13.9,31.0,14.5,,+6.2,22.5,18.1,,,,,+129,+631,+131,+637,+129,+599,+133,+607,,,-100,+4.996,,+29.0,+4.998,,,,+15.6,+13.9,+69.3,+27.2,,,,,
39.81,1,8,UNKNOWN_DATE_TIME,+40.52905,-78.64891,58,4.1,84.8,+11.6,,,,,17:09:20,+12.7,+0.5,98.0,0.0,+82,-7.8,+0.04,+1.1,99,-27,+21,0.0,29.87,+857,,,208,,,,,0,0,,,+0,,,,+7,,,+14,,,,,,,,,69,+27,1471,1471,13.7,3.7,3.7,29.0,15.6,13.9,31.0,14.5,,+6.2,22.5,18.1,,,,,+129,+631,+132,+637,+129,+600,+133,+608,,,-100,+4.996,,+29.0,+4.998,,,,+15.6,+13.9,+69.3,+27.2,,,,,
40.06,1,8,UNKNOWN_DATE_TIME,+40.52905,-78.64889,59,4.2,82.4,+11.6,,,,,17:09:20,+12.7,-1.8,95.9,0.0,+82,-7.8,+0.01,+0.9,99,-31,+21,0.0,29.87,+857,,,208,,,,,0,0,,,+0,,,,+8,,,+15,,,,,,,,,69,+27,1474,1474,13.7,3.7,3.7,29.0,15.6,13.9,31.0,14.5,,+6.2,22.5,18.1,,,,,+129,+632,+132,+638,+129,+600,+133,+608,,,-100,+4.996,,+29.0,+4.998,,,,+15.6,+13.9,+69.2,+27.3,,,,,
40.31,1,8,UNKNOWN_DATE_TIME,+40.52905,-78.64889,60,4.4,80.2,+11.6,,,,,17:09:20,+12.8,-0.3,93.8,0.0,+82,-7.9,+0.02,+1.0,99,-52,+21,0.0,29.87,+857,,,208,,,,,0,0,,,+0,,,,+2,,,+13,,,,,,,,,69,+27,1471,1471,13.7,3.7,3.7,29.0,15.6,13.9,31.0,14.5,,+6.2,22.5,18.1,,,,,+129,+632,+132,+639,+129,+601,+134,+609,,,-100,+4.996,,+29.0,+4.998,,,,+15.6,+13.9,+69.2,+27.3,,,,,
40.56,1,8,UNKNOWN_DATE_TIME,+40.52906,-78.64888,60,4.7,78.7,+11.6,,,,,17:09:20,+13.0,-2.9,91.4,0.0,+82,-8.1,+0.02,+1.0,99,-52,+21,0.0,29.87,+857,,,208,,,,,0,0,,,+0,,,,+8,,,+13,,,,,,,,,69,+27,1478,1478,13.7,3.8,3.8,28.9,15.6,13.8,31.0,14.5,,+6.2,22.5,18.1,,,,,+129,+633,+132,+639,+129,+602,+134,+610,,,-100,+4.996,,+28.9,+4.998,,,,+15.6,+13.8,+69.2,+27.3,,,,,
40.81,1,8,UNKNOWN_DATE_TIME,+40.52906,-78.64887,60,4.8,78.2,+11.6,,,,,17:09:21,+12.9,-0.2,89.5,0.0,+82,-8.2,+0.01,+1.1,99,-55,+21,0.0,29.87,+857,,,208,,,,,0,0,,,+0,,,,+3,,,+9,,,,,,,,,69,+27,1479,1479,13.7,3.8,3.8,29.0,15.6,13.8,31.0,14.5,,+6.2,22.5,18.1,,,,,+129,+633,+132,+640,+129,+602,+134,+611,,,-100,+4.996,,+29.0,+4.998,,,,+15.6,+13.8,+69.3,+27.3,,,,,
41.06,1,8,UNKNOWN_DATE_TIME,+40.52906,-78.64886,60,4.7,79.0,+11.6,,,,,17:09:21,+13.0,-1.6,87.2,0.0,+82,-8.4,+0.02,+1.2,99,-38,+21,0.0,29.87,+857,,,208,,,,,0,0,,,+0,,,,+7,,,+9,,,,,,,,,69,+27,1488,1488,13.7,3.8,3.8,28.9,15.6,13.8,31.0,14.5,,+6.2,22.5,18.1,,,,,+129,+633,+132,+640,+129,+602,+134,+611,,,-100,+4.996,,+28.9,+4.998,,,,+15.6,+13.8,+69.3,+27.4,,,,,
41.31,1,8,UNKNOWN_DATE_TIME,+40.52906,-78.64886,60,4.5,74.9,+11.6,,,,,17:09:21,+12.5,+1.3,85.4,0.0,+82,-8.4,+0.02,+0.7,99,-32,+21,0.0,29.87,+857,,,208,,,,,0,0,,,+0,,,,+5,,,+10,,,,,,,,,70,+27,1489,1489,13.7,3.8,3.8,29.0,15.6,13.8,31.0,14.5,,+6.2,22.5,18.1,,,,,+129,+633,+132,+641,+129,+603,+134,+612,,,-100,+4.996,,+29.0,+4.998,,,,+15.6,+13.8,+69.6,+27.4,,,,,
41.56,1,8,UNKNOWN_DATE_TIME,+40.52906,-78.64885,60,4.4,73.0,+11.6,,,,,17:09:21,+12.7,-0.9,83.1,0.0,+82,-8.4,+0.07,+0.6,99,-13,+21,0.0,29.87,+857,,,208,,,,,0,0,,,+0,,,,+12,,,+11,,,,,,,,,70,+27,1501,1501,13.9,3.8,3.8,28.9,15.6,13.8,31.0,14.5,,+6.2,22.5,18.1,,,,,+129,+634,+132,+641,+129,+604,+134,+613,,,-100,+4.996,,+28.9,+4.998,,,,+15.6,+13.8,+69.5,+27.4,,,,,
41.81,1,8,UNKNOWN_DATE_TIME,+40.52906,-78.64885,60,4.4,72.7,+11.6,,,,,17:09:22,+12.6,-0.2,81.4,0.0,+82,-8.3,+0.01,+0.8,99,-5,+21,0.0,29.87,+857,,,208,,,,,0,0,,,+0,,,,+8,,,+6,,,,,,,,,70,+27,1524,1524,14.1,3.8,3.8,28.9,15.6,13.8,31.0,14.5,,+6.2,22.5,18.1,,,,,+130,+635,+132,+642,+129,+604,+134,+613,,,-100,+4.996,,+28.9,+4.998,,,,+15.6,+13.8,+70.1,+27.4,,,,,
42.06,1,7,UNKNOWN_DATE_TIME,+40.52907,-78.64884,61,4.6,69.9,+11.6,,,,,17:09:22,+12.6,+0.0,79.7,0.0,+82,-8.1,+0.05,+1.0,99,-18,+21,0.0,29.87,+857,,,208,,,,,0,0,,,+0,,,,+11,,,+5,,,,,,,,,71,+27,1541,1541,14.3,3.9,3.9,28.9,15.6,13.8,31.0,14.5,,+6.2,22.5,18.1,,,,,+130,+636,+132,+642,+129,+605,+134,+614,,,-100,+4.996,,+28.9,+4.998,,,,+15.6,+13.8,+70.5,+27.5,,,,,
42.31,1,8,UNKNOWN_DATE_TIME,+40.52907,-78.64883,60,4.6,68.9,+11.6,,,,,17:09:22,+12.3,-0.6,78.2,0.0,+82,-7.8,+0.03,+0.9,99,+7,+21,0.0,29.87,+857,,,208,,,,,0,0,,,+0,,,,+14,,,+5,,,,,,,,,71,+27,1557,1557,14.3,3.9,3.9,28.9,15.6,13.8,31.0,14.5,,+6.2,22.5,18.1,,,,,+130,+636,+132,+643,+130,+605,+134,+614,,,-100,+4.996,,+28.9,+4.998,,,,+15.6,+13.8,+71.0,+27.5,,,,,
42.56,1,8,UNKNOWN_DATE_TIME,+40.52907,-78.64882,60,4.8,63.3,+11.6,,,,,17:09:22,+12.1,-0.4,76.7,0.0,+82,-7.5,+0.04,+1.1,99,-11,+21,0.0,29.87,+857,,,208,,,,,0,0,,,+0,,,,+13,,,+5,,,,,,,,,71,+28,1563,1563,14.3,4.0,4.0,28.9,15.6,13.8,31.0,14.5,,+6.2,22.5,18.1,,,,,+130,+637,+132,+643,+130,+606,+134,+615,,,-100,+4.996,,+28.9,+4.998,,,,+15.6,+13.8,+71.2,+27.5,,,,,
42.81,1,8,UNKNOWN_DATE_TIME,+40.52908,-78.64882,60,4.9,63.3,+11.6,,,,,17:09:23,+12.0,-1.2,75.4,0.0,+82,-7.1,+0.01,+0.7,99,-17,+21,0.0,29.87,+858,,,208,,,,,0,0,,,+0,,,,+11,,,+5,,,,,,,,,71,+28,1569,1569,14.3,4.0,4.0,28.9,15.6,13.8,31.0,14.5,,+6.2,22.5,18.1,,,,,+130,+637,+132,+644,+130,+606,+134,+616,,,-100,+4.996,,+28.9,+4.998,,,,+15.6,+13.8,+71.3,+27.5,,,,,
43.06,1,8,UNKNOWN_DATE_TIME,+40.52908,-78.64881,60,4.9,62.2,+11.6,,,,,17:09:23,+12.2,-0.4,74.1,0.0,+82,-6.8,+0.02,+1.1,99,-17,+21,0.0,29.87,+858,,,208,,,,,0,0,,,+0,,,,+8,,,+5,,,,,,,,,71,+28,1570,1570,14.3,4.0,4.0,28.9,15.6,13.8,31.0,14.5,,+6.2,22.5,18.1,,,,,+130,+639,+132,+644,+130,+606,+134,+616,,,-100,+4.996,,+28.9,+4.998,,,,+15.6,+13.8,+71.3,+27.5,,,,,
43.31,1,8,UNKNOWN_DATE_TIME,+40.52908,-78.64880,60,5.0,61.7,+11.6,,,,,17:09:23,+12.1,-0.9,72.6,0.0,+82,-6.5,+0.02,+1.0,99,-2,+21,0.0,29.87,+858,,,208,,,,,0,0,,,+0,,,,+10,,,+5,,,,,,,,,71,+28,1572,1572,14.3,4.0,4.0,28.9,15.6,13.8,31.0,14.5,,+6.2,22.5,18.1,,,,,+130,+639,+132,+645,+130,+607,+134,+616,,,-100,+4.996,,+28.9,+4.998,,,,+15.6,+13.8,+71.3,+27.6,,,,,
43.56,1,8,UNKNOWN_DATE_TIME,+40.52909,-78.64878,59,5.3,59.0,+11.6,,,,,17:09:23,+11.9,+0.0,71.0,0.0,+82,-6.4,+0.02,+1.2,99,+8,+21,0.0,29.87,+858,,,208,,,,,0,0,,,+0,,,,+10,,,+5,,,,,,,,,71,+28,1570,1570,14.3,4.1,4.1,28.9,15.6,13.8,31.0,14.5,,+6.2,22.5,18.1,,,,,+130,+640,+133,+646,+130,+607,+135,+617,,,-100,+4.996,,+28.9,+4.998,,,,+15.6,+13.8,+71.3,+27.6,,,,,
43.81,1,8,UNKNOWN_DATE_TIME,+40.52909,-78.64878,58,5.4,57.2,+11.6,,,,,17:09:24,+11.9,-1.3,69.2,0.0,+82,-6.5,+0.02,+0.8,99,+23,+21,0.0,29.87,+858,,,208,,,,,0,0,,,+0,,,,+11,,,+6,,,,,,,,,71,+28,1570,1570,14.3,4.1,4.1,28.9,15.6,13.8,31.0,14.5,,+6.2,22.5,18.1,,,,,+130,+641,+133,+647,+130,+608,+134,+618,,,-100,+4.996,,+28.9,+4.998,,,,+15.6,+13.8,+71.3,+27.6,,,,,
44.06,1,8,UNKNOWN_DATE_TIME,+40.52909,-78.64878,59,5.5,56.2,+11.6,,,,,17:09:24,+12.0,-1.2,67.4,0.0,+82,-6.6,+0.01,+0.7,99,+8,+21,0.0,29.87,+858,,,208,,,,,0,0,,,+0,,,,+11,,,+5,,,,,,,,,71,+28,1569,1569,14.3,4.1,4.1,28.9,15.6,13.8,31.0,14.5,,+6.3,22.5,18.1,,,,,+130,+641,+133,+647,+130,+608,+135,+619,,,-100,+4.996,,+28.9,+4.998,,,,+15.6,+13.8,+71.3,+27.6,,,,,
44.31,1,8,UNKNOWN_DATE_TIME,+40.52909,-78.64877,60,5.6,55.5,+11.6,,,,,17:09:24,+12.3,-1.9,65.4,0.0,+82,-6.8,+0.01,+1.0,99,-6,+21,0.0,29.87,+858,,,208,,,,,0,0,,,+0,,,,+11,,,+5,,,,,,,,,71,+28,1569,1569,14.2,4.1,4.1,28.9,15.6,13.8,31.0,14.5,,+6.3,22.5,18.1,,,,,+130,+641,+133,+647,+130,+609,+135,+619,,,-100,+4.996,,+28.9,+4.998,,,,+15.6,+13.8,+71.2,+27.6,,,,,
44.56,1,8,UNKNOWN_DATE_TIME,+40.52910,-78.64875,59,5.6,52.3,+11.6,,,,,17:09:24,+12.3,-1.1,63.4,0.0,+82,-7.1,+0.00,+1.0,99,-15,+21,0.0,29.87,+858,,,208,,,,,0,0,,,+0,,,,+10,,,+4,,,,,,,,,71,+28,1567,1567,14.2,4.2,4.2,28.9,15.6,13.8,31.0,14.5,,+6.2,22.5,18.1,,,,,+130,+642,+133,+648,+130,+609,+135,+620,,,-100,+4.996,,+28.9,+4.998,,,,+15.6,+13.8,+71.2,+27.7,,,,,
44.81,1,8,UNKNOWN_DATE_TIME,+40.52910,-78.64875,59,5.7,51.0,+11.6,,,,,17:09:25,+12.5,-1.5,61.2,0.0,+82,-7.3,+0.02,+1.2,99,-23,+21,0.0,29.87,+858,,,208,,,,,0,0,,,+0,,,,+11,,,+5,,,,,,,,,71,+28,1570,1570,14.2,4.2,4.2,28.9,15.6,13.8,31.0,14.5,,+6.2,22.5,18.1,,,,,+130,+642,+133,+648,+130,+610,+135,+621,,,-100,+4.996,,+28.9,+4.998,,,,+15.6,+13.8,+71.1,+27.7,,,,,
45.06,1,8,UNKNOWN_DATE_TIME,+40.52911,-78.64875,58,5.8,48.5,+11.6,,,,,17:09:25,+12.5,-1.1,59.3,0.0,+82,-7.6,+0.02,+1.0,99,-22,+21,0.0,29.87,+858,,,208,,,,,0,0,,,+0,,,,+10,,,+5,,,,,,,,,71,+28,1571,1571,14.2,4.2,4.2,28.9,15.6,13.8,31.0,14.5,,+6.2,22.5,18.1,,,,,+131,+643,+133,+648,+131,+610,+135,+621,,,-100,+4.996,,+28.9,+4.998,,,,+15.6,+13.8,+71.2,+27.7,,,,,
45.31,1,8,UNKNOWN_DATE_TIME,+40.52911,-78.64874,58,6.0,47.9,+11.6,,,,,17:09:25,+12.4,-0.9,57.1,0.0,+82,-7.7,+0.03,+1.3,99,-21,+21,0.0,29.87,+858,,,208,,,,,0,0,,,+0,,,,+11,,,+4,,,,,,,,,71,+28,1572,1572,14.1,4.2,4.2,29.0,15.6,13.8,31.0,14.5,,+6.2,22.5,18.1,,,,,+130,+643,+133,+649,+130,+610,+135,+622,,,-100,+4.996,,+29.0,+4.998,,,,+15.6,+13.8,+71.2,+27.7,,,,,
45.56,1,7,UNKNOWN_DATE_TIME,+40.52912,-78.64872,58,6.4,44.3,+11.6,,,,,17:09:25,+11.8,-1.4,54.9,0.0,+82,-7.9,+0.01,+0.7,99,-12,+21,0.0,29.87,+858,,,208,,,,,0,0,,,+0,,,,+11,,,+3,,,,,,,,,71,+28,1572,1572,14.1,4.2,4.2,29.0,15.6,13.8,31.0,14.5,,+6.2,22.5,18.1,,,,,+131,+644,+133,+649,+131,+610,+135,+623,,,-100,+4.996,,+29.0,+4.998,,,,+15.6,+13.8,+71.3,+27.7,,,,,
45.81,1,7,UNKNOWN_DATE_TIME,+40.52912,-78.64872,57,6.5,43.8,+11.6,,,,,17:09:26,+11.7,-0.4,52.5,0.0,+82,-8.2,+0.03,+0.8,99,-41,+21,0.0,29.87,+857,,,208,,,,,0,0,,,+0,,,,+12,,,+3,,,,,,,,,71,+28,1570,1570,14.1,4.2,4.2,28.9,15.6,13.8,31.0,14.5,,+6.2,22.5,18.1,,,,,+131,+644,+133,+649,+130,+610,+135,+623,,,-100,+4.996,,+28.9,+4.998,,,,+15.6,+13.8,+71.1,+27.7,,,,,
46.06,1,8,UNKNOWN_DATE_TIME,+40.52913,-78.64872,57,6.7,43.0,+11.6,,,,,17:09:26,+11.7,-0.4,49.9,0.0,+82,-8.5,+0.04,+1.1,99,-45,+21,0.0,29.87,+857,,,208,,,,,0,0,,,+0,,,,+13,,,+3,,,,,,,,,71,+28,1567,1567,14.1,4.2,4.2,28.9,15.6,13.8,31.0,14.5,,+6.2,22.5,18.1,,,,,+131,+645,+133,+650,+131,+611,+135,+624,,,-100,+4.996,,+28.9,+4.998,,,,+15.6,+13.8,+71.1,+27.8,,,,,
46.31,1,8,UNKNOWN_DATE_TIME,+40.52914,-78.64871,57,6.8,40.3,+11.6,,,,,17:09:26,+11.7,+0.5,47.3,0.0,+82,-8.9,+0.05,+0.8,99,-63,+21,0.0,29.87,+857,,,208,,,,,0,0,,,+0,,,,+13,,,+3,,,,,,,,,71,+28,1537,1537,13.8,4.2,4.2,29.0,15.6,13.8,31.0,14.5,,+6.3,22.5,18.1,,,,,+131,+645,+133,+650,+131,+611,+135,+624,,,-100,+4.996,,+29.0,+4.998,,,,+15.6,+13.8,+70.8,+27.8,,,,,
46.56,1,8,UNKNOWN_DATE_TIME,+40.52915,-78.64870,57,7.1,35.8,+11.6,,,,,17:09:26,+11.8,+0.4,44.8,0.0,+81,-9.2,+0.07,+0.9,99,-49,+21,0.0,29.87,+857,,,208,,,,,0,0,,,+0,,,,+14,,,+5,,,,,,,,,70,+28,1479,1479,13.1,4.2,4.2,29.1,15.6,13.8,31.0,14.5,,+6.3,22.5,18.1,,,,,+131,+646,+133,+651,+131,+611,+135,+626,,,-100,+4.996,,+29.1,+4.998,,,,+15.6,+13.8,+69.6,+27.8,,,,,
46.81,1,8,UNKNOWN_DATE_TIME,+40.52915,-78.64869,57,7.2,33.2,+11.6,,,,,17:09:27,+11.8,-0.1,42.3,0.0,+81,-9.5,+0.06,+0.9,99,-46,+21,0.0,29.87,+857,,,208,,,,,0,0,,,+0,,,,+14,,,+7,,,,,,,,,68,+28,1427,1427,12.6,4.2,4.2,29.0,15.6,13.8,31.0,14.5,,+6.3,22.5,18.1,,,,,+131,+647,+134,+652,+131,+611,+135,+627,,,-100,+4.996,,+29.0,+4.998,,,,+15.6,+13.8,+68.3,+27.8,,,,,
47.06,1,8,UNKNOWN_DATE_TIME,+40.52916,-78.64869,57,7.2,30.7,+11.6,,,,,17:09:27,+11.8,+0.3,40.3,0.0,+81,-9.4,+0.07,+0.6,99,-52,+21,0.0,29.87,+857,,,208,,,,,0,0,,,+0,,,,+14,,,+7,,,,,,,,,67,+28,1389,1389,12.6,4.1,4.1,29.0,15.6,13.8,31.0,14.5,,+6.3,22.5,18.1,,,,,+131,+648,+134,+652,+131,+612,+135,+628,,,-100,+4.996,,+29.0,+4.998,,,,+15.6,+13.8,+67.1,+27.8,,,,,
47.31,1,8,UNKNOWN_DATE_TIME,+40.52917,-78.64869,56,7.2,29.5,+11.6,,,,,17:09:27,+12.1,+0.2,38.3,0.0,+81,-9.3,+0.07,+0.6,99,-61,+21,0.0,29.87,+857,,,208,,,,,0,0,,,+0,,,,+15,,,+8,,,,,,,,,66,+28,1366,1366,12.6,4.1,4.1,28.9,15.6,13.8,31.0,14.5,,+6.2,22.5,18.1,,,,,+131,+648,+134,+653,+131,+613,+136,+628,,,-100,+4.996,,+28.9,+4.998,,,,+15.6,+13.8,+66.4,+27.8,,,,,
47.56,1,8,UNKNOWN_DATE_TIME,+40.52918,-78.64868,56,7.3,26.5,+11.6,,,,,17:09:27,+12.1,+0.5,36.7,0.0,+81,-8.9,+0.08,+0.9,99,-45,+21,0.0,29.87,+857,,,208,,,,,0,0,,,+0,,,,+15,,,+8,,,,,,,,,66,+28,1348,1348,12.6,4.0,4.0,28.9,15.6,13.8,31.0,14.5,,+6.2,22.5,18.1,,,,,+131,+648,+134,+653,+131,+613,+136,+629,,,-100,+4.996,,+28.9,+4.998,,,,+15.6,+13.8,+65.8,+27.9,,,,,
47.81,1,8,UNKNOWN_DATE_TIME,+40.52918,-78.64868,56,7.3,26.5,+11.6,,,,,17:09:28,+12.3,+0.2,35.5,0.0,+80,-8.3,+0.07,+1.0,99,-63,+21,0.0,29.87,+857,,,208,,,,,0,0,,,+0,,,,+15,,,+7,,,,,,,,,65,+28,1339,1339,12.6,4.0,4.0,28.9,15.6,13.8,31.0,14.5,,+6.2,22.5,18.1,,,,,+131,+648,+134,+653,+131,+613,+136,+629,,,-100,+4.996,,+28.9,+4.998,,,,+15.6,+13.8,+65.5,+27.9,,,,,
48.06,1,8,UNKNOWN_DATE_TIME,+40.52919,-78.64867,57,7.3,24.2,+11.6,,,,,17:09:28,+12.5,+0.6,34.7,0.0,+80,-7.5,+0.07,+1.4,99,-65,+21,0.0,29.87,+857,,,208,,,,,0,0,,,+0,,,,+15,,,+8,,,,,,,,,65,+28,1325,1325,12.6,4.0,4.0,28.9,15.6,13.8,31.0,14.5,,+6.2,22.5,18.1,,,,,+131,+648,+134,+652,+131,+613,+136,+629,,,-100,+4.996,,+28.9,+4.998,,,,+15.6,+13.8,+65.3,+27.9,,,,,
48.31,1,8,UNKNOWN_DATE_TIME,+40.52920,-78.64866,57,7.3,23.7,+11.6,,,,,17:09:28,+12.4,+0.7,34.4,0.0,+80,-6.5,+0.07,+1.3,99,-56,+21,0.0,29.87,+857,,,208,,,,,0,0,,,+0,,,,+15,,,+7,,,,,,,,,65,+28,1314,1314,12.7,4.0,4.0,28.9,15.6,13.8,31.0,14.5,,+6.2,22.5,18.1,,,,,+131,+648,+134,+652,+131,+613,+136,+630,,,-100,+4.996,,+28.9,+4.998,,,,+15.6,+13.8,+64.9,+27.9,,,,,
48.56,1,8,UNKNOWN_DATE_TIME,+40.52921,-78.64865,58,7.4,21.0,+11.6,,,,,17:09:28,+12.5,-0.4,34.4,0.0,+80,-5.4,+0.06,+0.8,99,-62,+21,0.0,29.87,+857,,,208,,,,,0,0,,,+0,,,,+15,,,+8,,,,,,,,,65,+28,1308,1308,12.8,3.9,3.9,28.9,15.6,13.6,31.0,14.5,,+6.2,22.5,18.1,,,,,+131,+647,+134,+652,+131,+613,+136,+630,,,-100,+4.996,,+28.9,+4.998,,,,+15.6,+13.6,+64.6,+27.9,,,,,
48.81,1,8,UNKNOWN_DATE_TIME,+40.52922,-78.64865,57,7.2,19.7,+11.6,,,,,17:09:29,+12.3,-0.4,34.9,0.0,+80,-4.2,+0.02,+0.7,99,-51,+21,0.0,29.87,+854,,,208,,,,,0,0,,,+0,,,,+14,,,+6,,,,,,,,,65,+28,1307,1307,12.9,3.9,3.9,28.9,15.6,13.6,31.0,14.5,,+6.2,22.5,18.1,,,,,+131,+647,+134,+652,+131,+614,+136,+631,,,-100,+4.996,,+28.9,+4.998,,,,+15.6,+13.6,+64.7,+27.9,,,,,
49.06,1,8,UNKNOWN_DATE_TIME,+40.52923,-78.64865,58,7.2,20.8,+11.6,,,,,17:09:29,+12.4,-1.3,35.0,0.0,+80,-3.1,+0.01,+0.9,99,-43,+21,0.0,29.87,+854,,,208,,,,,0,0,,,+0,,,,+13,,,+6,,,,,,,,,65,+28,1303,1303,12.9,3.9,3.9,28.9,15.6,13.6,31.0,14.5,,+6.2,22.5,18.1,,,,,+131,+646,+134,+652,+131,+614,+136,+630,,,-100,+4.996,,+28.9,+4.998,,,,+15.6,+13.6,+64.5,+28.0,,,,,
49.31,1,8,UNKNOWN_DATE_TIME,+40.52923,-78.64865,58,7.3,20.5,+11.6,,,,,17:09:29,+12.4,-1.4,35.2,0.0,+80,-2.2,-0.02,+1.4,99,-39,+21,0.0,29.87,+854,,,208,,,,,0,0,,,+0,,,,+13,,,+4,,,,,,,,,65,+28,1303,1303,12.9,3.9,3.9,28.9,15.6,13.6,31.0,14.5,,+6.2,22.5,18.1,,,,,+131,+645,+134,+652,+131,+613,+136,+630,,,-100,+4.996,,+28.9,+4.998,,,,+15.6,+13.6,+64.5,+28.0,,,,,
49.56,1,7,UNKNOWN_DATE_TIME,+40.52924,-78.64864,58,7.4,21.8,+11.6,,,,,17:09:29,+12.5,-1.1,35.2,0.0,+80,-1.6,-0.01,+1.0,99,-20,+21,0.0,29.87,+854,,,208,,,,,0,0,,,+0,,,,+13,,,+3,,,,,,,,,65,+28,1300,1300,13.0,3.8,3.8,28.9,15.6,13.6,31.0,14.5,,+6.4,22.5,18.1,,,,,+131,+645,+134,+652,+131,+613,+136,+631,,,-100,+4.996,,+28.9,+4.998,,,,+15.6,+13.6,+64.5,+28.0,,,,,
49.81,1,7,UNKNOWN_DATE_TIME,+40.52925,-78.64864,58,7.2,20.9,+11.6,,,,,17:09:30,+12.6,-2.1,34.9,0.0,+80,-1.3,-0.02,+0.6,99,-31,+21,0.0,29.87,+855,,,208,,,,,0,0,,,+0,,,,+13,,,+3,,,,,,,,,64,+28,1296,1296,13.0,3.8,3.8,29.0,15.6,13.6,31.0,14.5,,+6.5,22.5,18.1,,,,,+132,+644,+134,+651,+131,+612,+136,+631,,,-100,+4.996,,+29.0,+4.998,,,,+15.6,+13.6,+64.4,+28.0,,,,,
50.06,1,7,UNKNOWN_DATE_TIME,+40.52926,-78.64863,58,7.3,20.7,+11.6,,,,,17:09:30,+12.8,-1.6,34.6,0.0,+80,-1.2,-0.02,+1.0,99,-22,+21,0.0,29.87,+855,,,208,,,,,0,0,,,+0,,,,+13,,,+3,,,,,,,,,64,+28,1292,1292,13.0,3.8,3.8,28.9,15.6,13.6,31.0,14.5,,+6.7,22.5,18.1,,,,,+132,+643,+134,+651,+132,+613,+136,+631,,,-100,+4.996,,+28.9,+4.998,,,,+15.6,+13.6,+64.3,+28.0,,,,,
50.31,1,7,UNKNOWN_DATE_TIME,+40.52927,-78.64863,58,7.3,20.6,+11.6,,,,,17:09:30,+13.1,-2.0,34.2,0.0,+80,-1.2,-0.02,+1.1,99,-18,+21,0.0,29.87,+855,,,208,,,,,0,0,,,+0,,,,+13,,,+3,,,,,,,,,64,+28,1293,1293,13.0,3.8,3.8,28.9,15.6,13.6,31.0,14.5,,+6.7,22.5,18.1,,,,,+132,+643,+134,+651,+132,+613,+136,+632,,,-100,+4.996,,+28.9,+4.998,,,,+15.6,+13.6,+64.2,+28.0,,,,,
50.56,1,7,UNKNOWN_DATE_TIME,+40.52928,-78.64862,58,7.0,20.7,+11.6,,,,,17:09:30,+13.3,-1.1,33.7,0.0,+80,-1.2,-0.01,+1.4,99,-21,+21,0.0,29.87,+855,,,208,,,,,0,0,,,+0,,,,+12,,,+3,,,,,,,,,64,+28,1292,1292,13.1,3.7,3.7,28.9,15.6,13.6,31.0,14.5,,+6.6,22.5,18.1,,,,,+132,+643,+134,+650,+132,+613,+136,+631,,,-100,+4.996,,+28.9,+4.998,,,,+15.6,+13.6,+64.3,+28.1,,,,,
50.81,1,8,UNKNOWN_DATE_TIME,+40.52928,-78.64862,58,6.9,20.2,+11.6,,,,,17:09:31,+13.3,-1.6,33.1,0.0,+80,-1.4,-0.01,+1.1,99,+8,+21,0.0,29.87,+855,,,208,,,,,0,0,,,+0,,,,+12,,,+2,,,,,,,,,64,+28,1288,1288,13.1,3.7,3.7,29.0,15.6,13.6,31.0,14.5,,+6.5,22.5,18.1,,,,,+132,+642,+134,+650,+132,+614,+136,+632,,,-100,+4.996,,+29.0,+4.998,,,,+15.6,+13.6,+64.2,+28.1,,,,,
51.06,1,8,UNKNOWN_DATE_TIME,+40.52929,-78.64862,59,6.9,18.7,+11.6,,,,,17:09:31,+13.5,-1.4,32.4,0.0,+80,-1.6,-0.01,+1.0,99,+15,+21,0.0,29.87,+855,,,208,,,,,0,0,,,+0,,,,+12,,,+3,,,,,,,,,64,+28,1289,1289,13.1,3.7,3.7,28.9,15.6,13.6,31.0,14.5,,+6.5,22.5,18.1,,,,,+132,+641,+134,+650,+132,+614,+136,+632,,,-100,+4.996,,+28.9,+4.998,,,,+15.6,+13.6,+64.2,+28.1,,,,,
51.31,1,8,UNKNOWN_DATE_TIME,+40.52929,-78.64861,59,6.8,19.0,+11.6,,,,,17:09:31,+13.8,-1.6,31.6,0.0,+80,-1.8,-0.00,+1.0,99,+7,+21,0.0,29.87,+855,,,208,,,,,0,0,,,+0,,,,+13,,,+3,,,,,,,,,64,+28,1288,1288,13.1,3.7,3.7,29.0,15.6,13.6,31.0,14.5,,+6.5,22.5,18.1,,,,,+132,+641,+134,+650,+132,+614,+136,+632,,,-100,+4.996,,+29.0,+4.998,,,,+15.6,+13.6,+64.2,+28.1,,,,,
51.56,1,8,UNKNOWN_DATE_TIME,+40.52930,-78.64860,58,6.5,17.4,+11.6,,,,,17:09:31,+13.8,-1.0,31.0,0.0,+80,-2.0,-0.02,+1.1,99,+12,+21,0.0,29.87,+855,,,208,,,,,0,0,,,+0,,,,+13,,,+3,,,,,,,,,64,+28,1286,1286,13.1,3.7,3.7,29.0,15.6,13.6,31.0,14.5,,+6.6,22.5,18.1,,,,,+132,+641,+134,+650,+132,+614,+136,+632,,,-100,+4.996,,+29.0,+4.998,,,,+15.6,+13.6,+64.2,+28.1,,,,,
51.81,1,8,UNKNOWN_DATE_TIME,+40.52931,-78.64860,59,6.5,18.0,+11.6,,,,,17:09:32,+13.6,-0.7,30.3,0.0,+80,-2.2,+0.01,+0.6,99,-21,+21,0.0,29.87,+855,,,208,,,,,0,0,,,+0,,,,+13,,,+3,,,,,,,,,64,+28,1287,1287,13.1,3.7,3.7,29.0,15.6,13.6,31.0,14.5,,+6.6,22.5,18.1,,,,,+132,+641,+134,+650,+132,+614,+136,+632,,,-100,+4.996,,+29.0,+4.998,,,,+15.6,+13.6,+64.1,+28.1,,,,,
52.06,1,8,UNKNOWN_DATE_TIME,+40.52931,-78.64860,59,6.3,16.4,+11.6,,,,,17:09:32,+13.6,-0.2,29.8,0.0,+80,-2.2,-0.01,+1.0,99,-20,+21,0.0,29.87,+855,,,208,,,,,0,0,,,+0,,,,+13,,,+2,,,,,,,,,64,+28,1293,1293,13.1,3.7,3.7,29.0,15.6,13.6,31.0,14.5,,+6.6,22.5,18.1,,,,,+132,+640,+134,+650,+132,+613,+136,+632,,,-100,+4.996,,+29.0,+4.998,,,,+15.6,+13.6,+64.2,+28.2,,,,,
52.31,1,8,UNKNOWN_DATE_TIME,+40.52932,-78.64859,59,6.1,17.4,+11.6,,,,,17:09:32,+13.5,+0.7,29.1,0.0,+80,-2.3,+0.02,+1.1,99,-1,+21,0.0,29.87,+855,,,208,,,,,0,0,,,+0,,,,+14,,,+2,,,,,,,,,64,+28,1297,1297,13.1,3.7,3.7,29.0,15.6,13.6,31.0,14.5,,+6.6,22.5,18.1,,,,,+132,+640,+134,+649,+132,+613,+136,+632,,,-100,+4.996,,+29.0,+4.998,,,,+15.6,+13.6,+64.3,+28.2,,,,,
52.56,1,8,UNKNOWN_DATE_TIME,+40.52933,-78.64859,59,6.0,15.0,+11.6,,,,,17:09:32,+13.3,+0.7,28.4,0.0,+80,-2.4,+0.01,+0.9,99,+18,+21,0.0,29.87,+855,,,208,,,,,0,0,,,+0,,,,+14,,,+2,,,,,,,,,64,+28,1299,1299,13.1,3.6,3.6,29.0,15.6,13.6,31.0,14.4,,+6.7,22.5,18.1,,,,,+132,+639,+134,+649,+132,+612,+136,+632,,,-100,+4.996,,+29.0,+4.998,,,,+15.6,+13.6,+64.5,+28.2,,,,,
52.81,1,8,UNKNOWN_DATE_TIME,+40.52934,-78.64859,59,6.1,15.6,+11.6,,,,,17:09:33,+13.0,+1.6,27.7,0.0,+80,-2.5,+0.04,+0.8,99,+7,+21,0.0,29.87,+854,,,208,,,,,0,0,,,+0,,,,+14,,,+3,,,,,,,,,64,+28,1295,1295,13.1,3.6,3.6,29.0,15.6,13.6,31.0,14.4,,+6.8,22.5,18.1,,,,,+132,+639,+134,+649,+132,+612,+136,+633,,,-100,+4.996,,+29.0,+4.998,,,,+15.6,+13.6,+64.4,+28.2,,,,,
53.06,1,7,UNKNOWN_DATE_TIME,+40.52935,-78.64859,59,6.1,13.5,+11.6,,,,,17:09:33,+12.6,+0.3,27.0,0.0,+80,-2.6,+0.03,+0.9,99,+4,+21,0.0,29.87,+854,,,208,,,,,0,0,,,+0,,,,+15,,,+3,,,,,,,,,64,+28,1295,1295,13.2,3.6,3.6,29.0,15.6,13.6,31.0,14.4,,+6.8,22.5,18.1,,,,,+132,+639,+134,+648,+132,+612,+136,+633,,,-100,+4.996,,+29.0,+4.998,,,,+15.6,+13.6,+64.3,+28.2,,,,,
53.31,1,7,UNKNOWN_DATE_TIME,+40.52935,-78.64859,59,6.2,11.3,+11.6,,,,,17:09:33,+12.4,+0.4,26.3,0.0,+80,-2.7,+0.02,+1.2,99,-2,+21,0.0,29.87,+855,,,208,,,,,0,0,,,+0,,,,+14,,,+3,,,,,,,,,64,+28,1292,1292,13.2,3.6,3.6,29.0,15.6,13.6,31.0,14.4,,+6.9,22.5,18.1,,,,,+132,+638,+134,+648,+132,+612,+136,+634,,,-100,+4.996,,+29.0,+4.998,,,,+15.6,+13.6,+64.3,+28.3,,,,,
53.56,1,7,UNKNOWN_DATE_TIME,+40.52936,-78.64858,59,6.1,11.6,+11.6,,,,,17:09:33,+12.2,-0.2,25.8,0.0,+80,-2.7,+0.03,+0.8,99,-22,+21,0.0,29.87,+855,,,208,,,,,0,0,,,+0,,,,+14,,,+3,,,,,,,,,64,+28,1291,1291,13.2,3.6,3.6,29.0,15.6,13.6,31.0,14.4,,+6.8,22.5,18.1,,,,,+132,+638,+134,+648,+132,+612,+136,+634,,,-100,+4.996,,+29.0,+4.998,,,,+15.6,+13.6,+64.3,+28.3,,,,,
53.81,1,7,UNKNOWN_DATE_TIME,+40.52937,-78.64858,59,5.9,12.0,+11.6,,,,,17:09:34,+12.3,-0.7,25.5,0.0,+80,-2.5,+0.03,+0.9,99,-25,+21,0.0,29.87,+855,,,208,,,,,0,0,,,+0,,,,+15,,,+3,,,,,,,,,64,+28,1286,1286,13.2,3.6,3.6,29.0,15.6,13.6,31.0,14.4,,+6.7,22.5,18.1,,,,,+132,+638,+134,+649,+132,+611,+136,+634,,,-100,+4.996,,+29.0,+4.998,,,,+15.6,+13.6,+64.1,+28.3,,,,,
54.06,1,7,UNKNOWN_DATE_TIME,+40.52937,-78.64858,59,5.8,9.7,+11.6,,,,,17:09:34,+12.5,-0.9,25.5,0.0,+79,-2.2,+0.01,+1.1,99,-35,+21,0.0,29.87,+855,,,208,,,,,0,0,,,+0,,,,+15,,,+3,,,,,,,,,64,+28,1290,1290,13.3,3.6,3.6,28.9,15.6,13.6,31.0,14.4,,+6.7,22.5,18.1,,,,,+132,+639,+134,+649,+132,+611,+137,+635,,,-100,+4.996,,+28.9,+4.998,,,,+15.6,+13.6,+64.1,+28.3,,,,,
54.31,1,7,UNKNOWN_DATE_TIME,+40.52938,-78.64858,59,5.7,10.9,+11.6,,,,,17:09:34,+12.5,-0.7,25.5,0.0,+79,-1.8,+0.00,+1.0,99,-32,+21,0.0,29.87,+855,,,208,,,,,0,0,,,+0,,,,+15,,,+3,,,,,,,,,64,+28,1287,1287,13.3,3.6,3.6,29.0,15.6,13.6,31.0,14.4,,+6.6,22.5,18.1,,,,,+132,+638,+134,+648,+132,+611,+137,+635,,,-100,+4.996,,+29.0,+4.998,,,,+15.6,+13.6,+64.2,+28.3,,,,,
54.56,1,7,UNKNOWN_DATE_TIME,+40.52939,-78.64857,59,5.5,11.1,+11.6,,,,,17:09:34,+12.5,-0.8,25.6,0.0,+79,-1.4,+0.00,+1.1,99,-18,+21,0.0,29.87,+855,,,208,,,,,0,0,,,+0,,,,+15,,,+3,,,,,,,,,64,+28,1291,1291,13.3,3.6,3.6,29.0,15.6,13.6,31.0,14.5,,+6.5,22.5,18.1,,,,,+132,+638,+135,+648,+132,+611,+137,+635,,,-100,+4.996,,+29.0,+4.998,,,,+15.6,+13.6,+64.2,+28.3,,,,,
54.81,1,7,UNKNOWN_DATE_TIME,+40.52939,-78.64857,59,5.6,11.6,+11.6,,,,,17:09:35,+12.5,-0.3,26.0,0.0,+79,-0.9,+0.01,+0.7,99,-18,+21,0.0,29.87,+855,,,208,,,,,0,0,,,+0,,,,+15,,,+5,,,,,,,,,64,+28,1291,1291,13.3,3.6,3.6,29.0,15.6,13.6,31.0,14.5,,+6.5,22.5,18.1,,,,,+132,+638,+135,+648,+132,+611,+137,+634,,,-100,+4.996,,+29.0,+4.998,,,,+15.6,+13.6,+64.2,+28.3,,,,,
55.06,1,7,UNKNOWN_DATE_TIME,+40.52940,-78.64857,59,5.6,11.6,+11.6,,,,,17:09:35,+12.5,-0.3,26.6,0.0,+79,-0.3,-0.00,+0.9,99,-26,+21,0.0,29.87,+855,,,208,,,,,0,0,,,+0,,,,+15,,,+5,,,,,,,,,64,+28,1295,1295,13.3,3.6,3.6,29.0,15.6,13.6,31.0,14.5,,+6.4,22.5,18.1,,,,,+132,+637,+135,+647,+132,+611,+137,+634,,,-100,+4.996,,+29.0,+4.998,,,,+15.6,+13.6,+64.3,+28.3,,,,,
55.31,1,7,UNKNOWN_DATE_TIME,+40.52941,-78.64857,59,5.6,11.6,+11.6,,,,,17:09:35,+12.1,-0.3,27.1,0.0,+79,+0.2,-0.00,+1.1,99,-35,+21,0.0,29.87,+855,,,208,,,,,0,0,,,+0,,,,+13,,,+4,,,,,,,,,64,+28,1290,1290,13.3,3.6,3.6,28.9,15.6,13.6,31.0,14.5,,+6.4,22.5,18.1,,,,,+132,+637,+135,+647,+132,+611,+137,+634,,,-100,+4.996,,+28.9,+4.998,,,,+15.6,+13.6,+64.3,+28.4,,,,,
55.56,1,7,UNKNOWN_DATE_TIME,+40.52942,-78.64856,60,5.8,12.1,+11.6,,,,,17:09:35,+11.8,-0.8,27.5,0.0,+78,+0.6,-0.02,+1.0,99,-16,+21,0.0,29.87,+855,,,208,,,,,0,0,,,+0,,,,+13,,,+4,,,,,,,,,64,+28,1292,1292,13.3,3.6,3.6,28.9,15.6,13.6,31.0,14.5,,+6.3,22.5,18.1,,,,,+133,+637,+135,+647,+132,+611,+137,+635,,,-100,+4.996,,+28.9,+4.998,,,,+15.6,+13.6,+64.2,+28.4,,,,,
55.81,1,7,UNKNOWN_DATE_TIME,+40.52943,-78.64856,60,5.9,13.2,+11.6,,,,,17:09:36,+11.4,-0.3,27.9,0.0,+78,+0.9,-0.01,+1.0,99,-25,+21,0.0,29.87,+855,,,208,,,,,0,0,,,+0,,,,+13,,,+2,,,,,,,,,64,+28,1297,1297,13.3,3.6,3.6,28.9,15.6,13.6,31.0,14.5,,+6.3,22.5,18.1,,,,,+133,+637,+135,+647,+132,+611,+137,+635,,,-100,+4.996,,+28.9,+4.998,,,,+15.6,+13.6,+64.3,+28.4,,,,,
56.06,1,7,UNKNOWN_DATE_TIME,+40.52943,-78.64856,60,5.9,13.5,+11.6,,,,,17:09:36,+11.4,-1.1,28.2,0.0,+78,+1.0,-0.01,+1.1,99,-29,+21,0.0,29.87,+855,,,208,,,,,0,0,,,+0,,,,+13,,,+2,,,,,,,,,64,+28,1299,1299,13.3,3.6,3.6,29.0,15.6,13.6,31.0,14.5,,+6.3,22.5,18.1,,,,,+133,+637,+135,+647,+132,+610,+137,+635,,,-100,+4.996,,+29.0,+4.998,,,,+15.6,+13.6,+64.3,+28.4,,,,,
56.31,1,7,UNKNOWN_DATE_TIME,+40.52944,-78.64856,60,5.9,12.9,+11.6,,,,,17:09:36,+11.3,-1.2,28.3,0.0,+78,+1.0,-0.02,+1.1,99,-25,+21,0.0,29.87,+852,,,208,,,,,0,0,,,+0,,,,+13,,,+3,,,,,,,,,64,+28,1299,1299,13.3,3.6,3.6,29.0,15.6,13.6,31.0,14.5,,+6.3,22.5,18.1,,,,,+133,+637,+135,+647,+132,+610,+137,+636,,,-100,+4.996,,+29.0,+4.998,,,,+15.6,+13.6,+64.3,+28.4,,,,,
56.56,1,7,UNKNOWN_DATE_TIME,+40.52945,-78.64856,60,6.1,13.2,+11.6,,,,,17:09:36,+11.4,-1.9,28.5,0.0,+78,+1.0,-0.02,+0.8,99,-8,+21,0.0,29.87,+852,,,208,,,,,0,0,,,+0,,,,+13,,,+3,,,,,,,,,64,+28,1299,1299,13.3,3.6,3.6,29.0,15.6,13.5,31.0,14.4,,+6.3,22.5,18.1,,,,,+133,+636,+135,+646,+133,+610,+137,+635,,,-100,+4.996,,+29.0,+4.998,,,,+15.6,+13.5,+64.4,+28.4,,,,,
56.81,1,7,UNKNOWN_DATE_TIME,+40.52945,-78.64856,60,6.2,13.4,+11.6,,,,,17:09:37,+11.7,-3.3,28.4,0.0,+78,+0.9,-0.04,+1.0,99,+12,+21,0.0,29.87,+852,,,208,,,,,0,0,,,+0,,,,+11,,,+3,,,,,,,,,64,+28,1297,1297,13.3,3.6,3.6,29.0,15.6,13.5,31.0,14.4,,+6.2,22.5,18.1,,,,,+133,+636,+135,+646,+133,+611,+137,+636,,,-100,+4.996,,+29.0,+4.998,,,,+15.6,+13.5,+64.3,+28.5,,,,,
57.06,1,7,UNKNOWN_DATE_TIME,+40.52946,-78.64855,60,6.1,14.7,+11.6,,,,,17:09:37,+12.0,-2.9,28.1,0.0,+78,+0.8,-0.03,+0.8,99,+10,+21,0.0,29.87,+853,,,208,,,,,0,0,,,+0,,,,+11,,,+3,,,,,,,,,64,+28,1296,1296,13.3,3.6,3.6,29.0,15.6,13.5,31.0,14.4,,+6.2,22.5,18.1,,,,,+133,+636,+135,+646,+133,+611,+137,+635,,,-100,+4.996,,+29.0,+4.998,,,,+15.6,+13.5,+64.3,+28.5,,,,,
57.31,1,7,UNKNOWN_DATE_TIME,+40.52946,-78.64855,60,6.1,13.6,+11.6,,,,,17:09:37,+12.0,-2.6,28.1,0.0,+78,+0.7,-0.04,+0.8,99,+1,+21,0.0,29.87,+853,,,208,,,,,0,0,,,+0,,,,+11,,,+3,,,,,,,,,64,+28,1296,1296,13.3,3.6,3.6,29.0,15.6,13.5,31.0,14.4,,+6.2,22.5,18.1,,,,,+133,+636,+135,+645,+133,+611,+137,+635,,,-100,+4.996,,+29.0,+4.998,,,,+15.6,+13.5,+64.3,+28.5,,,,,
57.56,1,7,UNKNOWN_DATE_TIME,+40.52947,-78.64855,61,6.1,15.3,+11.6,,,,,17:09:37,+12.4,-1.5,28.0,0.0,+78,+0.7,-0.02,+1.1,99,-3,+21,0.0,29.87,+853,,,208,,,,,0,0,,,+0,,,,+11,,,+2,,,,,,,,,64,+29,1295,1295,13.3,3.6,3.6,28.9,15.6,13.5,31.0,14.4,,+6.2,22.5,18.1,,,,,+133,+636,+135,+645,+133,+611,+137,+636,,,-100,+4.996,,+28.9,+4.998,,,,+15.6,+13.5,+64.3,+28.5,,,,,
57.81,1,7,UNKNOWN_DATE_TIME,+40.52948,-78.64854,61,6.1,15.7,+11.6,,,,,17:09:38,+12.2,-1.0,28.3,0.0,+78,+0.6,-0.02,+1.3,99,-11,+21,0.0,29.87,+853,,,208,,,,,0,0,,,+0,,,,+11,,,+2,,,,,,,,,64,+29,1293,1293,13.3,3.6,3.6,29.0,15.6,13.5,31.0,14.4,,+6.2,22.5,18.1,,,,,+133,+636,+135,+646,+133,+611,+137,+636,,,-100,+4.996,,+29.0,+4.998,,,,+15.6,+13.5,+64.2,+28.5,,,,,
58.06,1,7,UNKNOWN_DATE_TIME,+40.52949,-78.64854,61,6.1,14.9,+11.6,,,,,17:09:38,+12.1,-1.1,28.7,0.0,+78,+0.6,-0.03,+1.1,99,-21,+21,0.0,29.87,+853,,,208,,,,,0,0,,,+0,,,,+10,,,+2,,,,,,,,,64,+29,1293,1293,13.3,3.6,3.6,29.0,15.6,13.5,31.0,14.4,,+6.2,22.5,18.1,,,,,+133,+636,+135,+646,+133,+612,+137,+636,,,-100,+4.996,,+29.0,+4.998,,,,+15.6,+13.5,+64.2,+28.5,,,,,
58.31,1,8,UNKNOWN_DATE_TIME,+40.52949,-78.64854,61,6.2,15.4,+11.6,,,,,17:09:38,+12.0,-1.3,28.8,0.0,+78,+0.6,-0.02,+1.0,99,-12,+21,0.0,29.87,+853,,,208,,,,,0,0,,,+0,,,,+10,,,+2,,,,,,,,,64,+29,1296,1296,13.3,3.6,3.6,29.0,15.6,13.5,31.0,14.4,,+6.2,22.5,18.1,,,,,+133,+636,+135,+646,+133,+612,+137,+636,,,-100,+4.996,,+29.0,+4.998,,,,+15.6,+13.5,+64.3,+28.6,,,,,
58.56,1,8,UNKNOWN_DATE_TIME,+40.52950,-78.64853,62,6.2,14.2,+11.6,,,,,17:09:38,+11.9,-1.5,28.9,0.0,+78,+0.5,-0.02,+1.0,99,-31,+21,0.0,29.87,+853,,,208,,,,,0,0,,,+0,,,,+9,,,+2,,,,,,,,,64,+29,1296,1296,13.3,3.6,3.6,29.0,15.6,13.5,31.0,14.4,,+6.2,22.5,18.1,,,,,+133,+636,+135,+646,+133,+612,+137,+635,,,-100,+4.996,,+29.0,+4.998,,,,+15.6,+13.5,+64.3,+28.6,,,,,
58.81,1,8,UNKNOWN_DATE_TIME,+40.52951,-78.64853,62,6.2,15.1,+11.6,,,,,17:09:39,+11.9,-1.8,28.9,0.0,+78,+0.4,-0.03,+0.8,99,-23,+21,0.0,29.87,+853,,,208,,,,,0,0,,,+0,,,,+9,,,+2,,,,,,,,,64,+29,1300,1300,13.3,3.6,3.6,29.0,15.6,13.5,31.0,14.4,,+6.1,22.5,18.1,,,,,+133,+636,+135,+646,+133,+611,+137,+635,,,-100,+4.996,,+29.0,+4.998,,,,+15.6,+13.5,+64.3,+28.6,,,,,
59.06,1,8,UNKNOWN_DATE_TIME,+40.52951,-78.64853,61,6.3,14.3,+11.6,,,,,17:09:39,+11.9,-2.0,28.9,0.0,+78,+0.3,-0.03,+1.0,99,-8,+21,0.0,29.87,+853,,,208,,,,,0,0,,,+0,,,,+9,,,+2,,,,,,,,,64,+29,1302,1302,13.3,3.6,3.6,29.0,15.6,13.5,31.0,14.4,,+6.1,22.5,18.1,,,,,+133,+636,+135,+646,+133,+611,+137,+634,,,-100,+4.996,,+29.0,+4.998,,,,+15.6,+13.5,+64.3,+28.6,,,,,
59.31,1,8,UNKNOWN_DATE_TIME,+40.52952,-78.64853,61,6.2,14.7,+11.6,,,,,17:09:39,+12.1,-2.1,28.6,0.0,+78,+0.1,-0.03,+1.0,99,-1,+21,0.0,29.87,+853,,,208,,,,,0,0,,,+0,,,,+9,,,+2,,,,,,,,,64,+29,1301,1301,13.3,3.6,3.6,28.9,15.6,13.5,31.0,14.4,,+6.1,22.5,18.1,,,,,+133,+636,+135,+646,+133,+611,+137,+634,,,-100,+4.996,,+28.9,+4.998,,,,+15.6,+13.5,+64.4,+28.6,,,,,
59.56,1,8,UNKNOWN_DATE_TIME,+40.52953,-78.64853,62,6.3,14.2,+11.6,,,,,17:09:39,+12.2,-2.1,28.3,0.0,+78,-0.1,-0.03,+0.9,99,-7,+21,0.0,29.87,+853,,,208,,,,,0,0,,,+0,,,,+9,,,+2,,,,,,,,,64,+29,1304,1304,13.3,3.6,3.6,28.9,15.6,13.5,31.0,14.4,,+6.1,22.5,18.1,,,,,+133,+636,+135,+646,+133,+611,+137,+634,,,-100,+4.996,,+28.9,+4.998,,,,+15.6,+13.5,+64.4,+28.6,,,,,
59.81,1,8,UNKNOWN_DATE_TIME,+40.52953,-78.64853,62,6.3,14.2,+11.6,,,,,17:09:40,+12.2,-1.4,28.2,0.0,+78,-0.2,-0.02,+0.5,99,-25,+21,0.0,29.87,+853,,,208,,,,,0,0,,,+0,,,,+10,,,+2,,,,,,,,,64,+29,1306,1306,13.3,3.6,3.6,29.0,15.6,13.5,31.0,14.4,,+6.1,22.5,18.1,,,,,+133,+635,+135,+646,+133,+611,+137,+634,,,-100,+4.996,,+29.0,+4.998,,,,+15.6,+13.5,+64.4,+28.7,,,,,
60.06,1,8,UNKNOWN_DATE_TIME,+40.52954,-78.64852,62,6.2,13.6,+11.6,,,,,17:09:40,+12.2,-1.6,28.2,0.0,+77,-0.3,-0.02,+1.0,99,-8,+21,0.0,29.87,+851,,,208,,,,,0,0,,,+0,,,,+10,,,+1,,,,,,,,,64,+29,1307,1307,13.3,3.5,3.5,28.9,15.6,13.5,31.0,14.4,,+6.1,22.5,18.1,,,,,+133,+635,+135,+646,+133,+611,+137,+634,,,-100,+4.996,,+28.9,+4.998,,,,+15.6,+13.5,+64.5,+28.7,,,,,
60.31,1,8,UNKNOWN_DATE_TIME,+40.52955,-78.64852,62,6.2,14.7,+11.6,,,,,17:09:40,+12.2,-1.3,28.1,0.0,+77,-0.4,-0.02,+1.0,99,-14,+21,0.0,29.87,+852,,,208,,,,,0,0,,,+0,,,,+10,,,+1,,,,,,,,,64,+29,1305,1305,13.3,3.5,3.5,28.9,15.6,13.5,31.0,14.4,,+6.1,22.5,18.1,,,,,+133,+635,+135,+645,+133,+611,+137,+634,,,-100,+4.996,,+28.9,+4.998,,,,+15.6,+13.5,+64.4,+28.7,,,,,
60.56,1,8,UNKNOWN_DATE_TIME,+40.52956,-78.64851,62,6.3,13.7,+11.6,,,,,17:09:40,+12.1,-1.1,28.3,0.0,+77,-0.4,-0.02,+1.0,99,-29,+21,0.0,29.87,+852,,,208,,,,,0,0,,,+0,,,,+10,,,+1,,,,,,,,,64,+29,1304,1304,13.3,3.5,3.5,28.9,15.6,13.5,31.0,14.4,,+6.1,22.5,18.1,,,,,+133,+635,+135,+646,+133,+611,+137,+634,,,-100,+4.996,,+28.9,+4.998,,,,+15.6,+13.5,+64.4,+28.7,,,,,
60.81,1,8,UNKNOWN_DATE_TIME,+40.52957,-78.64851,62,6.4,14.5,+11.6,,,,,17:09:41,+12.1,-1.4,28.3,0.0,+77,-0.3,-0.02,+0.8,99,-18,+21,0.0,29.87,+852,,,208,,,,,0,0,,,+0,,,,+10,,,+2,,,,,,,,,64,+29,1308,1308,13.3,3.5,3.5,28.9,15.6,13.5,31.0,14.4,,+6.1,22.5,18.1,,,,,+133,+635,+135,+646,+133,+611,+137,+633,,,-100,+4.996,,+28.9,+4.998,,,,+15.6,+13.5,+64.4,+28.7,,,,,
61.06,1,8,UNKNOWN_DATE_TIME,+40.52957,-78.64851,62,6.4,13.7,+11.6,,,,,17:09:41,+12.1,-1.6,28.3,0.0,+77,-0.3,-0.02,+1.0,99,-3,+21,0.0,29.87,+852,,,208,,,,,0,0,,,+0,,,,+10,,,+2,,,,,,,,,65,+29,1309,1309,13.3,3.6,3.6,28.9,15.6,13.5,31.0,14.4,,+6.1,22.5,18.1,,,,,+133,+634,+135,+646,+133,+611,+138,+633,,,-100,+4.996,,+28.9,+4.998,,,,+15.6,+13.5,+64.5,+28.7,,,,,
61.31,1,8,UNKNOWN_DATE_TIME,+40.52958,-78.64850,62,6.4,14.1,+11.6,,,,,17:09:41,+12.1,-1.5,28.2,0.0,+77,-0.3,-0.02,+1.1,99,-15,+21,0.0,29.87,+852,,,208,,,,,0,0,,,+0,,,,+9,,,+2,,,,,,,,,64,+29,1303,1303,13.3,3.6,3.6,29.0,15.6,13.5,31.0,14.4,,+6.1,22.5,18.1,,,,,+133,+634,+135,+645,+133,+612,+138,+633,,,-100,+4.996,,+29.0,+4.998,,,,+15.6,+13.5,+64.4,+28.8,,,,,
61.56,1,8,UNKNOWN_DATE_TIME,+40.52959,-78.64850,62,6.4,13.7,+11.6,,,,,17:09:41,+12.2,-2.0,28.1,0.0,+77,-0.4,-0.03,+1.1,99,-27,+21,0.0,29.87,+852,,,208,,,,,0,0,,,+0,,,,+9,,,+2,,,,,,,,,64,+29,1304,1304,13.3,3.6,3.6,28.9,15.6,13.5,31.0,14.4,,+6.1,22.5,18.1,,,,,+133,+634,+135,+645,+133,+613,+137,+633,,,-100,+4.996,,+28.9,+4.998,,,,+15.6,+13.5,+64.3,+28.8,,,,,
61.81,1,8,UNKNOWN_DATE_TIME,+40.52960,-78.64850,61,6.4,13.9,+11.6,,,,,17:09:42,+12.4,-2.2,27.8,0.0,+76,-0.4,-0.03,+1.0,99,-45,+21,0.0,29.87,+852,,,208,,,,,0,0,,,+0,,,,+9,,,+1,,,,,,,,,64,+29,1304,1304,13.3,3.6,3.6,28.9,15.6,13.5,31.0,14.4,,+6.1,22.5,18.1,,,,,+134,+634,+136,+645,+133,+613,+138,+634,,,-100,+4.996,,+28.9,+4.998,,,,+15.6,+13.5,+64.3,+28.8,,,,,
62.06,1,8,UNKNOWN_DATE_TIME,+40.52960,-78.64849,62,6.4,14.1,+11.6,,,,,17:09:42,+12.5,-1.0,27.6,0.0,+75,-0.4,-0.03,+0.8,99,-37,+21,0.0,29.87,+852,,,208,,,,,0,0,,,+0,,,,+9,,,+1,,,,,,,,,64,+29,1306,1306,13.3,3.6,3.6,29.0,15.6,13.5,31.0,14.4,,+6.1,22.5,18.1,,,,,+134,+634,+136,+645,+133,+613,+138,+634,,,-100,+4.996,,+29.0,+4.998,,,,+15.6,+13.5,+64.4,+28.8,,,,,
62.31,1,7,UNKNOWN_DATE_TIME,+40.52961,-78.64849,62,6.3,14.8,+11.6,,,,,17:09:42,+12.4,-0.5,27.5,0.0,+75,-0.4,-0.02,+1.1,99,-39,+21,0.0,29.87,+852,,,208,,,,,0,0,,,+0,,,,+9,,,+1,,,,,,,,,64,+29,1304,1304,13.3,3.6,3.6,29.0,15.6,13.5,31.0,14.4,,+6.1,22.5,18.1,,,,,+134,+634,+136,+644,+133,+613,+138,+634,,,-100,+4.996,,+29.0,+4.998,,,,+15.6,+13.5,+64.3,+28.8,,,,,
62.56,1,7,UNKNOWN_DATE_TIME,+40.52962,-78.64849,61,6.5,12.7,+11.6,,,,,17:09:42,+12.3,-0.2,27.4,0.0,+75,-0.5,-0.01,+1.2,99,-20,+21,0.0,29.87,+852,,,208,,,,,0,0,,,+0,,,,+9,,,+1,,,,,,,,,64,+29,1306,1306,13.3,3.6,3.6,29.0,15.6,13.5,31.0,14.4,,+6.1,22.5,18.1,,,,,+134,+634,+136,+644,+133,+613,+138,+634,,,-100,+4.996,,+29.0,+4.998,,,,+15.6,+13.5,+64.3,+28.9,,,,,
62.81,1,8,UNKNOWN_DATE_TIME,+40.52963,-78.64849,61,6.5,12.5,+11.6,,,,,17:09:43,+12.1,-0.6,27.1,0.0,+75,-0.7,-0.02,+1.1,99,-17,+21,0.0,29.87,+852,,,208,,,,,0,0,,,+0,,,,+9,,,+1,,,,,,,,,64,+29,1307,1307,13.3,3.6,3.6,29.0,15.6,13.5,31.0,14.4,,+6.1,22.5,18.1,,,,,+134,+634,+136,+644,+134,+613,+138,+634,,,-100,+4.996,,+29.0,+4.998,,,,+15.6,+13.5,+64.3,+28.9,,,,,
63.06,1,7,UNKNOWN_DATE_TIME,+40.52964,-78.64849,61,6.6,12.4,+11.6,,,,,17:09:43,+11.9,-0.0,26.8,0.0,+75,-0.9,-0.02,+0.7,99,-2,+21,0.0,29.87,+852,,,208,,,,,0,0,,,+0,,,,+9,,,+1,,,,,,,,,64,+29,1306,1306,13.2,3.6,3.6,29.0,15.6,13.5,31.0,14.4,,+6.1,22.5,18.1,,,,,+134,+634,+136,+644,+134,+613,+138,+634,,,-100,+4.996,,+29.0,+4.998,,,,+15.6,+13.5,+64.3,+28.9,,,,,
63.31,1,7,UNKNOWN_DATE_TIME,+40.52964,-78.64849,61,6.7,12.4,+11.6,,,,,17:09:43,+11.7,+0.5,26.4,0.0,+75,-1.0,-0.01,+0.9,99,+8,+21,0.0,29.87,+849,,,208,,,,,0,0,,,+0,,,,+9,,,+1,,,,,,,,,64,+29,1302,1302,13.2,3.6,3.6,29.0,15.6,13.5,31.0,14.4,,+6.1,22.5,18.1,,,,,+134,+634,+136,+645,+134,+613,+138,+635,,,-100,+4.996,,+29.0,+4.998,,,,+15.6,+13.5,+64.3,+28.9,,,,,
63.56,1,7,UNKNOWN_DATE_TIME,+40.52966,-78.64849,61,6.7,11.9,+11.6,,,,,17:09:43,+11.7,+2.2,26.1,0.0,+75,-1.2,+0.02,+1.0,99,-21,+21,0.0,29.87,+849,,,208,,,,,0,0,,,+0,,,,+9,,,+2,,,,,,,,,64,+29,1296,1296,13.2,3.6,3.6,29.0,15.6,13.5,31.0,14.4,,+6.1,22.5,18.1,,,,,+134,+634,+136,+645,+134,+613,+138,+636,,,-100,+4.996,,+29.0,+4.998,,,,+15.6,+13.5,+64.1,+28.9,,,,,
63.81,1,7,UNKNOWN_DATE_TIME,+40.52966,-78.64848,61,6.8,10.1,+11.6,,,,,17:09:44,+11.5,+2.1,26.2,0.0,+75,-1.4,+0.01,+1.1,99,+1,+21,0.0,29.87,+849,,,208,,,,,0,0,,,+0,,,,+10,,,+2,,,,,,,,,64,+29,1301,1301,13.2,3.6,3.6,29.0,15.6,13.5,31.0,14.4,,+6.1,22.5,18.1,,,,,+134,+634,+136,+645,+134,+614,+138,+636,,,-100,+4.996,,+29.0,+4.998,,,,+15.6,+13.5,+64.1,+29.0,,,,,
64.06,1,7,UNKNOWN_DATE_TIME,+40.52967,-78.64848,61,6.8,9.8,+11.6,,,,,17:09:44,+11.3,+2.9,26.4,0.0,+75,-1.4,+0.02,+1.1,99,+10,+21,0.0,29.87,+849,,,208,,,,,0,0,,,+0,,,,+9,,,+3,,,,,,,,,64,+29,1300,1300,13.3,3.6,3.6,29.0,15.6,13.5,31.0,14.4,,+6.1,22.5,18.1,,,,,+134,+634,+136,+644,+134,+614,+138,+636,,,-100,+4.996,,+29.0,+4.998,,,,+15.6,+13.5,+64.2,+29.0,,,,,
64.31,1,7,UNKNOWN_DATE_TIME,+40.52967,-78.64848,61,6.9,10.8,+11.6,,,,,17:09:44,+11.3,+2.6,26.8,0.0,+75,-1.3,+0.02,+0.9,99,-4,+21,0.0,29.87,+849,,,208,,,,,0,0,,,+0,,,,+10,,,+4,,,,,,,,,64,+29,1299,1299,13.3,3.6,3.6,29.0,15.6,13.5,31.0,14.4,,+6.1,22.5,18.1,,,,,+134,+634,+136,+644,+134,+614,+138,+636,,,-100,+4.996,,+29.0,+4.998,,,,+15.6,+13.5,+64.1,+29.0,,,,,
64.56,1,8,UNKNOWN_DATE_TIME,+40.52968,-78.64847,61,6.8,9.5,+11.6,,,,,17:09:44,+11.4,+2.7,27.5,0.0,+75,-1.0,+0.02,+0.8,99,+14,+21,0.0,29.87,+849,,,208,,,,,0,0,,,+0,,,,+10,,,+4,,,,,,,,,64,+29,1302,1302,13.3,3.6,3.6,29.0,15.6,13.7,31.0,14.4,,+6.1,22.5,18.1,,,,,+134,+634,+136,+644,+134,+614,+138,+636,,,-100,+4.996,,+29.0,+4.998,,,,+15.6,+13.7,+64.1,+29.0,,,,,
64.81,1,8,UNKNOWN_DATE_TIME,+40.52969,-78.64847,61,6.6,10.7,+11.6,,,,,17:09:45,+11.8,+3.1,28.4,0.0,+75,-0.5,+0.03,+0.9,99,-9,+21,0.0,29.87,+849,,,208,,,,,0,0,,,+0,,,,+10,,,+4,,,,,,,,,64,+29,1306,1306,13.3,3.6,3.6,29.0,15.6,13.7,31.0,14.4,,+6.1,22.5,18.1,,,,,+134,+634,+136,+645,+134,+614,+138,+636,,,-100,+4.996,,+29.0,+4.998,,,,+15.6,+13.7,+64.2,+29.0,,,,,
65.06,1,8,UNKNOWN_DATE_TIME,+40.52970,-78.64847,62,6.5,9.9,+11.6,,,,,17:09:45,+11.8,+1.8,29.6,0.0,+75,+0.0,+0.02,+1.2,99,+8,+21,0.0,29.87,+849,,,208,,,,,0,0,,,+0,,,,+10,,,+4,,,,,,,,,64,+29,1306,1306,13.3,3.6,3.6,29.0,15.6,13.7,31.0,14.4,,+6.1,22.5,18.1,,,,,+134,+634,+136,+645,+134,+614,+138,+636,,,-100,+4.996,,+29.0,+4.998,,,,+15.6,+13.7,+64.3,+29.0,,,,,
65.31,1,7,UNKNOWN_DATE_TIME,+40.52970,-78.64847,62,6.6,9.5,+11.6,,,,,17:09:45,+11.7,+0.0,30.7,0.0,+75,+0.7,-0.00,+1.0,99,+6,+21,0.0,29.87,+849,,,208,,,,,0,0,,,+0,,,,+9,,,+4,,,,,,,,,64,+29,1306,1306,13.3,3.6,3.6,29.0,15.6,13.7,31.0,14.4,,+6.1,22.5,18.1,,,,,+134,+634,+136,+645,+134,+615,+138,+636,,,-100,+4.996,,+29.0,+4.998,,,,+15.6,+13.7,+64.3,+29.1,,,,,
65.56,1,7,UNKNOWN_DATE_TIME,+40.52972,-78.64846,62,6.6,13.5,+11.6,,,,,17:09:45,+11.9,-1.2,31.3,0.0,+75,+1.4,-0.01,+0.8,99,+11,+21,0.0,29.87,+849,,,208,,,,,0,0,,,+0,,,,+9,,,+3,,,,,,,,,64,+29,1305,1305,13.3,3.6,3.6,29.0,15.6,13.7,31.0,14.4,,+6.1,22.5,18.1,,,,,+134,+634,+136,+645,+134,+614,+139,+637,,,-100,+4.996,,+29.0,+4.998,,,,+15.6,+13.7,+64.3,+29.1,,,,,
65.81,1,7,UNKNOWN_DATE_TIME,+40.52972,-78.64846,62,6.6,13.2,+11.6,,,,,17:09:46,+11.9,-2.3,31.6,0.0,+75,+2.0,-0.03,+1.0,99,-5,+21,0.0,29.87,+849,,,208,,,,,0,0,,,+0,,,,+9,,,+1,,,,,,,,,64,+29,1304,1304,13.3,3.6,3.6,29.0,15.6,13.7,31.0,14.4,,+6.1,22.5,18.1,,,,,+134,+634,+136,+645,+134,+614,+138,+637,,,-100,+4.996,,+29.0,+4.998,,,,+15.6,+13.7,+64.2,+29.1,,,,,
66.06,1,7,UNKNOWN_DATE_TIME,+40.52973,-78.64846,62,6.5,14.6,+11.6,,,,,17:09:46,+11.8,-2.1,31.6,0.0,+75,+2.3,-0.03,+1.1,99,-33,+21,0.0,29.87,+849,,,208,,,,,0,0,,,+0,,,,+9,,,+1,,,,,,,,,64,+29,1304,1304,13.3,3.6,3.6,29.0,15.6,13.7,31.0,14.4,,+6.1,22.5,18.1,,,,,+134,+634,+136,+646,+134,+614,+139,+637,,,-100,+4.996,,+29.0,+4.998,,,,+15.6,+13.7,+64.2,+29.1,,,,,
66.31,1,7,UNKNOWN_DATE_TIME,+40.52973,-78.64846,62,6.4,14.5,+11.6,,,,,17:09:46,+11.9,-2.2,31.9,0.0,+75,+2.4,-0.03,+1.3,99,-44,+21,0.0,29.87,+850,,,208,,,,,0,0,,,+0,,,,+9,,,+0,,,,,,,,,64,+29,1303,1303,13.3,3.6,3.6,29.0,15.6,13.7,31.0,14.4,,+6.1,22.5,18.1,,,,,+134,+634,+136,+646,+134,+613,+138,+638,,,-100,+4.996,,+29.0,+4.998,,,,+15.6,+13.7,+64.2,+29.1,,,,,
66.56,1,8,UNKNOWN_DATE_TIME,+40.52974,-78.64846,62,6.5,17.1,+11.6,,,,,17:09:46,+12.0,-1.7,32.2,0.0,+75,+2.6,-0.03,+0.8,99,-43,+21,0.0,29.87,+850,,,208,,,,,0,0,,,+0,,,,+9,,,+1,,,,,,,,,64,+29,1305,1305,13.3,3.6,3.6,29.0,15.6,13.7,31.0,14.4,,+6.1,22.5,18.1,,,,,+134,+634,+136,+646,+134,+613,+139,+638,,,-100,+4.996,,+29.0,+4.998,,,,+15.6,+13.7,+64.1,+29.1,,,,,
66.81,1,8,UNKNOWN_DATE_TIME,+40.52975,-78.64846,62,6.4,17.1,+11.6,,,,,17:09:47,+12.2,-1.3,32.7,0.0,+75,+2.7,-0.03,+0.9,99,-56,+21,0.0,29.87,+850,,,208,,,,,0,0,,,+0,,,,+10,,,+2,,,,,,,,,64,+29,1305,1305,13.3,3.6,3.6,29.0,15.6,13.7,31.0,14.4,,+6.1,22.5,18.1,,,,,+135,+634,+136,+646,+134,+613,+139,+638,,,-100,+4.996,,+29.0,+4.998,,,,+15.6,+13.7,+64.2,+29.2,,,,,
67.06,1,8,UNKNOWN_DATE_TIME,+40.52976,-78.64845,63,6.6,17.8,+11.6,,,,,17:09:47,+12.1,-0.2,33.3,0.0,+75,+2.8,-0.01,+1.0,99,-38,+21,0.0,29.87,+850,,,208,,,,,0,0,,,+0,,,,+10,,,+2,,,,,,,,,64,+29,1304,1304,13.3,3.6,3.6,29.0,15.6,13.7,31.0,14.4,,+6.1,22.5,18.1,,,,,+134,+634,+136,+646,+134,+613,+139,+638,,,-100,+4.996,,+29.0,+4.998,,,,+15.6,+13.7,+64.2,+29.2,,,,,
67.31,1,8,UNKNOWN_DATE_TIME,+40.52976,-78.64845,63,6.6,18.3,+11.6,,,,,17:09:47,+11.8,-1.4,34.1,0.0,+75,+2.8,-0.04,+1.0,99,-48,+21,0.0,29.87,+850,,,208,,,,,0,0,,,+0,,,,+10,,,+2,,,,,,,,,64,+29,1303,1303,13.3,3.6,3.6,29.0,15.6,13.7,31.0,14.4,,+6.1,22.5,18.1,,,,,+135,+634,+136,+646,+134,+613,+139,+638,,,-100,+4.996,,+29.0,+4.998,,,,+15.6,+13.7,+64.1,+29.2,,,,,
67.56,1,8,UNKNOWN_DATE_TIME,+40.52978,-78.64844,64,6.6,20.9,+11.6,,,,,17:09:47,+11.9,-0.6,34.8,0.0,+75,+3.0,-0.03,+0.8,99,-8,+21,0.0,29.87,+850,,,208,,,,,0,0,,,+0,,,,+10,,,+2,,,,,,,,,64,+29,1297,1297,13.3,3.6,3.6,28.9,15.6,13.7,31.0,14.4,,+6.1,22.5,18.1,,,,,+135,+634,+136,+647,+134,+614,+139,+638,,,-100,+4.996,,+28.9,+4.998,,,,+15.6,+13.7,+64.0,+29.2,,,,,
67.81,1,8,UNKNOWN_DATE_TIME,+40.52978,-78.64844,64,6.5,20.2,+11.6,,,,,17:09:48,+11.9,-0.8,35.6,0.0,+75,+3.0,-0.02,+0.9,99,-27,+21,0.0,29.87,+850,,,208,,,,,0,0,,,+0,,,,+11,,,+2,,,,,,,,,64,+29,1300,1300,13.3,3.6,3.6,29.0,15.6,13.7,31.0,14.4,,+6.1,22.5,18.1,,,,,+135,+634,+136,+647,+134,+614,+139,+639,,,-100,+4.996,,+29.0,+4.998,,,,+15.6,+13.7,+64.0,+29.2,,,,,
68.06,1,8,UNKNOWN_DATE_TIME,+40.52979,-78.64844,64,6.6,19.8,+11.6,,,,,17:09:48,+11.8,-1.0,36.3,0.0,+75,+3.1,-0.02,+1.2,99,-30,+21,0.0,29.86,+850,,,208,,,,,0,0,,,+0,,,,+10,,,+2,,,,,,,,,64,+29,1298,1298,13.3,3.6,3.6,29.0,15.6,13.7,31.0,14.4,,+6.1,22.5,18.1,,,,,+135,+634,+136,+646,+134,+614,+139,+639,,,-100,+4.996,,+29.0,+4.998,,,,+15.6,+13.7,+63.9,+29.2,,,,,
68.31,1,8,UNKNOWN_DATE_TIME,+40.52979,-78.64843,64,6.7,21.2,+11.6,,,,,17:09:48,+12.1,-1.4,37.2,0.0,+75,+3.1,-0.02,+1.0,99,-15,+21,0.0,29.86,+850,,,208,,,,,0,0,,,+0,,,,+10,,,+2,,,,,,,,,64,+29,1301,1301,13.3,3.6,3.6,29.0,15.6,13.7,31.0,14.4,,+6.1,22.5,18.1,,,,,+135,+634,+136,+646,+134,+614,+139,+640,,,-100,+4.996,,+29.0,+4.998,,,,+15.6,+13.7,+64.0,+29.3,,,,,
68.56,1,8,UNKNOWN_DATE_TIME,+40.52980,-78.64843,64,6.7,22.2,+11.6,,,,,17:09:48,+12.2,-2.0,38.0,0.0,+75,+3.2,-0.03,+0.7,99,-13,+21,0.0,29.86,+850,,,208,,,,,0,0,,,+0,,,,+10,,,+3,,,,,,,,,64,+29,1298,1298,13.3,3.6,3.6,29.0,15.6,13.7,31.0,14.4,,+6.1,22.5,18.1,,,,,+135,+633,+137,+646,+134,+614,+139,+640,,,-100,+4.996,,+29.0,+4.998,,,,+15.6,+13.7,+63.9,+29.3,,,,,
68.81,1,8,UNKNOWN_DATE_TIME,+40.52981,-78.64843,64,6.6,22.8,+11.6,,,,,17:09:49,+12.3,-3.1,38.6,0.0,+75,+3.2,-0.05,+1.0,99,-38,+21,0.0,29.86,+850,,,208,,,,,0,0,,,+0,,,,+10,,,+2,,,,,,,,,64,+29,1298,1298,13.3,3.6,3.6,29.0,15.6,13.7,31.0,14.4,,+6.1,22.5,18.1,,,,,+135,+633,+137,+646,+134,+614,+139,+640,,,-100,+4.996,,+29.0,+4.998,,,,+15.6,+13.7,+63.9,+29.3,,,,,
69.06,1,8,UNKNOWN_DATE_TIME,+40.52981,-78.64843,64,6.6,24.2,+11.6,,,,,17:09:49,+12.4,-1.7,39.0,0.0,+74,+3.2,-0.03,+1.4,99,-39,+21,0.0,29.85,+850,,,208,,,,,0,0,,,+0,,,,+10,,,+3,,,,,,,,,64,+29,1298,1298,13.3,3.6,3.6,29.0,15.6,13.7,31.0,14.4,,+6.1,22.5,18.1,,,,,+135,+633,+137,+646,+134,+614,+139,+640,,,-100,+4.996,,+29.0,+4.998,,,,+15.6,+13.7,+63.9,+29.3,,,,,
69.31,1,8,UNKNOWN_DATE_TIME,+40.52982,-78.64842,64,6.7,24.7,+11.6,,,,,17:09:49,+12.8,-1.8,39.9,0.0,+74,+3.2,-0.05,+1.2,99,-42,+21,0.0,29.85,+847,,,208,,,,,0,0,,,+0,,,,+10,,,+4,,,,,,,,,64,+29,1301,1301,13.3,3.6,3.6,29.0,15.6,13.7,31.0,14.4,,+6.1,22.5,18.1,,,,,+135,+633,+137,+646,+134,+614,+139,+640,,,-100,+4.996,,+29.0,+4.998,,,,+15.6,+13.7,+63.9,+29.3,,,,,
69.56,1,8,UNKNOWN_DATE_TIME,+40.52983,-78.64841,64,6.7,27.1,+11.6,,,,,17:09:49,+12.9,-0.7,40.8,0.0,+74,+3.3,-0.04,+0.8,99,-26,+21,0.0,29.85,+847,,,208,,,,,0,0,,,+0,,,,+10,,,+4,,,,,,,,,64,+29,1300,1300,13.3,3.6,3.6,29.0,15.6,13.7,31.0,14.4,,+6.1,22.5,18.1,,,,,+135,+633,+137,+646,+134,+613,+139,+640,,,-100,+4.996,,+29.0,+4.998,,,,+15.6,+13.7,+64.0,+29.3,,,,,
69.81,1,8,UNKNOWN_DATE_TIME,+40.52984,-78.64841,64,6.7,27.2,+11.6,,,,,17:09:50,+12.7,-0.7,41.8,0.0,+74,+3.3,-0.04,+0.8,99,-48,+21,0.0,29.85,+847,,,208,,,,,0,0,,,+0,,,,+10,,,+5,,,,,,,,,64,+29,1302,1302,13.3,3.6,3.6,28.9,15.6,13.7,31.0,14.4,,+6.1,22.5,18.1,,,,,+135,+633,+137,+646,+134,+614,+139,+640,,,-100,+4.996,,+28.9,+4.998,,,,+15.6,+13.7,+64.0,+29.4,,,,,
70.06,1,8,UNKNOWN_DATE_TIME,+40.52984,-78.64840,63,6.7,28.7,+11.6,,,,,17:09:50,+12.5,+0.3,42.8,0.0,+73,+3.5,-0.02,+0.9,99,-48,+21,0.0,29.85,+847,,,208,,,,,0,0,,,+0,,,,+10,,,+5,,,,,,,,,64,+29,1301,1301,13.3,3.6,3.6,29.0,15.6,13.7,31.0,14.4,,+6.1,22.5,18.1,,,,,+135,+633,+137,+646,+134,+614,+139,+640,,,-100,+4.996,,+29.0,+4.998,,,,+15.6,+13.7,+64.0,+29.4,,,,,
70.31,1,8,UNKNOWN_DATE_TIME,+40.52985,-78.64840,63,6.9,28.9,+11.6,,,,,17:09:50,+12.5,-0.6,43.8,0.0,+73,+3.6,-0.02,+1.2,99,-26,+21,0.0,29.85,+847,,,208,,,,,0,0,,,+0,,,,+10,,,+10,,,,,,,,,64,+29,1304,1304,13.3,3.6,3.6,29.0,15.6,13.7,31.0,14.4,,+6.1,22.5,18.1,,,,,+135,+633,+137,+646,+134,+614,+139,+640,,,-100,+4.996,,+29.0,+4.998,,,,+15.6,+13.7,+64.0,+29.4,,,,,
70.56,1,8,UNKNOWN_DATE_TIME,+40.52986,-78.64840,63,7.0,30.0,+11.6,,,,,17:09:50,+12.5,-0.3,44.9,0.0,+73,+3.7,-0.03,+1.2,99,-25,+21,0.0,29.85,+847,,,208,,,,,0,0,,,+0,,,,+10,,,+12,,,,,,,,,64,+29,1306,1306,13.3,3.6,3.6,29.0,15.6,13.7,31.0,14.4,,+6.0,22.5,18.1,,,,,+135,+633,+137,+646,+135,+614,+139,+640,,,-100,+4.996,,+29.0,+4.998,,,,+15.6,+13.7,+64.1,+29.4,,,,,
70.81,1,8,UNKNOWN_DATE_TIME,+40.52986,-78.64840,63,7.0,30.5,+11.6,,,,,17:09:51,+12.4,-0.5,46.0,0.0,+73,+3.8,-0.04,+1.1,99,-9,+21,0.0,29.85,+847,,,208,,,,,0,0,,,+0,,,,+10,,,+12,,,,,,,,,64,+29,1303,1303,13.3,3.6,3.6,28.9,15.6,13.7,31.0,14.4,,+6.0,22.5,18.1,,,,,+135,+633,+137,+645,+135,+614,+139,+640,,,-100,+4.996,,+28.9,+4.998,,,,+15.6,+13.7,+64.1,+29.4,,,,,
71.06,1,8,UNKNOWN_DATE_TIME,+40.52987,-78.64839,64,7.1,32.2,+11.6,,,,,17:09:51,+12.4,-0.5,47.0,0.0,+73,+3.9,-0.03,+1.0,99,+8,+21,0.0,29.84,+847,,,208,,,,,0,0,,,+0,,,,+10,,,+12,,,,,,,,,64,+29,1300,1300,13.3,3.6,3.6,28.9,15.6,13.7,31.0,14.4,,+6.0,22.5,18.1,,,,,+135,+633,+137,+645,+135,+615,+139,+640,,,-100,+4.996,,+28.9,+4.998,,,,+15.6,+13.7,+63.9,+29.5,,,,,
71.31,1,8,UNKNOWN_DATE_TIME,+40.52988,-78.64839,64,7.2,32.4,+11.6,,,,,17:09:51,+12.4,-0.5,48.1,0.0,+73,+3.9,-0.03,+0.9,99,+21,+21,0.0,29.84,+847,,,208,,,,,0,0,,,+0,,,,+10,,,+15,,,,,,,,,64,+29,1300,1300,13.3,3.6,3.6,29.0,15.6,13.7,31.0,14.4,,+6.0,22.5,18.1,,,,,+135,+633,+137,+645,+135,+615,+139,+640,,,-100,+4.996,,+29.0,+4.998,,,,+15.6,+13.7,+63.9,+29.5,,,,,
71.56,1,8,UNKNOWN_DATE_TIME,+40.52989,-78.64837,64,7.3,34.4,+11.6,,,,,17:09:51,+12.2,-0.3,49.1,0.0,+73,+3.9,-0.03,+0.9,99,+19,+21,0.0,29.84,+847,,,208,,,,,0,0,,,+0,,,,+11,,,+16,,,,,,,,,64,+30,1302,1302,13.3,3.6,3.6,29.0,15.6,13.7,31.0,14.4,,+6.0,22.5,18.1,,,,,+135,+633,+137,+645,+135,+615,+139,+640,,,-100,+4.996,,+29.0,+4.998,,,,+15.6,+13.7,+63.9,+29.5,,,,,
71.81,1,7,UNKNOWN_DATE_TIME,+40.52989,-78.64837,64,7.4,35.0,+11.6,,,,,17:09:52,+11.8,-0.3,50.0,0.0,+73,+3.9,-0.02,+1.1,99,+33,+21,0.0,29.84,+847,,,208,,,,,0,0,,,+0,,,,+11,,,+16,,,,,,,,,64,+30,1303,1303,13.3,3.6,3.6,29.0,15.6,13.7,31.0,14.4,,+6.0,22.5,18.1,,,,,+136,+633,+137,+645,+135,+614,+139,+640,,,-100,+4.996,,+29.0,+4.998,,,,+15.6,+13.7,+64.0,+29.5,,,,,
72.06,1,7,UNKNOWN_DATE_TIME,+40.52990,-78.64836,64,7.7,35.1,+11.6,,,,,17:09:52,+11.3,-0.7,50.9,0.0,+73,+3.8,-0.02,+1.1,99,+25,+21,0.0,29.84,+847,,,208,,,,,0,0,,,+0,,,,+11,,,+16,,,,,,,,,64,+30,1302,1302,13.3,3.6,3.6,29.0,15.6,13.7,31.0,14.4,,+6.0,22.5,18.1,,,,,+136,+634,+137,+645,+135,+614,+139,+640,,,-100,+4.996,,+29.0,+4.998,,,,+15.6,+13.7,+63.9,+29.5,,,,,
72.31,1,7,UNKNOWN_DATE_TIME,+40.52991,-78.64836,65,7.9,35.8,+11.6,,,,,17:09:52,+11.2,-0.8,52.0,0.0,+73,+3.8,-0.04,+0.8,99,-2,+21,0.0,29.84,+846,,,208,,,,,0,0,,,+0,,,,+11,,,+19,,,,,,,,,64,+30,1303,1303,13.3,3.6,3.6,28.9,15.6,13.7,31.0,14.4,,+6.0,22.5,18.1,,,,,+136,+634,+137,+645,+135,+614,+139,+640,,,-100,+4.996,,+28.9,+4.998,,,,+15.6,+13.7,+64.0,+29.6,,,,,
72.56,1,7,UNKNOWN_DATE_TIME,+40.52991,-78.64835,64,8.0,38.0,+11.6,,,,,17:09:52,+11.2,-0.1,53.2,0.0,+73,+4.0,-0.02,+1.1,99,-2,+21,0.0,29.84,+846,,,208,,,,,0,0,,,+0,,,,+11,,,+22,,,,,,,,,64,+30,1301,1301,13.3,3.6,3.6,29.0,15.6,13.8,31.0,14.4,,+6.0,22.5,18.1,,,,,+136,+634,+137,+645,+135,+614,+139,+641,,,-100,+4.996,,+29.0,+4.998,,,,+15.6,+13.8,+63.9,+29.6,,,,,
72.81,1,7,UNKNOWN_DATE_TIME,+40.52992,-78.64834,64,8.1,39.2,+11.6,,,,,17:09:53,+11.8,-0.4,54.8,0.0,+73,+4.2,-0.03,+1.1,99,+15,+21,0.0,29.84,+846,,,208,,,,,0,0,,,+0,,,,+11,,,+27,,,,,,,,,64,+30,1303,1303,13.3,3.6,3.6,29.0,15.6,13.8,31.0,14.4,,+6.0,22.5,18.1,,,,,+136,+634,+137,+645,+135,+614,+139,+641,,,-100,+4.996,,+29.0,+4.998,,,,+15.6,+13.8,+63.9,+29.6,,,,,
73.06,1,7,UNKNOWN_DATE_TIME,+40.52992,-78.64834,64,8.1,40.4,+11.6,,,,,17:09:53,+12.1,+0.0,56.4,0.0,+73,+4.6,-0.03,+0.9,99,-13,+21,0.0,29.85,+846,,,208,,,,,0,0,,,+0,,,,+11,,,+28,,,,,,,,,64,+30,1299,1299,13.3,3.6,3.6,29.0,15.6,13.8,31.0,14.4,,+6.0,22.5,18.1,,,,,+136,+634,+137,+645,+135,+614,+139,+642,,,-100,+4.996,,+29.0,+4.998,,,,+15.6,+13.8,+63.9,+29.6,,,,,
73.31,1,7,UNKNOWN_DATE_TIME,+40.52993,-78.64833,64,8.1,41.3,+11.6,,,,,17:09:53,+12.3,-0.5,57.9,0.0,+73,+4.9,-0.03,+1.6,99,-22,+21,0.0,29.85,+846,,,208,,,,,0,0,,,+0,,,,+11,,,+28,,,,,,,,,64,+30,1299,1299,13.3,3.6,3.6,29.0,15.6,13.8,31.0,14.4,,+6.0,22.5,18.1,,,,,+136,+634,+137,+645,+135,+614,+139,+643,,,-100,+4.996,,+29.0,+4.998,,,,+15.6,+13.8,+63.8,+29.6,,,,,
73.56,1,7,UNKNOWN_DATE_TIME,+40.52994,-78.64832,64,8.2,42.6,+11.6,,,,,17:09:53,+11.9,-0.5,59.5,0.0,+73,+5.2,-0.03,+1.0,99,-18,+21,0.0,29.85,+846,,,208,,,,,0,0,,,+0,,,,+11,,,+28,,,,,,,,,64,+30,1302,1302,13.3,3.6,3.6,29.0,15.6,13.8,31.0,14.4,,+6.0,22.5,18.1,,,,,+136,+634,+137,+644,+135,+614,+139,+643,,,-100,+4.996,,+29.0,+4.998,,,,+15.6,+13.8,+63.8,+29.6,,,,,
73.81,1,7,UNKNOWN_DATE_TIME,+40.52995,-78.64831,63,8.3,43.8,+11.6,,,,,17:09:54,+11.5,-0.6,61.6,0.0,+73,+5.6,-0.04,+0.8,99,-25,+21,0.0,29.85,+846,,,208,,,,,0,0,,,+0,,,,+11,,,+26,,,,,,,,,64,+30,1306,1306,13.3,3.6,3.6,29.0,15.6,13.8,31.0,14.4,,+6.0,22.5,18.1,,,,,+136,+634,+137,+644,+135,+613,+139,+643,,,-100,+4.996,,+29.0,+4.998,,,,+15.6,+13.8,+63.9,+29.7,,,,,
74.06,1,7,UNKNOWN_DATE_TIME,+40.52995,-78.64830,63,8.4,45.1,+11.6,,,,,17:09:54,+11.5,-0.6,63.8,0.0,+73,+6.1,-0.05,+1.3,99,-31,+21,0.0,29.85,+846,,,208,,,,,0,0,,,+0,,,,+11,,,+33,,,,,,,,,64,+30,1304,1304,13.3,3.6,3.6,29.0,15.6,13.8,31.0,14.4,,+6.1,22.5,18.1,,,,,+136,+634,+138,+644,+135,+613,+140,+643,,,-100,+4.996,,+29.0,+4.998,,,,+15.6,+13.8,+63.8,+29.7,,,,,
74.31,1,7,UNKNOWN_DATE_TIME,+40.52996,-78.64830,63,8.4,47.7,+11.6,,,,,17:09:54,+11.7,-0.5,66.4,0.0,+73,+6.8,-0.05,+0.9,99,-8,+21,0.0,29.85,+846,,,208,,,,,0,0,,,+0,,,,+11,,,+32,,,,,,,,,64,+30,1306,1306,13.3,3.6,3.6,29.0,15.6,13.8,31.0,14.4,,+6.1,22.5,18.1,,,,,+136,+634,+137,+644,+135,+613,+140,+643,,,-100,+4.996,,+29.0,+4.998,,,,+15.6,+13.8,+63.8,+29.7,,,,,
74.56,1,7,UNKNOWN_DATE_TIME,+40.52996,-78.64828,63,8.3,51.5,+11.6,,,,,17:09:54,+11.8,-0.5,69.3,0.0,+73,+7.6,-0.05,+0.7,99,+8,+21,0.0,29.85,+846,,,208,,,,,0,0,,,+0,,,,+11,,,+31,,,,,,,,,64,+30,1305,1305,13.3,3.6,3.6,29.0,15.6,13.8,31.0,14.4,,+6.1,22.5,18.1,,,,,+136,+634,+137,+644,+135,+613,+140,+642,,,-100,+4.996,,+29.0,+4.998,,,,+15.6,+13.8,+63.8,+29.7,,,,,
74.81,1,7,UNKNOWN_DATE_TIME,+40.52997,-78.64827,62,8.3,52.8,+11.6,,,,,17:09:55,+12.1,-1.2,72.2,0.0,+73,+8.4,-0.07,+0.9,99,-25,+21,0.0,29.85,+846,,,208,,,,,0,0,,,+0,,,,+11,,,+31,,,,,,,,,64,+30,1304,1304,13.3,3.6,3.6,29.0,15.6,13.8,31.0,14.4,,+6.1,22.5,18.1,,,,,+136,+634,+138,+644,+135,+613,+140,+642,,,-100,+4.996,,+29.0,+4.998,,,,+15.6,+13.8,+63.8,+29.7,,,,,
