bucket	module	resource	slots	reason	value
NEUTRAL	app	app_name		brand or developer surface	SquawkIt
NEUTRAL	composeApp	clearing_local_data		no domain vocabulary	Clearing local data…
NEUTRAL	composeApp	database_error		no domain vocabulary	Database Error
NEUTRAL	composeApp	database_problem_message		no domain vocabulary	A problem was detected with the local database. Tap below to wipe your device's copy and re-sync from the cloud. Your cloud data is safe and will be restored.
NEUTRAL	composeApp	wipe_and_resync		no domain vocabulary	Wipe and Re-sync
NEUTRAL	composeApp	wiping		no domain vocabulary	Wiping…
NEUTRAL	core/sharedassets	accept		no domain vocabulary	Accept
NEUTRAL	core/sharedassets	add		no domain vocabulary	Add
NEUTRAL	core/sharedassets	all		no domain vocabulary	All
NEUTRAL	core/sharedassets	app_name		brand or developer surface	SquawkIt
NEUTRAL	core/sharedassets	back		no domain vocabulary	Back
NEUTRAL	core/sharedassets	cancel		no domain vocabulary	Cancel
NEUTRAL	core/sharedassets	configuration		no domain vocabulary	Configuration
NEUTRAL	core/sharedassets	continue_action		no domain vocabulary	Continue
NEUTRAL	core/sharedassets	dash		no domain vocabulary	—
NEUTRAL	core/sharedassets	delete		no domain vocabulary	Delete
NEUTRAL	core/sharedassets	delete_failed		no domain vocabulary	Delete failed
NEUTRAL	core/sharedassets	details		no domain vocabulary	Details
NEUTRAL	core/sharedassets	discard		no domain vocabulary	Discard
NEUTRAL	core/sharedassets	dismiss		no domain vocabulary	Dismiss
NEUTRAL	core/sharedassets	done		no domain vocabulary	Done
NEUTRAL	core/sharedassets	edit		no domain vocabulary	Update
NEUTRAL	core/sharedassets	edit_profile		no domain vocabulary	Update Profile
NEUTRAL	core/sharedassets	enter_invite_code		no domain vocabulary	Enter invite code
NEUTRAL	core/sharedassets	error_occurred		no domain vocabulary	An error occurred
NEUTRAL	core/sharedassets	file_size_bytes		no domain vocabulary	%1$s B
NEUTRAL	core/sharedassets	file_size_kb		no domain vocabulary	%1$s KB
NEUTRAL	core/sharedassets	file_size_mb		no domain vocabulary	%1$s MB
NEUTRAL	core/sharedassets	file_size_zero_kb		no domain vocabulary	0 KB
NEUTRAL	core/sharedassets	make_model_template		no domain vocabulary	%1$s %2$s
NEUTRAL	core/sharedassets	manage_access		no domain vocabulary	Manage Access
NEUTRAL	core/sharedassets	none		no domain vocabulary	None
NEUTRAL	core/sharedassets	not_now		no domain vocabulary	Not now
NEUTRAL	core/sharedassets	ok		no domain vocabulary	OK
NEUTRAL	core/sharedassets	or		no domain vocabulary	OR
NEUTRAL	core/sharedassets	remove		no domain vocabulary	Remove
NEUTRAL	core/sharedassets	required		no domain vocabulary	Required
NEUTRAL	core/sharedassets	retry		no domain vocabulary	Try Again
NEUTRAL	core/sharedassets	save		no domain vocabulary	Save
NEUTRAL	core/sharedassets	save_changes		no domain vocabulary	Save Changes
NEUTRAL	core/sharedassets	save_failed		no domain vocabulary	Save failed
NEUTRAL	core/sharedassets	select_date		no domain vocabulary	Select Date
NEUTRAL	core/sharedassets	settings		no domain vocabulary	Settings
NEUTRAL	core/sharedassets	shell_nav_tasks_narrow		no domain vocabulary	Maint. Tasks
NEUTRAL	core/sharedassets	shell_tab_dashboard		no domain vocabulary	Dashboard
NEUTRAL	core/sharedassets	shell_tab_logs		no domain vocabulary	Logs
NEUTRAL	core/sharedassets	shell_tab_tasks		no domain vocabulary	Maint.
NEUTRAL	core/sharedassets	sync_changes_discarded		no domain vocabulary	Unsaved changes to %1$s were discarded — your access was removed
NEUTRAL	core/sharedassets	unit_hours		no domain vocabulary	hrs
NEUTRAL	core/sharedassets	unknown		no domain vocabulary	Unknown
NEUTRAL	core/sharedassets	unsaved_changes		no domain vocabulary	Unsaved Changes
NEUTRAL	core/sharedassets	unsaved_changes_message		no domain vocabulary	You have unsaved changes. Are you sure you want to leave?
NEUTRAL	feature/ads/sharedassets	ads_a11y_advertisement		no domain vocabulary	Advertisement
NEUTRAL	feature/ads/sharedassets	ads_sponsored_label		no domain vocabulary	Sponsored
NEUTRAL	feature/attachment/sharedassets	add_file_failed		no domain vocabulary	Failed to add file
NEUTRAL	feature/attachment/sharedassets	add_link		no domain vocabulary	Add link
NEUTRAL	feature/attachment/sharedassets	attachment_limits_hint		no domain vocabulary	Up to 3 files · Max 5 MB each
NEUTRAL	feature/attachment/sharedassets	attachment_type_file		no domain vocabulary	File
NEUTRAL	feature/attachment/sharedassets	attachment_type_image		no domain vocabulary	Image
NEUTRAL	feature/attachment/sharedassets	attachment_type_link		no domain vocabulary	Link
NEUTRAL	feature/attachment/sharedassets	attachment_type_pdf		no domain vocabulary	PDF
NEUTRAL	feature/attachment/sharedassets	attachment_type_text		no domain vocabulary	Text
NEUTRAL	feature/attachment/sharedassets	attachments		no domain vocabulary	Attachments
NEUTRAL	feature/attachment/sharedassets	choose_file		no domain vocabulary	Choose file
NEUTRAL	feature/attachment/sharedassets	delete_saved_attachment_message		no domain vocabulary	The file will be permanently deleted when you save.
NEUTRAL	feature/attachment/sharedassets	delete_saved_attachment_title		no domain vocabulary	Remove file?
NEUTRAL	feature/attachment/sharedassets	duplicate_file_skipped		no domain vocabulary	Already attached — duplicate files were skipped
NEUTRAL	feature/attachment/sharedassets	file_added		no domain vocabulary	File added
NEUTRAL	feature/attachment/sharedassets	file_read_error		no domain vocabulary	Could not read selected file
NEUTRAL	feature/attachment/sharedassets	file_too_large		no domain vocabulary	File exceeds 5 MB limit
NEUTRAL	feature/attachment/sharedassets	file_upload_coming_soon		no domain vocabulary	Subscribe to SquawkIt Pro to attach photos &amp; files
NEUTRAL	feature/attachment/sharedassets	files_over_limit_skipped		no domain vocabulary	Only 3 files can be attached — the extra files were not added
NEUTRAL	feature/attachment/sharedassets	invalid_url		no domain vocabulary	Enter a valid URL
NEUTRAL	feature/attachment/sharedassets	link_added		no domain vocabulary	Link added
NEUTRAL	feature/attachment/sharedassets	link_name		no domain vocabulary	Name (optional)
NEUTRAL	feature/attachment/sharedassets	link_url		no domain vocabulary	URL
NEUTRAL	feature/attachment/sharedassets	max_files_reached		no domain vocabulary	Maximum 3 files reached
NEUTRAL	feature/attachment/sharedassets	no_attachments		no domain vocabulary	No attachments yet
NEUTRAL	feature/attachment/sharedassets	open_failed		no domain vocabulary	Could not open attachment. Try again.
NEUTRAL	feature/attachment/sharedassets	opening_attachment		no domain vocabulary	Opening…
NEUTRAL	feature/attachment/sharedassets	remove_attachment		no domain vocabulary	Remove attachment
NEUTRAL	feature/attachment/sharedassets	retry_upload		no domain vocabulary	Retry upload
NEUTRAL	feature/attachment/sharedassets	sign_in_to_add_attachments		no domain vocabulary	Sign in to add attachments
NEUTRAL	feature/attachment/sharedassets	subtitle_separator		no domain vocabulary	·
NEUTRAL	feature/attachment/sharedassets	take_photo		no domain vocabulary	Take photo
NEUTRAL	feature/attachment/sharedassets	upload_failed		no domain vocabulary	Upload failed
NEUTRAL	feature/attachment/sharedassets	upload_network_error		no domain vocabulary	Upload failed. Check your connection.
NEUTRAL	feature/attachment/sharedassets	upload_permission_error		no domain vocabulary	Upload failed: permission denied
NEUTRAL	feature/export/sharedassets	export_all_time		no domain vocabulary	All time
NEUTRAL	feature/export/sharedassets	export_back_to_setup		no domain vocabulary	Back to setup
NEUTRAL	feature/export/sharedassets	export_clear_all		no domain vocabulary	Clear all
NEUTRAL	feature/export/sharedassets	export_custom		no domain vocabulary	Custom
NEUTRAL	feature/export/sharedassets	export_custom_end_date		no domain vocabulary	End date
NEUTRAL	feature/export/sharedassets	export_custom_range_title		no domain vocabulary	Custom range
NEUTRAL	feature/export/sharedassets	export_custom_start_date		no domain vocabulary	Start date
NEUTRAL	feature/export/sharedassets	export_date_range_section		no domain vocabulary	Date range
NEUTRAL	feature/export/sharedassets	export_delivery_note		no domain vocabulary	Your export will be sent to %1$s.
NEUTRAL	feature/export/sharedassets	export_delivery_title		no domain vocabulary	Export delivery email
NEUTRAL	feature/export/sharedassets	export_download		no domain vocabulary	Download
NEUTRAL	feature/export/sharedassets	export_download_failed		no domain vocabulary	Couldn’t download the export
NEUTRAL	feature/export/sharedassets	export_download_success		no domain vocabulary	Saved to your device
NEUTRAL	feature/export/sharedassets	export_email_sent_action		no domain vocabulary	Emailed
NEUTRAL	feature/export/sharedassets	export_error_details		no domain vocabulary	If this keeps happening, contact support@fanfly.dev so we can look into it.
NEUTRAL	feature/export/sharedassets	export_error_subtitle		no domain vocabulary	Something went wrong while building the ZIP. Try again in a moment.
NEUTRAL	feature/export/sharedassets	export_error_title		no domain vocabulary	Export failed
NEUTRAL	feature/export/sharedassets	export_estimated_size		no domain vocabulary	~%1$s
NEUTRAL	feature/export/sharedassets	export_format_csv_sub		no domain vocabulary	Plain text
NEUTRAL	feature/export/sharedassets	export_format_pdf_sub		no domain vocabulary	Print-ready
NEUTRAL	feature/export/sharedassets	export_format_pick_one		no domain vocabulary	Pick at least one format
NEUTRAL	feature/export/sharedassets	export_format_xlsx_sub		no domain vocabulary	Spreadsheet
NEUTRAL	feature/export/sharedassets	export_formats_helper		no domain vocabulary	%1$s bundled in a ZIP with your attached files.
NEUTRAL	feature/export/sharedassets	export_formats_section		no domain vocabulary	Report formats
NEUTRAL	feature/export/sharedassets	export_history_action		no domain vocabulary	Export history
NEUTRAL	feature/export/sharedassets	export_history_delete_confirm_body		no domain vocabulary	%1$s will be permanently removed from this device.
NEUTRAL	feature/export/sharedassets	export_history_delete_confirm_body_cloud_only		no domain vocabulary	%1$s will be permanently removed from cloud.
NEUTRAL	feature/export/sharedassets	export_history_delete_confirm_body_device_and_cloud		no domain vocabulary	%1$s will be permanently removed from this device and cloud.
NEUTRAL	feature/export/sharedassets	export_history_delete_confirm_title		no domain vocabulary	Delete export?
NEUTRAL	feature/export/sharedassets	export_history_delivery_failed		no domain vocabulary	Failed to send email
NEUTRAL	feature/export/sharedassets	export_history_delivery_in_progress		no domain vocabulary	Email is already being sent
NEUTRAL	feature/export/sharedassets	export_history_delivery_manual		no domain vocabulary	Manual share only
NEUTRAL	feature/export/sharedassets	export_history_delivery_queued		no domain vocabulary	Email requested
NEUTRAL	feature/export/sharedassets	export_history_delivery_retry		no domain vocabulary	Retry email delivery
NEUTRAL	feature/export/sharedassets	export_history_delivery_sending		no domain vocabulary	Sending email
NEUTRAL	feature/export/sharedassets	export_history_delivery_sent		no domain vocabulary	Email sent
NEUTRAL	feature/export/sharedassets	export_history_delivery_throttled		no domain vocabulary	Already sent recently — try again later
NEUTRAL	feature/export/sharedassets	export_history_empty_title		no domain vocabulary	No exports yet
NEUTRAL	feature/export/sharedassets	export_history_item_meta		no domain vocabulary	%1$s · %2$s
NEUTRAL	feature/export/sharedassets	export_history_menu_delete		no domain vocabulary	Delete export
NEUTRAL	feature/export/sharedassets	export_history_menu_download		no domain vocabulary	Download
NEUTRAL	feature/export/sharedassets	export_history_menu_resend		no domain vocabulary	Resend email
NEUTRAL	feature/export/sharedassets	export_history_menu_save		no domain vocabulary	Save to device
NEUTRAL	feature/export/sharedassets	export_history_more_actions		no domain vocabulary	More actions
NEUTRAL	feature/export/sharedassets	export_history_new		no domain vocabulary	New export
NEUTRAL	feature/export/sharedassets	export_history_remote_expired		no domain vocabulary	Cloud copy expired %1$s
NEUTRAL	feature/export/sharedassets	export_history_remote_expires_on		no domain vocabulary	Cloud copy expires %1$s
NEUTRAL	feature/export/sharedassets	export_history_status_cloud		no domain vocabulary	In the cloud
NEUTRAL	feature/export/sharedassets	export_history_status_device		no domain vocabulary	On device
NEUTRAL	feature/export/sharedassets	export_history_title		no domain vocabulary	Export history
NEUTRAL	feature/export/sharedassets	export_last_12_months		no domain vocabulary	Last 12 months
NEUTRAL	feature/export/sharedassets	export_last_n_months		no domain vocabulary	Last %1$d months
NEUTRAL	feature/export/sharedassets	export_location_downloads_squawkit		no domain vocabulary	Saved to Downloads · SquawkIt
NEUTRAL	feature/export/sharedassets	export_location_files_squawkit		no domain vocabulary	Saved to Files · SquawkIt
NEUTRAL	feature/export/sharedassets	export_primary_action		no domain vocabulary	Start
NEUTRAL	feature/export/sharedassets	export_progress_building_archive		no domain vocabulary	Generating reports...
NEUTRAL	feature/export/sharedassets	export_progress_building_archive_detail		no domain vocabulary	Writing the PDF, CSV, XLSX, and README contents for the ZIP.
NEUTRAL	feature/export/sharedassets	export_progress_compressing_archive		no domain vocabulary	Compressing files...
NEUTRAL	feature/export/sharedassets	export_progress_compressing_archive_detail		no domain vocabulary	Packing documents and attachments into the final ZIP archive.
NEUTRAL	feature/export/sharedassets	export_progress_saving_file		no domain vocabulary	Saving export...
NEUTRAL	feature/export/sharedassets	export_progress_saving_file_detail		no domain vocabulary	Writing the ZIP to your device and updating local export history.
NEUTRAL	feature/export/sharedassets	export_progress_uploading_archive		no domain vocabulary	Syncing to the cloud...
NEUTRAL	feature/export/sharedassets	export_progress_uploading_archive_detail		no domain vocabulary	Uploading your archive so it's ready to download or email later.
NEUTRAL	feature/export/sharedassets	export_receipt_attachments		no domain vocabulary	Attachments
NEUTRAL	feature/export/sharedassets	export_receipt_attachments_included		no domain vocabulary	Included
NEUTRAL	feature/export/sharedassets	export_receipt_file_subtitle		no domain vocabulary	%1$s · ZIP containing %2$s + attachments
NEUTRAL	feature/export/sharedassets	export_receipt_range		no domain vocabulary	Range
NEUTRAL	feature/export/sharedassets	export_resend_email		no domain vocabulary	Email this export again
NEUTRAL	feature/export/sharedassets	export_running_cancel_notice		no domain vocabulary	Leaving this screen now will cancel the export.
NEUTRAL	feature/export/sharedassets	export_running_progress_percent		no domain vocabulary	%1$d% complete
NEUTRAL	feature/export/sharedassets	export_running_stage_counter		no domain vocabulary	%1$d / %2$d
NEUTRAL	feature/export/sharedassets	export_running_steps_title		no domain vocabulary	Current progress
NEUTRAL	feature/export/sharedassets	export_running_title		no domain vocabulary	Preparing export
NEUTRAL	feature/export/sharedassets	export_select_all		no domain vocabulary	Select all
NEUTRAL	feature/export/sharedassets	export_send_to_email_action		no domain vocabulary	Email it to me
NEUTRAL	feature/export/sharedassets	export_stub_preview_file_name		no domain vocabulary	SquawkIt_Logs_preview.zip
NEUTRAL	feature/export/sharedassets	export_stub_preview_location		no domain vocabulary	Saved to this device
NEUTRAL	feature/export/sharedassets	export_success_delivery_auth		no domain vocabulary	Destination: signed-in account email %1$s
NEUTRAL	feature/export/sharedassets	export_success_delivery_failed		no domain vocabulary	Delivery failed. Use Download for now, then try emailing it again.
NEUTRAL	feature/export/sharedassets	export_success_delivery_failed_title		no domain vocabulary	Delivery failed
NEUTRAL	feature/export/sharedassets	export_success_title		no domain vocabulary	Export ready
NEUTRAL	feature/export/sharedassets	export_view_exports		no domain vocabulary	View exports
NEUTRAL	feature/export/sharedassets	feature_name_export_logs		no domain vocabulary	Export Logs
NEUTRAL	feature/fleet/sharedassets	have_invite_code		no domain vocabulary	Have an invite code?
NEUTRAL	feature/login	account_upgrade_error		no domain vocabulary	Couldn't complete sync. Please try again.
NEUTRAL	feature/login	account_upgrade_success		no domain vocabulary	Syncing complete
NEUTRAL	feature/login	account_upgrade_working		no domain vocabulary	Syncing your records…
NEUTRAL	feature/login	apple_logo		no domain vocabulary	Apple Logo
NEUTRAL	feature/login	continue_without_account		no domain vocabulary	Continue Anonymously
NEUTRAL	feature/login	email_entry_hint		no domain vocabulary	you@example.com
NEUTRAL	feature/login	email_entry_title		no domain vocabulary	Log in with email
NEUTRAL	feature/login	email_finish_body		no domain vocabulary	Confirm the email this link was sent to.
NEUTRAL	feature/login	email_finish_title		no domain vocabulary	Finish signing in
NEUTRAL	feature/login	email_invalid		no domain vocabulary	Enter a valid email address.
NEUTRAL	feature/login	email_link_error		no domain vocabulary	That link didn't work. Request a new one.
NEUTRAL	feature/login	email_link_sent_body		no domain vocabulary	We sent a sign-in link to %1$s. Open it on this device to finish logging in.
NEUTRAL	feature/login	email_link_sent_title		no domain vocabulary	Check your inbox
NEUTRAL	feature/login	email_resend		no domain vocabulary	Resend link
NEUTRAL	feature/login	email_resend_in		no domain vocabulary	Resend in %1$s
NEUTRAL	feature/login	email_send_link		no domain vocabulary	Send sign-in link
NEUTRAL	feature/login	email_use_different		no domain vocabulary	Use a different email
NEUTRAL	feature/login	google_logo		no domain vocabulary	Google Logo
NEUTRAL	feature/login	onboarding_ads_consent_body		no domain vocabulary	Ads cover the servers, so SquawkIt stays free. Next, choose how they can use your data.
NEUTRAL	feature/login	onboarding_ads_consent_eyebrow		no domain vocabulary	Keeping the lights on
NEUTRAL	feature/login	onboarding_ads_consent_headline		no domain vocabulary	A few small ads 📣
NEUTRAL	feature/login	onboarding_ads_consent_pro_note		no domain vocabulary	Go ad-free anytime with SquawkIt Pro.
NEUTRAL	feature/login	onboarding_name_body		no domain vocabulary	Just so we know who's logging any maintenance work. You can change it anytime in Settings.
NEUTRAL	feature/login	onboarding_name_eyebrow		no domain vocabulary	QUICK HELLO
NEUTRAL	feature/login	onboarding_name_headline		no domain vocabulary	What should we\ncall you?
NEUTRAL	feature/login	onboarding_name_hint		no domain vocabulary	e.g. Amelia Earhart
NEUTRAL	feature/login	onboarding_name_label		no domain vocabulary	YOUR NAME
NEUTRAL	feature/login	onboarding_notifications_denied_action		no domain vocabulary	Open settings
NEUTRAL	feature/login	onboarding_notifications_denied_eyebrow		no domain vocabulary	Notifications are off
NEUTRAL	feature/login	onboarding_notifications_denied_headline		no domain vocabulary	Turn them back on
NEUTRAL	feature/login	onboarding_notifications_eyebrow		no domain vocabulary	Stay in the loop
NEUTRAL	feature/login	onboarding_notifications_headline		no domain vocabulary	Know when it matters
NEUTRAL	feature/login	onboarding_welcome_aboard		no domain vocabulary	Welcome aboard
NEUTRAL	feature/login	privacy_notice		no domain vocabulary	Privacy Notice
NEUTRAL	feature/login	sign_in_anonymous_error		no domain vocabulary	Could not continue anonymously. Please try again.
NEUTRAL	feature/login	sign_in_error		no domain vocabulary	Sign-in failed. Check your connection and try again.
NEUTRAL	feature/login	sign_in_with_apple		no domain vocabulary	Log in with Apple
NEUTRAL	feature/login	sign_in_with_email		no domain vocabulary	Log in with email
NEUTRAL	feature/login	sign_in_with_google		no domain vocabulary	Log in with Google
NEUTRAL	feature/login	upgrade_confirm_link_body		no domain vocabulary	Your records on this device will be connected to %1$s and backed up. If that isn't your address, cancel and start again.
NEUTRAL	feature/login	upgrade_confirm_link_confirm		no domain vocabulary	Connect
NEUTRAL	feature/login	upgrade_confirm_link_title		no domain vocabulary	Connect this account?
NEUTRAL	feature/login	upgrade_email_body		no domain vocabulary	We'll email you a link. Open it on this device to finish connecting your account.
NEUTRAL	feature/login	upgrade_email_invalid		no domain vocabulary	Enter a valid email address
NEUTRAL	feature/login	upgrade_email_label		no domain vocabulary	Email address
NEUTRAL	feature/login	upgrade_email_send		no domain vocabulary	Send link
NEUTRAL	feature/login	upgrade_email_send_failed		no domain vocabulary	Couldn't send the link. Please try again.
NEUTRAL	feature/login	upgrade_email_title		no domain vocabulary	Continue with email
NEUTRAL	feature/login	upgrade_link_sent_body		no domain vocabulary	We sent a link to %1$s. Open it on this device and we'll ask you to confirm before connecting your records.
NEUTRAL	feature/login	upgrade_link_sent_title		no domain vocabulary	Check your email
NEUTRAL	feature/login	upgrade_merge_confirm		no domain vocabulary	Merge my records
NEUTRAL	feature/login	upgrade_merge_reauth		no domain vocabulary	You'll be asked to confirm with %1$s once more — that second prompt is what signs you in to the existing account.
NEUTRAL	feature/login	upgrade_merge_title		no domain vocabulary	That %1$s already has an account
NEUTRAL	feature/login	upgrade_picker_title		no domain vocabulary	Keep your records
NEUTRAL	feature/login	upgrade_provider_apple		no domain vocabulary	Apple ID
NEUTRAL	feature/login	upgrade_provider_email		no domain vocabulary	email address
NEUTRAL	feature/login	upgrade_provider_google		no domain vocabulary	Google account
NEUTRAL	feature/logs/sharedassets	add_first_maintenance_log		no domain vocabulary	Log First Entry
NEUTRAL	feature/logs/sharedassets	blade		no domain vocabulary	Blade
NEUTRAL	feature/logs/sharedassets	blade_with_index		no domain vocabulary	Blade %1$d
NEUTRAL	feature/logs/sharedassets	engine_time_label		no domain vocabulary	Engine Time
NEUTRAL	feature/logs/sharedassets	engine_with_index		no domain vocabulary	Engine %1$d
NEUTRAL	feature/logs/sharedassets	log_assigned_by		no domain vocabulary	Logged by %1$s
NEUTRAL	feature/logs/sharedassets	log_assigned_by_unknown		no domain vocabulary	Logged by another member
NEUTRAL	feature/logs/sharedassets	maintenance_date		no domain vocabulary	Work Date
NEUTRAL	feature/logs/sharedassets	maintenance_history		no domain vocabulary	Maintenance History
NEUTRAL	feature/logs/sharedassets	this_action_cannot_be_undone		no domain vocabulary	This action cannot be undone.
NEUTRAL	feature/logs/update	date_section_description		no domain vocabulary	When this work was performed
NEUTRAL	feature/logs/update	delete_log		no domain vocabulary	Delete Log?
NEUTRAL	feature/logs/update	engine_time_hours		no domain vocabulary	Engine Time (hours)
NEUTRAL	feature/logs/update	hours_section_description		no domain vocabulary	Fill the fields that apply to this work event
NEUTRAL	feature/logs/update	log_deleted		no domain vocabulary	Log deleted
NEUTRAL	feature/logs/update	log_not_found		no domain vocabulary	Log not found
NEUTRAL	feature/logs/update	log_saved		no domain vocabulary	Log saved
NEUTRAL	feature/logs/update	log_tab_hours		no domain vocabulary	Hours
NEUTRAL	feature/logs/update	log_tab_records		no domain vocabulary	Records
NEUTRAL	feature/logs/update	log_tab_work		no domain vocabulary	Work
NEUTRAL	feature/logs/update	log_updated		no domain vocabulary	Log updated
NEUTRAL	feature/logs/update	make_model_serial		no domain vocabulary	%1$s (%2$s)
NEUTRAL	feature/logs/update	tap_to_change_date		no domain vocabulary	Tap to change date
NEUTRAL	feature/logs/update	type_make_model_serial		no domain vocabulary	%1$s - %2$s (%3$s)
NEUTRAL	feature/logs/update	work_description_required		no domain vocabulary	Work Description *
NEUTRAL	feature/logs/viewing	blade_abbreviation_with_index		no domain vocabulary	B%1$d: %2$s
NEUTRAL	feature/logs/viewing	clear_filter		no domain vocabulary	Clear Filter
NEUTRAL	feature/logs/viewing	collapse_details		no domain vocabulary	Collapse details
NEUTRAL	feature/logs/viewing	engine_time_abbr		no domain vocabulary	Eng
NEUTRAL	feature/logs/viewing	expand_details		no domain vocabulary	Expand details
NEUTRAL	feature/logs/viewing	failed_to_load_logs		no domain vocabulary	Could not load maintenance logs
NEUTRAL	feature/logs/viewing	filter_by_type		no domain vocabulary	Filter by Type
NEUTRAL	feature/logs/viewing	hours_abbr_value		no domain vocabulary	%1$s hrs
NEUTRAL	feature/logs/viewing	log_count_n_entries		no domain vocabulary	%1$d Entries
NEUTRAL	feature/logs/viewing	log_count_one_entry		no domain vocabulary	1 Entry
NEUTRAL	feature/logs/viewing	log_details		no domain vocabulary	Log details
NEUTRAL	feature/logs/viewing	log_task_count_one		no domain vocabulary	1 task
NEUTRAL	feature/logs/viewing	log_task_count_plural		no domain vocabulary	%1$d tasks
NEUTRAL	feature/logs/viewing	maintenance_logs		no domain vocabulary	Maintenance Logs
NEUTRAL	feature/logs/viewing	maintenance_summary		no domain vocabulary	Maintenance Summary
NEUTRAL	feature/logs/viewing	model_and_sn		no domain vocabulary	Model: %1$s %2$s\nS/N: %3$s\n
NEUTRAL	feature/logs/viewing	no_logs_match_filter		no domain vocabulary	No logs match your filter.
NEUTRAL	feature/logs/viewing	no_tasks_linked		no domain vocabulary	No tasks linked to this entry
NEUTRAL	feature/logs/viewing	s_n_empty		no domain vocabulary	No S/N
NEUTRAL	feature/logs/viewing	s_n_placeholder		no domain vocabulary	S/N: %1$s
NEUTRAL	feature/logs/viewing	search_logs		no domain vocabulary	Search logs…
NEUTRAL	feature/logs/viewing	showing_x_of_y		no domain vocabulary	Showing %1$d of %2$d
NEUTRAL	feature/logs/viewing	total_logs		no domain vocabulary	Total Logs
NEUTRAL	feature/notifications/devoptions	notifications_devoptions_diagnostics_at		no domain vocabulary	Last scan: %1$s
NEUTRAL	feature/notifications/devoptions	notifications_devoptions_diagnostics_counts		no domain vocabulary	%1$d records examined · %2$d crossings · %3$d suppressed by preferences · %4$d posted
NEUTRAL	feature/notifications/devoptions	notifications_devoptions_diagnostics_never		no domain vocabulary	No scan has completed on this device
NEUTRAL	feature/notifications/devoptions	notifications_devoptions_diagnostics_title		no domain vocabulary	Scan diagnostics
NEUTRAL	feature/notifications/devoptions	notifications_devoptions_diagnostics_trigger		no domain vocabulary	Trigger: %1$s
NEUTRAL	feature/notifications/devoptions	notifications_devoptions_header		no domain vocabulary	Notifications
NEUTRAL	feature/notifications/devoptions	notifications_devoptions_open_settings_action		no domain vocabulary	Open settings
NEUTRAL	feature/notifications/devoptions	notifications_devoptions_permission_title		no domain vocabulary	OS permission
NEUTRAL	feature/notifications/devoptions	notifications_devoptions_request_action		no domain vocabulary	Request permission
NEUTRAL	feature/notifications/devoptions	notifications_devoptions_reset_watermarks_action		no domain vocabulary	Reset
NEUTRAL	feature/notifications/devoptions	notifications_devoptions_reset_watermarks_done		no domain vocabulary	Cleared. Next scan re-seeds.
NEUTRAL	feature/notifications/devoptions	notifications_devoptions_reset_watermarks_hint		no domain vocabulary	Re-arms every crossing. The next scan re-seeds silently — change a record, then scan again to see a notification.
NEUTRAL	feature/notifications/devoptions	notifications_devoptions_reset_watermarks_no_user		no domain vocabulary	No signed-in user
NEUTRAL	feature/notifications/devoptions	notifications_devoptions_reset_watermarks_title		no domain vocabulary	Reset urgency watermarks
NEUTRAL	feature/notifications/devoptions	notifications_devoptions_scan_never_run		no domain vocabulary	Not run yet
NEUTRAL	feature/notifications/devoptions	notifications_devoptions_scan_now_action		no domain vocabulary	Scan now
NEUTRAL	feature/notifications/devoptions	notifications_devoptions_scan_now_title		no domain vocabulary	Urgency scan
NEUTRAL	feature/notifications/devoptions	notifications_devoptions_scan_result_completed		no domain vocabulary	Done — %1$d notification(s) posted
NEUTRAL	feature/notifications/devoptions	notifications_devoptions_scan_result_debounced		no domain vocabulary	Skipped — scanned within the last 2 hours
NEUTRAL	feature/notifications/devoptions	notifications_devoptions_scan_result_disabled		no domain vocabulary	Skipped — All notifications is off
NEUTRAL	feature/notifications/devoptions	notifications_devoptions_scan_result_no_permission		no domain vocabulary	Skipped — OS permission not granted
NEUTRAL	feature/notifications/devoptions	notifications_devoptions_scan_result_no_user		no domain vocabulary	No signed-in user
NEUTRAL	feature/notifications/devoptions	notifications_devoptions_scan_result_prefs_unresolved		no domain vocabulary	Preferences not resolved yet
NEUTRAL	feature/notifications/devoptions	notifications_devoptions_state_denied		no domain vocabulary	Denied — fix in system settings
NEUTRAL	feature/notifications/devoptions	notifications_devoptions_state_granted		no domain vocabulary	Granted
NEUTRAL	feature/notifications/devoptions	notifications_devoptions_state_undetermined		no domain vocabulary	Not yet asked
NEUTRAL	feature/notifications/devoptions	notifications_devoptions_state_unsupported		no domain vocabulary	Unsupported on this browser
NEUTRAL	feature/notifications/settings	notification_settings_all_subtitle_off		no domain vocabulary	Off — every notification below is silenced
NEUTRAL	feature/notifications/settings	notification_settings_all_subtitle_on		no domain vocabulary	On
NEUTRAL	feature/notifications/settings	notification_settings_all_title		no domain vocabulary	All notifications
NEUTRAL	feature/notifications/settings	notification_settings_banner_denied_open_settings		no domain vocabulary	Open settings
NEUTRAL	feature/notifications/settings	notification_settings_banner_denied_title		no domain vocabulary	Notifications are blocked
NEUTRAL	feature/notifications/settings	notification_settings_banner_unsupported_body		no domain vocabulary	This browser doesn’t support notifications. Your choices below are still saved for devices that do.
NEUTRAL	feature/notifications/settings	notification_settings_banner_unsupported_title		no domain vocabulary	Not supported in this browser
NEUTRAL	feature/notifications/settings	notification_settings_collaboration_title		no domain vocabulary	Collaboration
NEUTRAL	feature/notifications/settings	notification_settings_hero_body_off		no domain vocabulary	Turn on All notifications to hear about priority changes, due dates, and updates from your crew.
NEUTRAL	feature/notifications/settings	notification_settings_hero_body_on		no domain vocabulary	Hear about priority changes, due dates, and updates from your crew — the moment they happen.
NEUTRAL	feature/notifications/settings	notification_settings_hero_title_off		no domain vocabulary	Notifications are off
NEUTRAL	feature/notifications/settings	notification_settings_hero_title_on		no domain vocabulary	Stay in the loop
NEUTRAL	feature/notifications/settings	notification_settings_priority_due_title		no domain vocabulary	Priority &amp; due updates
NEUTRAL	feature/notifications/settings	notification_settings_save_error		no domain vocabulary	Couldn’t save that change. Try again.
NEUTRAL	feature/notifications/settings	notification_settings_signin_cta		no domain vocabulary	Sign in
NEUTRAL	feature/notifications/settings	notification_settings_signin_footer		no domain vocabulary	Sign in to get notified about changes other people make.
NEUTRAL	feature/notifications/settings	notification_settings_sync_off_cta		no domain vocabulary	Turn on sync
NEUTRAL	feature/notifications/settings	notification_settings_sync_off_footer		no domain vocabulary	Turn on Backup &amp; Sync to get notified about changes other people make.
NEUTRAL	feature/notifications/settings	notification_settings_title		no domain vocabulary	Notifications
NEUTRAL	feature/notifications/settings	notification_settings_types_label		no domain vocabulary	Notification types
NEUTRAL	feature/notifications/sharedassets	notification_body_due_soon_single		no domain vocabulary	%1$s: task is due soon\n\n%2$s
NEUTRAL	feature/notifications/sharedassets	notification_body_overdue_single		no domain vocabulary	%1$s: task is now overdue\n\n%2$s
NEUTRAL	feature/notifications/sharedassets	notification_body_priority_raised_single		no domain vocabulary	%1$s: priority raised from %2$s to %3$s\n\n%4$s
NEUTRAL	feature/notifications/sharedassets	notification_n1_actor_fallback		no domain vocabulary	A collaborator
NEUTRAL	feature/notifications/sharedassets	notification_n1_body_record_created		no domain vocabulary	%1$s: %2$s created a new %3$s\n\n%4$s
NEUTRAL	feature/notifications/sharedassets	notification_n1_body_record_deleted		no domain vocabulary	%1$s: %2$s deleted a %3$s\n\n%4$s
NEUTRAL	feature/notifications/sharedassets	notification_n1_body_record_updated		no domain vocabulary	%1$s: %2$s updated a %3$s\n\n%4$s
NEUTRAL	feature/notifications/sharedassets	notification_n1_body_single		no domain vocabulary	%1$s made a change to %2$s
NEUTRAL	feature/notifications/sharedassets	notification_n1_noun_task		no domain vocabulary	task
NEUTRAL	feature/notifications/sharedassets	notification_n1_section_tasks		no domain vocabulary	Tasks
NEUTRAL	feature/notifications/sharedassets	notification_n1_section_tasks_lower		no domain vocabulary	tasks
NEUTRAL	feature/notifications/sharedassets	notification_n1_title		no domain vocabulary	%1$s · %2$s
NEUTRAL	feature/notifications/sharedassets	notification_title_due_soon		no domain vocabulary	Due soon
NEUTRAL	feature/notifications/sharedassets	notification_title_overdue		no domain vocabulary	⚠ Overdue
NEUTRAL	feature/notifications/sharedassets	notification_title_priority_raised		no domain vocabulary	Priority raised
NEUTRAL	feature/notifications/viewing	notification_channel_collaboration_name		no domain vocabulary	Collaboration
NEUTRAL	feature/notifications/viewing	notification_channel_urgency_update_description		no domain vocabulary	A task’s urgency or due status has changed
NEUTRAL	feature/notifications/viewing	notification_channel_urgency_update_name		no domain vocabulary	Due reminder
NEUTRAL	feature/settings	account_upgrade_link_cta		no domain vocabulary	Link to an account
NEUTRAL	feature/settings	account_upgrade_link_subtitle		no domain vocabulary	Your records are on this device only. Link an account to sync and back them up.
NEUTRAL	feature/settings	app_version		no domain vocabulary	App Version: %1$s
NEUTRAL	feature/settings	appearance_dark		no domain vocabulary	Dark
NEUTRAL	feature/settings	appearance_light		no domain vocabulary	Light
NEUTRAL	feature/settings	appearance_subtitle		no domain vocabulary	Choose how SquawkIt looks on this device
NEUTRAL	feature/settings	appearance_system		no domain vocabulary	System
NEUTRAL	feature/settings	appearance_title		no domain vocabulary	Appearance
NEUTRAL	feature/settings	developer_options		brand or developer surface	Developer Options
NEUTRAL	feature/settings	developer_options_consent_test_device_placeholder		brand or developer surface	Paste hash from the console
NEUTRAL	feature/settings	developer_options_consent_test_device_subtitle		brand or developer surface	Required on a physical device (either platform) for the EEA debug-geography override to show the consent form at all — simulators/emulators don’t need this. Run once with this blank, then check the console for a message giving this device’s hash — Logcat tag "Ump" on Android, or search the Xcode console for "UMPDebugSettings.testDeviceIdentifiers" on iOS — and paste it here.
NEUTRAL	feature/settings	developer_options_consent_test_device_title		brand or developer surface	UMP test device hash
NEUTRAL	feature/settings	developer_options_force_ads_subtitle		brand or developer surface	Show display ads on any account, ignoring the tier. Everything else behaves normally, including the limit of 5 ads per session.
NEUTRAL	feature/settings	developer_options_force_ads_title		brand or developer surface	Force ads
NEUTRAL	feature/settings	developer_options_force_free		brand or developer surface	Basic
NEUTRAL	feature/settings	developer_options_force_off		brand or developer surface	Off
NEUTRAL	feature/settings	developer_options_force_pro		brand or developer surface	Pro
NEUTRAL	feature/settings	developer_options_force_subscription_subtitle		brand or developer surface	Make this account behave as the chosen tier, ignoring the real entitlement.
NEUTRAL	feature/settings	developer_options_force_subscription_title		brand or developer surface	Force subscription status
NEUTRAL	feature/settings	developer_options_reset_ad_consent_action		brand or developer surface	Reset
NEUTRAL	feature/settings	developer_options_reset_ad_consent_subtitle		brand or developer surface	Wipes this device's cached UMP consent state, so it resolves fresh next launch — as if this were a first install. The only way to re-test the onboarding consent explainer without clearing all local app data.
NEUTRAL	feature/settings	developer_options_reset_ad_consent_title		brand or developer surface	Reset ad consent
NEUTRAL	feature/settings	developer_options_subtitle		brand or developer surface	Advanced controls. Changes sync across your devices.
NEUTRAL	feature/settings	firebase_logging_subtitle		no domain vocabulary	Share anonymous diagnostics and usage data to help us improve SquawkIt
NEUTRAL	feature/settings	firebase_logging_title		no domain vocabulary	Help Us Improve
NEUTRAL	feature/settings	remove_local_data		no domain vocabulary	Remove this account from this device
NEUTRAL	feature/settings	settings_ad_privacy		no domain vocabulary	Ad privacy settings
NEUTRAL	feature/settings	settings_ad_privacy_subtitle		no domain vocabulary	Review or change your ad consent choice
NEUTRAL	feature/settings	settings_delete_account		no domain vocabulary	Delete Account
NEUTRAL	feature/settings	settings_delete_account_challenge_email		no domain vocabulary	To confirm, type your email address below:
NEUTRAL	feature/settings	settings_delete_account_challenge_hint		no domain vocabulary	Type to confirm
NEUTRAL	feature/settings	settings_delete_account_challenge_mismatch		no domain vocabulary	That does not match yet.
NEUTRAL	feature/settings	settings_delete_account_challenge_phrase		no domain vocabulary	To confirm, type this below:
NEUTRAL	feature/settings	settings_delete_account_challenge_word		no domain vocabulary	delete account
NEUTRAL	feature/settings	settings_delete_account_confirm		no domain vocabulary	Delete my account
NEUTRAL	feature/settings	settings_delete_account_failed		no domain vocabulary	Your account could not be deleted. Nothing has been removed — please try again.
NEUTRAL	feature/settings	settings_delete_account_subtitle		no domain vocabulary	Permanently delete your account and all its records
NEUTRAL	feature/settings	settings_delete_account_title		no domain vocabulary	Delete your account?
NEUTRAL	feature/settings	settings_developer_options_subtitle		no domain vocabulary	Advanced controls, synced across your devices
NEUTRAL	feature/settings	settings_logout_subtitle		no domain vocabulary	Sign out of your account on this device
NEUTRAL	feature/settings	settings_notifications		no domain vocabulary	Notifications
NEUTRAL	feature/settings	settings_notifications_subtitle_blocked		no domain vocabulary	Blocked in system settings
NEUTRAL	feature/settings	settings_notifications_subtitle_default		no domain vocabulary	Collaboration and urgency alerts
NEUTRAL	feature/settings	settings_notifications_subtitle_off		no domain vocabulary	Off — turn on to hear about changes
NEUTRAL	feature/settings	settings_subscription		no domain vocabulary	Subscription
NEUTRAL	feature/settings	settings_subscription_subtitle		no domain vocabulary	Your plan, benefits, and storage
NEUTRAL	feature/settings	settings_subtitle		no domain vocabulary	Account, appearance &amp; preferences
NEUTRAL	feature/settings	settings_sync_subtitle		no domain vocabulary	Keep your records synced across devices
NEUTRAL	feature/settings	sign_out		no domain vocabulary	Log out
NEUTRAL	feature/sharing/sharedassets	enter_code_field_label		no domain vocabulary	Invite code
NEUTRAL	feature/sharing/sharedassets	invite_cancel		no domain vocabulary	Cancel this code
NEUTRAL	feature/sharing/sharedassets	invite_copy		no domain vocabulary	Copy link
NEUTRAL	feature/sharing/sharedassets	invite_link_unavailable		no domain vocabulary	This code was created on another device. Codes are never stored, so it cannot be shown again — cancel it and create a new one.
NEUTRAL	feature/sharing/sharedassets	invite_qr_desc		no domain vocabulary	Invite QR code
NEUTRAL	feature/sharing/sharedassets	invite_role_label		no domain vocabulary	Role
NEUTRAL	feature/sharing/sharedassets	invite_role_owner		no domain vocabulary	Co-owner
NEUTRAL	feature/sharing/sharedassets	invite_scan_hint		no domain vocabulary	Or have them scan this.
NEUTRAL	feature/sharing/sharedassets	invite_share		no domain vocabulary	Share link
NEUTRAL	feature/sharing/sharedassets	leave_confirm_action		no domain vocabulary	Leave
NEUTRAL	feature/sharing/sharedassets	manage_access_badge_you		no domain vocabulary	You
NEUTRAL	feature/sharing/sharedassets	manage_access_code_subtitle		no domain vocabulary	%1$s · single use
NEUTRAL	feature/sharing/sharedassets	manage_access_code_title		no domain vocabulary	Invite code
NEUTRAL	feature/sharing/sharedassets	manage_access_create_invite		no domain vocabulary	Create invite code
NEUTRAL	feature/sharing/sharedassets	manage_access_done		no domain vocabulary	Done
NEUTRAL	feature/sharing/sharedassets	manage_access_empty_title		no domain vocabulary	No shared access
NEUTRAL	feature/sharing/sharedassets	manage_access_expires_in		no domain vocabulary	Expires in %1$s
NEUTRAL	feature/sharing/sharedassets	manage_access_expiry_note		no domain vocabulary	One person, one use. The code stops working once it’s redeemed, or after 24 hours.
NEUTRAL	feature/sharing/sharedassets	manage_access_help_title		no domain vocabulary	What each role can do
NEUTRAL	feature/sharing/sharedassets	manage_access_invite_meta		no domain vocabulary	%1$s · expires in %2$s
NEUTRAL	feature/sharing/sharedassets	manage_access_invites_hint		no domain vocabulary	Anyone holding a code can join. Codes are not tied to a person.
NEUTRAL	feature/sharing/sharedassets	manage_access_invites_section		no domain vocabulary	Open invite codes
NEUTRAL	feature/sharing/sharedassets	manage_access_member_count_plural		no domain vocabulary	%1$d people
NEUTRAL	feature/sharing/sharedassets	manage_access_member_count_singular		no domain vocabulary	1 person
NEUTRAL	feature/sharing/sharedassets	manage_access_people_section		no domain vocabulary	People with access
NEUTRAL	feature/sharing/sharedassets	manage_access_perm_manage_access		no domain vocabulary	Manage access
NEUTRAL	feature/sharing/sharedassets	manage_access_revoke		no domain vocabulary	Remove access
NEUTRAL	feature/sharing/sharedassets	manage_access_role_co_owner		no domain vocabulary	Co-owner
NEUTRAL	feature/sharing/sharedassets	manage_access_role_owner		no domain vocabulary	Owner
NEUTRAL	feature/sharing/sharedassets	manage_access_solo_title		no domain vocabulary	No one else has access
NEUTRAL	feature/sharing/sharedassets	manage_access_title		no domain vocabulary	Manage Access
NEUTRAL	feature/sharing/sharedassets	manage_access_toast_access_removed		no domain vocabulary	Access removed
NEUTRAL	feature/sharing/sharedassets	manage_access_toast_code_cancelled		no domain vocabulary	Invite code cancelled
NEUTRAL	feature/sharing/sharedassets	manage_access_toast_link_copied		no domain vocabulary	Invite link copied
NEUTRAL	feature/sharing/sharedassets	manage_access_toast_role_updated		no domain vocabulary	Role updated
NEUTRAL	feature/sharing/sharedassets	manage_access_unnamed_member		no domain vocabulary	Unnamed member
NEUTRAL	feature/sharing/sharedassets	redeem_already_member_title		no domain vocabulary	Already a member
NEUTRAL	feature/sharing/sharedassets	redeem_failed_body		no domain vocabulary	This invite is no longer valid. Ask the owner for a new one.
NEUTRAL	feature/sharing/sharedassets	redeem_failed_title		no domain vocabulary	Invite unavailable
NEUTRAL	feature/sharing/sharedassets	redeem_needs_signin_body		no domain vocabulary	Sign in with your account to accept this invitation.
NEUTRAL	feature/sharing/sharedassets	redeem_needs_signin_title		no domain vocabulary	Sign in required
NEUTRAL	feature/sharing/sharedassets	redeem_role_owner		no domain vocabulary	a co-owner
NEUTRAL	feature/sharing/sharedassets	redeem_success_title		no domain vocabulary	You're in
NEUTRAL	feature/sharing/sharedassets	revoke_confirm_action		no domain vocabulary	Remove access
NEUTRAL	feature/sharing/sharedassets	revoke_confirm_title		no domain vocabulary	Remove %1$s?
NEUTRAL	feature/sharing/sharedassets	role_confirm_action		no domain vocabulary	Change role
NEUTRAL	feature/sharing/sharedassets	role_confirm_title		no domain vocabulary	Change %1$s’s role to %2$s?
NEUTRAL	feature/sharing/sharedassets	sharing_sync_off_title		no domain vocabulary	Cloud Sync is off
NEUTRAL	feature/squawk/sharedassets	addressed_by		no domain vocabulary	Addressed by log
NEUTRAL	feature/squawk/sharedassets	closed_with_count		no domain vocabulary	CLOSED (%1$d)
NEUTRAL	feature/squawk/sharedassets	dismiss_reason_duplicate		no domain vocabulary	Duplicate
NEUTRAL	feature/squawk/sharedassets	dismiss_reason_intended_behavior		no domain vocabulary	Intended behavior
NEUTRAL	feature/squawk/sharedassets	dismiss_reason_not_reproducible		no domain vocabulary	Not reproducible
NEUTRAL	feature/squawk/sharedassets	dismiss_reason_obsolete		no domain vocabulary	Obsolete
NEUTRAL	feature/squawk/sharedassets	dismissed_label		no domain vocabulary	Dismissed — %1$s
NEUTRAL	feature/squawk/sharedassets	no_work_recorded		no domain vocabulary	No work recorded yet.
NEUTRAL	feature/squawk/sharedassets	open_with_count		no domain vocabulary	OPEN (%1$d)
NEUTRAL	feature/squawk/sharedassets	priority_high		no domain vocabulary	High
NEUTRAL	feature/squawk/sharedassets	priority_low		no domain vocabulary	Low
NEUTRAL	feature/squawk/sharedassets	priority_medium		no domain vocabulary	Medium
NEUTRAL	feature/squawk/sharedassets	reported		no domain vocabulary	Reported
NEUTRAL	feature/squawk/sharedassets	work_history		no domain vocabulary	Work History
NEUTRAL	feature/squawk/update	dismiss_issue		no domain vocabulary	Dismiss Issue
NEUTRAL	feature/squawk/update	dismiss_no_work_planned		no domain vocabulary	Dismiss, no work planned
NEUTRAL	feature/squawk/update	fixed_option_label		no domain vocabulary	Fixed
NEUTRAL	feature/squawk/update	reopen_issue		no domain vocabulary	Reopen Issue
NEUTRAL	feature/squawk/update	resolve_issue		no domain vocabulary	Resolve
NEUTRAL	feature/stresstest	stress_test_complete		brand or developer surface	Generation complete
NEUTRAL	feature/stresstest	stress_test_config_thing		brand or developer surface	Aircraft
NEUTRAL	feature/stresstest	stress_test_config_blades_per_engine		brand or developer surface	Blades per engine
NEUTRAL	feature/stresstest	stress_test_config_engines		brand or developer surface	Engines
NEUTRAL	feature/stresstest	stress_test_config_log_entries		brand or developer surface	Log entries
NEUTRAL	feature/stresstest	stress_test_config_records		brand or developer surface	Maintenance records
NEUTRAL	feature/stresstest	stress_test_config_squawks		brand or developer surface	Squawk count
NEUTRAL	feature/stresstest	stress_test_config_tasks		brand or developer surface	Task count
NEUTRAL	feature/stresstest	stress_test_config_technicians		brand or developer surface	Technician count
NEUTRAL	feature/stresstest	stress_test_decrement		brand or developer surface	−
NEUTRAL	feature/stresstest	stress_test_description		brand or developer surface	Generates realistic aviation records for UI stress testing. Data is written to your account.
NEUTRAL	feature/stresstest	stress_test_error_message		brand or developer surface	Error: %1$s
NEUTRAL	feature/stresstest	stress_test_generate		brand or developer surface	Generate Fake Data
NEUTRAL	feature/stresstest	stress_test_increment		brand or developer surface	+
NEUTRAL	feature/stresstest	stress_test_progress_count		brand or developer surface	%1$d / %2$d
NEUTRAL	feature/stresstest	stress_test_progress_creating_thing		brand or developer surface	Creating aircraft %1$s…
NEUTRAL	feature/stresstest	stress_test_progress_creating_log		brand or developer surface	Creating log entry…
NEUTRAL	feature/stresstest	stress_test_progress_creating_squawk		brand or developer surface	Creating squawk: %1$s…
NEUTRAL	feature/stresstest	stress_test_progress_creating_task		brand or developer surface	Creating task: %1$s…
NEUTRAL	feature/stresstest	stress_test_progress_creating_technician		brand or developer surface	Creating technician %1$s…
NEUTRAL	feature/stresstest	stress_test_progress_dismissing_squawk		brand or developer surface	Dismissing squawk…
NEUTRAL	feature/stresstest	stress_test_progress_marking_squawk_addressed		brand or developer surface	Marking squawk addressed…
NEUTRAL	feature/stresstest	stress_test_regenerate		brand or developer surface	Generate Another
NEUTRAL	feature/stresstest	stress_test_summary_addressed_squawks		brand or developer surface	• %1$d addressed
NEUTRAL	feature/stresstest	stress_test_summary_thing		brand or developer surface	Aircraft: %1$s %2$s (%3$s)
NEUTRAL	feature/stresstest	stress_test_summary_dismissed_squawks		brand or developer surface	• %1$d dismissed
NEUTRAL	feature/stresstest	stress_test_summary_engines		brand or developer surface	Engines: %1$d × %2$s
NEUTRAL	feature/stresstest	stress_test_summary_log_entries		brand or developer surface	%1$d log entries created (span: 4 years)
NEUTRAL	feature/stresstest	stress_test_summary_log_entry_one		brand or developer surface	%1$d log entry created (span: 4 years)
NEUTRAL	feature/stresstest	stress_test_summary_open_squawks		brand or developer surface	• %1$d open
NEUTRAL	feature/stresstest	stress_test_summary_squawks		brand or developer surface	%1$d squawk(s) created:
NEUTRAL	feature/stresstest	stress_test_summary_tail		brand or developer surface	Tail: %1$s · S/N: %2$s
NEUTRAL	feature/stresstest	stress_test_summary_tasks		brand or developer surface	%1$d task(s) created
NEUTRAL	feature/stresstest	stress_test_summary_technicians		brand or developer surface	%1$d technician(s) created
NEUTRAL	feature/stresstest	stress_test_summary_unknown_engine		brand or developer surface	-
NEUTRAL	feature/stresstest	stress_test_title		brand or developer surface	Fake Data Generator
NEUTRAL	feature/stresstest	stress_test_unknown_error		brand or developer surface	Unknown error
NEUTRAL	feature/stresstest	stress_test_working		brand or developer surface	Working…
NEUTRAL	feature/stresstest/config	debug_tools_header		no domain vocabulary	DEBUG TOOLS
NEUTRAL	feature/subscription/viewing	subscription_activating		no domain vocabulary	Payment received. Activating SquawkIt Pro…
NEUTRAL	feature/subscription/viewing	subscription_cell_excluded		no domain vocabulary	—
NEUTRAL	feature/subscription/viewing	subscription_cell_unlimited		no domain vocabulary	∞
NEUTRAL	feature/subscription/viewing	subscription_col_free		no domain vocabulary	Basic
NEUTRAL	feature/subscription/viewing	subscription_col_pro		no domain vocabulary	Pro
NEUTRAL	feature/subscription/viewing	subscription_compare_header		no domain vocabulary	Your all-access pass
NEUTRAL	feature/subscription/viewing	subscription_cta_caption		no domain vocabulary	Price shown at checkout. Cancel anytime.
NEUTRAL	feature/subscription/viewing	subscription_cta_subscribe		no domain vocabulary	Subscribe
NEUTRAL	feature/subscription/viewing	subscription_ends		no domain vocabulary	Ends
NEUTRAL	feature/subscription/viewing	subscription_feature_ads		no domain vocabulary	Ad-free experience
NEUTRAL	feature/subscription/viewing	subscription_feature_attachments		no domain vocabulary	Photo &amp; file attachments
NEUTRAL	feature/subscription/viewing	subscription_feature_backup		no domain vocabulary	Cloud backup &amp; sync
NEUTRAL	feature/subscription/viewing	subscription_feature_email		no domain vocabulary	Email a copy of exports
NEUTRAL	feature/subscription/viewing	subscription_feature_export		no domain vocabulary	Export to this device
NEUTRAL	feature/subscription/viewing	subscription_includes_header		no domain vocabulary	What’s included
NEUTRAL	feature/subscription/viewing	subscription_manage		no domain vocabulary	Manage subscription
NEUTRAL	feature/subscription/viewing	subscription_manage_caption		no domain vocabulary	Plan changes and cancellation are handled by the store.
NEUTRAL	feature/subscription/viewing	subscription_manage_link_caption		no domain vocabulary	Opens the store page where this subscription is billed.
NEUTRAL	feature/subscription/viewing	subscription_manage_store_caption		no domain vocabulary	Opens your subscriptions in the store that billed this plan.
NEUTRAL	feature/subscription/viewing	subscription_managed_elsewhere_body		no domain vocabulary	This subscription was purchased on a different platform. Open SquawkIt on the device and store account it was purchased with to change or cancel it.
NEUTRAL	feature/subscription/viewing	subscription_managed_elsewhere_body_web		no domain vocabulary	Subscriptions can’t be changed here. Open SquawkIt on the device and store account it was purchased with to change or cancel it.
NEUTRAL	feature/subscription/viewing	subscription_managed_elsewhere_caption		no domain vocabulary	Your Pro features stay active everywhere you sign in.
NEUTRAL	feature/subscription/viewing	subscription_managed_elsewhere_title		no domain vocabulary	Managed on another platform
NEUTRAL	feature/subscription/viewing	subscription_member_since		no domain vocabulary	Member since
NEUTRAL	feature/subscription/viewing	subscription_perk_attachments_body		no domain vocabulary	Photos and files on any log
NEUTRAL	feature/subscription/viewing	subscription_perk_attachments_title		no domain vocabulary	Attachments
NEUTRAL	feature/subscription/viewing	subscription_perk_sharing_title		no domain vocabulary	Sharing
NEUTRAL	feature/subscription/viewing	subscription_platform_amazon		no domain vocabulary	Amazon Appstore
NEUTRAL	feature/subscription/viewing	subscription_platform_app_store		no domain vocabulary	App Store
NEUTRAL	feature/subscription/viewing	subscription_platform_mac_app_store		no domain vocabulary	Mac App Store
NEUTRAL	feature/subscription/viewing	subscription_platform_play_store		no domain vocabulary	Google Play
NEUTRAL	feature/subscription/viewing	subscription_platform_test_store		no domain vocabulary	Test Store (developer build)
NEUTRAL	feature/subscription/viewing	subscription_platform_web		no domain vocabulary	Web
NEUTRAL	feature/subscription/viewing	subscription_purchase_on_mobile		no domain vocabulary	Subscribe in the SquawkIt app on iOS or Android. Your subscription works everywhere, including here.
NEUTRAL	feature/subscription/viewing	subscription_purchased_on		no domain vocabulary	Purchased on
NEUTRAL	feature/subscription/viewing	subscription_renews		no domain vocabulary	Renews
NEUTRAL	feature/subscription/viewing	subscription_sign_in_to_subscribe		no domain vocabulary	Sign in to subscribe, so your subscription is tied to your account and works on every device.
NEUTRAL	feature/subscription/viewing	subscription_status_active		no domain vocabulary	Active
NEUTRAL	feature/subscription/viewing	subscription_status_canceled		no domain vocabulary	Canceled
NEUTRAL	feature/subscription/viewing	subscription_status_grace		no domain vocabulary	Payment problem
NEUTRAL	feature/subscription/viewing	subscription_status_trialing		no domain vocabulary	Free trial
NEUTRAL	feature/subscription/viewing	subscription_storage_used		no domain vocabulary	Storage used
NEUTRAL	feature/subscription/viewing	subscription_title		no domain vocabulary	Subscription
NEUTRAL	feature/subscription/viewing	subscription_unlocked_header		no domain vocabulary	Unlocked with Pro
NEUTRAL	feature/subscription/viewing	upsell_body_attachment		no domain vocabulary	Attach photos and files to your maintenance records with SquawkIt Pro.
NEUTRAL	feature/subscription/viewing	upsell_body_email		no domain vocabulary	Email a copy of your exports with SquawkIt Pro.
NEUTRAL	feature/sync/settings	setting_item_sync		no domain vocabulary	Cloud Sync
NEUTRAL	feature/sync/settings	setting_item_sync_on_cellular		no domain vocabulary	Upload on Cellular
NEUTRAL	feature/sync/settings	sync_hero_body_active		no domain vocabulary	Changes you make here sync to the cloud and any other device signed in to the same account.
NEUTRAL	feature/sync/settings	sync_hero_body_paused		no domain vocabulary	Your work stays on this device. Reinstalling the app or moving to a new phone will not bring this data with you.
NEUTRAL	feature/sync/settings	sync_hero_body_signin		no domain vocabulary	You're using the app anonymously. All data stays on this device. Sign in with a permanent account on the previous screen to back things up.
NEUTRAL	feature/sync/settings	sync_hero_title_active		no domain vocabulary	Backed up across your devices
NEUTRAL	feature/sync/settings	sync_hero_title_paused		no domain vocabulary	Sync is paused
NEUTRAL	feature/sync/settings	sync_hero_title_signin		no domain vocabulary	Sign in to enable sync
NEUTRAL	feature/sync/settings	sync_status_anonymous_body		no domain vocabulary	Sync requires signing in.
NEUTRAL	feature/sync/settings	sync_status_anonymous_title		no domain vocabulary	Anonymous account
NEUTRAL	feature/sync/settings	sync_status_auth_expired_body		no domain vocabulary	Authentication expired. Sign in again to resume sync.
NEUTRAL	feature/sync/settings	sync_status_error_title		no domain vocabulary	Sync error
NEUTRAL	feature/sync/settings	sync_status_hydration_error_body		no domain vocabulary	Could not restore %1$s after %2$d retries.
NEUTRAL	feature/sync/settings	sync_status_off_title		no domain vocabulary	Cloud sync is off
NEUTRAL	feature/sync/settings	sync_status_push_error_body		no domain vocabulary	Could not upload the latest local changes. Sync will retry when possible.
NEUTRAL	feature/sync/settings	sync_status_restoring		no domain vocabulary	Restoring %1$d of %2$d collections
NEUTRAL	feature/sync/settings	sync_subtitle_active		no domain vocabulary	Backed up to your account across devices.
NEUTRAL	feature/sync/settings	sync_subtitle_cellular_disabled		no domain vocabulary	Attachments upload over Wi-Fi only.
NEUTRAL	feature/sync/settings	sync_subtitle_cellular_enabled		no domain vocabulary	Attachments upload over Wi-Fi and cellular.
NEUTRAL	feature/sync/settings	sync_subtitle_off		no domain vocabulary	Your data stays on this device only.
NEUTRAL	feature/sync/settings	sync_subtitle_signin		no domain vocabulary	Sign in to enable cloud sync.
NEUTRAL	feature/sync/sharedassets	feature_name_backup_and_sync		no domain vocabulary	Backup &amp; Sync
NEUTRAL	feature/tasks/sharedassets	add_task		no domain vocabulary	Add task
NEUTRAL	feature/tasks/sharedassets	compliance_authority		no domain vocabulary	Compliance authority
NEUTRAL	feature/tasks/sharedassets	compliance_type_ad_short		no domain vocabulary	AD
NEUTRAL	feature/tasks/sharedassets	compliance_type_sb_short		no domain vocabulary	SB
NEUTRAL	feature/tasks/sharedassets	delete_task		no domain vocabulary	Delete Task
NEUTRAL	feature/tasks/sharedassets	delete_task_confirmation		no domain vocabulary	Delete "%1$s"? This cannot be undone. Maintenance logs that reference this task will not be deleted.
NEUTRAL	feature/tasks/sharedassets	due_soon		no domain vocabulary	Due Soon
NEUTRAL	feature/tasks/sharedassets	due_with_count		no domain vocabulary	DUE (%1$d)
NEUTRAL	feature/tasks/sharedassets	edit_task		no domain vocabulary	Update task
NEUTRAL	feature/tasks/sharedassets	engine_format		no domain vocabulary	Engine: %1$s
NEUTRAL	feature/tasks/sharedassets	history_with_count		no domain vocabulary	HISTORY (%1$d)
NEUTRAL	feature/tasks/sharedassets	maintenance_due_title		no domain vocabulary	Maintenance Due
NEUTRAL	feature/tasks/sharedassets	no_complied_yet		no domain vocabulary	Log work against a task to see its history here.
NEUTRAL	feature/tasks/sharedassets	no_task_work_recorded		no domain vocabulary	No task addressed by this log.
NEUTRAL	feature/tasks/sharedassets	overdue		no domain vocabulary	Overdue
NEUTRAL	feature/tasks/sharedassets	skip_task_confirm_action		no domain vocabulary	Skip
NEUTRAL	feature/tasks/sharedassets	skip_task_confirm_body		no domain vocabulary	Marks complete without logging and snoozes one cycle to the next due target. This can’t be undone.
NEUTRAL	feature/tasks/sharedassets	skip_task_confirm_title		no domain vocabulary	Skip This Cycle?
NEUTRAL	feature/tasks/sharedassets	unknown_date		no domain vocabulary	Unknown date
NEUTRAL	feature/tasks/sharedassets	unknown_task		no domain vocabulary	Unknown task (%1$s)
NEUTRAL	feature/tasks/update	adj_preview_hint		no domain vocabulary	What will happen
NEUTRAL	feature/tasks/update	adj_preview_label_neutral		no domain vocabulary	Current
NEUTRAL	feature/tasks/update	adj_preview_neutral_primary		no domain vocabulary	No adjustments
NEUTRAL	feature/tasks/update	adj_preview_neutral_secondary_linked		no domain vocabulary	Linked to another task — schedule is automatic
NEUTRAL	feature/tasks/update	adj_preview_neutral_secondary_unset		no domain vocabulary	No schedule set yet
NEUTRAL	feature/tasks/update	adj_preview_primary_date		no domain vocabulary	Next due %1$s · %2$s
NEUTRAL	feature/tasks/update	adj_preview_rel_due_today		no domain vocabulary	due today
NEUTRAL	feature/tasks/update	adj_preview_rel_hours_at		no domain vocabulary	at current hours
NEUTRAL	feature/tasks/update	adj_preview_rel_in_day		no domain vocabulary	in 1 day
NEUTRAL	feature/tasks/update	adj_preview_rel_in_days		no domain vocabulary	in %1$d days
NEUTRAL	feature/tasks/update	adj_preview_rel_overdue_day		no domain vocabulary	overdue by 1 day
NEUTRAL	feature/tasks/update	adj_preview_rel_overdue_days		no domain vocabulary	overdue by %1$d days
NEUTRAL	feature/tasks/update	adj_preview_reschedule_date_primary		no domain vocabulary	Next due %1$s
NEUTRAL	feature/tasks/update	adj_preview_reschedule_was_date		no domain vocabulary	Was set by schedule
NEUTRAL	feature/tasks/update	adj_preview_was_date		no domain vocabulary	Was %1$s
NEUTRAL	feature/tasks/update	adj_reschedule_disabled_linked		no domain vocabulary	Disabled — this task is linked to another
NEUTRAL	feature/tasks/update	adj_reschedule_disabled_unset		no domain vocabulary	Set a schedule first to enable rescheduling
NEUTRAL	feature/tasks/update	adj_reschedule_section_label		no domain vocabulary	Reschedule next due
NEUTRAL	feature/tasks/update	adj_reschedule_subtitle		no domain vocabulary	Manually set the next-due target. The schedule resumes from there.
NEUTRAL	feature/tasks/update	adj_reschedule_title		no domain vocabulary	Set when this is next due
NEUTRAL	feature/tasks/update	adj_reschedule_was_date		no domain vocabulary	Original date set by schedule
NEUTRAL	feature/tasks/update	adj_reschedule_was_hours		no domain vocabulary	Original hours set by schedule
NEUTRAL	feature/tasks/update	adjustments		no domain vocabulary	Adjustments
NEUTRAL	feature/tasks/update	basics		no domain vocabulary	Basics
NEUTRAL	feature/tasks/update	compliance		no domain vocabulary	Compliance
NEUTRAL	feature/tasks/update	compliance_ad_sub		no domain vocabulary	Regulatory requirement
NEUTRAL	feature/tasks/update	compliance_authority_hint		no domain vocabulary	e.g. Rotax / Lycoming
NEUTRAL	feature/tasks/update	compliance_notes		no domain vocabulary	Compliance Notes
NEUTRAL	feature/tasks/update	compliance_routine_sub		no domain vocabulary	Scheduled maintenance intervals
NEUTRAL	feature/tasks/update	compliance_sb_sub		no domain vocabulary	Manufacturer recommended
NEUTRAL	feature/tasks/update	compliance_type		no domain vocabulary	Compliance Type
NEUTRAL	feature/tasks/update	compliance_type_description		no domain vocabulary	Regulatory nature of this task. Mandatory items will trigger critical system alerts.
NEUTRAL	feature/tasks/update	compliance_type_routine		no domain vocabulary	Routine Tasks
NEUTRAL	feature/tasks/update	compliance_type_routine_short		no domain vocabulary	Routine
NEUTRAL	feature/tasks/update	delete_task_section_label		no domain vocabulary	Delete Task
NEUTRAL	feature/tasks/update	delete_this_task_subtitle		no domain vocabulary	Permanently removes this task and its maintenance schedule.
NEUTRAL	feature/tasks/update	delete_this_task_title		no domain vocabulary	Delete this task
NEUTRAL	feature/tasks/update	force_overrides_safety		no domain vocabulary	Force Override
NEUTRAL	feature/tasks/update	interval_hours		no domain vocabulary	Interval (hours)
NEUTRAL	feature/tasks/update	interval_hours_placeholder		no domain vocabulary	e.g. 100
NEUTRAL	feature/tasks/update	interval_months		no domain vocabulary	Interval (months)
NEUTRAL	feature/tasks/update	interval_months_placeholder		no domain vocabulary	e.g. 12
NEUTRAL	feature/tasks/update	intervals		no domain vocabulary	Intervals
NEUTRAL	feature/tasks/update	mark_complied		no domain vocabulary	Mark as Completed
NEUTRAL	feature/tasks/update	no_log_history		no domain vocabulary	No maintenance logs recorded for this task.
NEUTRAL	feature/tasks/update	one_time_compliance		no domain vocabulary	One-Time Task
NEUTRAL	feature/tasks/update	one_time_compliance_desc		no domain vocabulary	Moves to history after first log
NEUTRAL	feature/tasks/update	override_next_due_date		no domain vocabulary	Override next due date
NEUTRAL	feature/tasks/update	reference_number		no domain vocabulary	Reference Number
NEUTRAL	feature/tasks/update	reference_number_hint		no domain vocabulary	e.g. SB-001
NEUTRAL	feature/tasks/update	remove_link		no domain vocabulary	Remove link
NEUTRAL	feature/tasks/update	resolve_task		no domain vocabulary	Resolve
NEUTRAL	feature/tasks/update	schedule		no domain vocabulary	Schedule
NEUTRAL	feature/tasks/update	schedule_pick_linked_task		no domain vocabulary	Pick a task to link
NEUTRAL	feature/tasks/update	schedule_prefix_every		no domain vocabulary	Every
NEUTRAL	feature/tasks/update	schedule_prefix_in		no domain vocabulary	In
NEUTRAL	feature/tasks/update	schedule_preview_asap_primary		no domain vocabulary	Due now — ASAP
NEUTRAL	feature/tasks/update	schedule_preview_asap_secondary		no domain vocabulary	Will appear immediately on the dashboard
NEUTRAL	feature/tasks/update	schedule_preview_due_every		no domain vocabulary	Due every %1$d %2$s
NEUTRAL	feature/tasks/update	schedule_preview_due_in		no domain vocabulary	Due in %1$d %2$s
NEUTRAL	feature/tasks/update	schedule_preview_empty_primary		no domain vocabulary	No schedule yet
NEUTRAL	feature/tasks/update	schedule_preview_empty_secondary		no domain vocabulary	Pick how this task is tracked below
NEUTRAL	feature/tasks/update	schedule_preview_hint		no domain vocabulary	How this task will appear
NEUTRAL	feature/tasks/update	schedule_preview_label		no domain vocabulary	Preview
NEUTRAL	feature/tasks/update	schedule_preview_linked_one_time_secondary		no domain vocabulary	Will move to history after first log
NEUTRAL	feature/tasks/update	schedule_preview_linked_primary		no domain vocabulary	Due whenever "%1$s" is due
NEUTRAL	feature/tasks/update	schedule_preview_linked_repeating_secondary		no domain vocabulary	Repeats with the linked task
NEUTRAL	feature/tasks/update	schedule_preview_linked_unset_primary		no domain vocabulary	Linked task not chosen
NEUTRAL	feature/tasks/update	schedule_preview_linked_unset_secondary		no domain vocabulary	Pick a task to link to below
NEUTRAL	feature/tasks/update	schedule_preview_one_time_secondary		no domain vocabulary	One-time · moves to history after first log
NEUTRAL	feature/tasks/update	schedule_preview_recurring_secondary		no domain vocabulary	Recurring schedule
NEUTRAL	feature/tasks/update	schedule_preview_set_calendar_primary		no domain vocabulary	Set how often (%1$s)
NEUTRAL	feature/tasks/update	schedule_preview_set_secondary		no domain vocabulary	Enter an interval below
NEUTRAL	feature/tasks/update	schedule_recurrence_asap		no domain vocabulary	ASAP
NEUTRAL	feature/tasks/update	schedule_recurrence_asap_sub		no domain vocabulary	Due now
NEUTRAL	feature/tasks/update	schedule_recurrence_linked_one_time_sub		no domain vocabulary	Then moves to history
NEUTRAL	feature/tasks/update	schedule_recurrence_linked_repeating_sub		no domain vocabulary	With linked task
NEUTRAL	feature/tasks/update	schedule_recurrence_one_time		no domain vocabulary	One-time
NEUTRAL	feature/tasks/update	schedule_recurrence_one_time_sub		no domain vocabulary	In one interval
NEUTRAL	feature/tasks/update	schedule_recurrence_repeating		no domain vocabulary	Repeating
NEUTRAL	feature/tasks/update	schedule_recurrence_repeating_sub		no domain vocabulary	Every interval
NEUTRAL	feature/tasks/update	schedule_step_interval_how_often		no domain vocabulary	Step 3 · How often?
NEUTRAL	feature/tasks/update	schedule_step_interval_in_how_long		no domain vocabulary	Step 3 · In how long?
NEUTRAL	feature/tasks/update	schedule_step_recurrence_label		no domain vocabulary	Step 2 · When is it due?
NEUTRAL	feature/tasks/update	schedule_step_recurrence_linked_label		no domain vocabulary	Step 2 · Recurrence
NEUTRAL	feature/tasks/update	schedule_step_track_label		no domain vocabulary	Step 1 · How is this tracked?
NEUTRAL	feature/tasks/update	schedule_track_calendar_time		no domain vocabulary	Calendar Time
NEUTRAL	feature/tasks/update	schedule_unit_days		no domain vocabulary	days
NEUTRAL	feature/tasks/update	schedule_unit_months		no domain vocabulary	months
NEUTRAL	feature/tasks/update	schedule_unit_years		no domain vocabulary	years
NEUTRAL	feature/tasks/update	schedule_with_another_work		no domain vocabulary	Advanced · Link to another task
NEUTRAL	feature/tasks/update	schedule_with_another_work_description		no domain vocabulary	This task becomes due whenever the linked task is next due. Choosing a linked task replaces interval-based scheduling above.
NEUTRAL	feature/tasks/update	select_task_work		no domain vocabulary	Select Maintenance Work
NEUTRAL	feature/tasks/update	skip_this_cycle_option		no domain vocabulary	Skip This Cycle
NEUTRAL	feature/tasks/update	skip_this_cycle_option_subtitle		no domain vocabulary	Marks complete without logging
NEUTRAL	feature/tasks/update	task_added		no domain vocabulary	Task added
NEUTRAL	feature/tasks/update	task_deleted		no domain vocabulary	Task deleted
NEUTRAL	feature/tasks/update	task_description_label		no domain vocabulary	Task Description
NEUTRAL	feature/tasks/update	task_due_warning		no domain vocabulary	Note: This task will be due on whichever comes first.
NEUTRAL	feature/tasks/update	task_skipped		no domain vocabulary	Cycle skipped — next due rescheduled
NEUTRAL	feature/tasks/update	task_title_helper		no domain vocabulary	Provide a concise, technical name for this maintenance action as it appears in the service manual.
NEUTRAL	feature/tasks/update	task_updated		no domain vocabulary	Task updated
NEUTRAL	feature/tasks/viewing	authority_reference_number		no domain vocabulary	%1$s · %2$s
NEUTRAL	feature/tasks/viewing	badge_due		no domain vocabulary	DUE
NEUTRAL	feature/tasks/viewing	badge_overdue		no domain vocabulary	OVERDUE
NEUTRAL	feature/tasks/viewing	completed		no domain vocabulary	Completed
NEUTRAL	feature/tasks/viewing	compliance_details		no domain vocabulary	Compliance Details
NEUTRAL	feature/tasks/viewing	days_overdue_count		no domain vocabulary	%1$d Days Overdue
NEUTRAL	feature/tasks/viewing	days_remaining		no domain vocabulary	%1$d Days Remaining
NEUTRAL	feature/tasks/viewing	due_date		no domain vocabulary	Due %1$s
NEUTRAL	feature/tasks/viewing	due_engine		no domain vocabulary	Due @ %1$s engine hrs
NEUTRAL	feature/tasks/viewing	due_soon_date		no domain vocabulary	Due Soon: %1$s
NEUTRAL	feature/tasks/viewing	due_soon_date_engine		no domain vocabulary	Due Soon: %1$s / %2$s hrs
NEUTRAL	feature/tasks/viewing	due_soon_engine		no domain vocabulary	Due Soon: @ %1$s hrs
NEUTRAL	feature/tasks/viewing	due_today		no domain vocabulary	Due Today
NEUTRAL	feature/tasks/viewing	label_deadline		no domain vocabulary	DEADLINE
NEUTRAL	feature/tasks/viewing	label_due_engine		no domain vocabulary	DUE @
NEUTRAL	feature/tasks/viewing	label_due_engine_value		no domain vocabulary	DUE @ %1$s
NEUTRAL	feature/tasks/viewing	label_expired		no domain vocabulary	EXPIRED %1$s
NEUTRAL	feature/tasks/viewing	next_due_date		no domain vocabulary	NEXT DUE DATE
NEUTRAL	feature/tasks/viewing	next_due_engine_hrs		no domain vocabulary	NEXT DUE ENGINE HRS
NEUTRAL	feature/tasks/viewing	no_maintenance_logs_for_task		no domain vocabulary	No logs yet. Add a maintenance entry and tag this task to see history here.
NEUTRAL	feature/tasks/viewing	on_condition		no domain vocabulary	On Condition
NEUTRAL	feature/tasks/viewing	overdue_was		no domain vocabulary	Overdue (was %1$s)
NEUTRAL	feature/tasks/viewing	status_label		no domain vocabulary	STATUS
NEUTRAL	feature/technician/sharedassets	duplicates_apply		no domain vocabulary	Merge selected
NEUTRAL	feature/technician/sharedassets	duplicates_merge_manual		no domain vocabulary	Merge into %1$s
NEUTRAL	feature/technician/sharedassets	duplicates_merge_member		no domain vocabulary	Use the shared profile for %1$s
NEUTRAL	feature/technician/sharedassets	duplicates_needs_confirmation		no domain vocabulary	Names only — confirm this is the same person
NEUTRAL	feature/technician/sharedassets	duplicates_no_selection		no domain vocabulary	Nothing selected
NEUTRAL	feature/technician/sharedassets	duplicates_prompt_action		no domain vocabulary	Review
NEUTRAL	feature/technician/sharedassets	duplicates_prompt_dismiss		no domain vocabulary	Not duplicates
NEUTRAL	feature/technician/sharedassets	duplicates_replaces		no domain vocabulary	Deletes: %1$s
NEUTRAL	feature/technician/sharedassets	duplicates_review_title		no domain vocabulary	Review duplicates
NEUTRAL	feature/technician/sharedassets	expiration_date		no domain vocabulary	Expiration Date
NEUTRAL	feature/technician/sharedassets	linked_badge		no domain vocabulary	Linked
NEUTRAL	feature/technician/sharedassets	my_profile		no domain vocabulary	My Profile
NEUTRAL	feature/technician/sharedassets	name		no domain vocabulary	Name
NEUTRAL	feature/technician/sharedassets	name_required		no domain vocabulary	Name (Required)
NEUTRAL	feature/technician/sharedassets	never		no domain vocabulary	Never
NEUTRAL	feature/technician/sharedassets	performed_by		no domain vocabulary	Performed By
NEUTRAL	feature/technician/sharedassets	you_badge		no domain vocabulary	You
NEUTRAL	feature/thing/dashboard	overview_all_logs		no domain vocabulary	All logs
NEUTRAL	feature/thing/dashboard	overview_next_due		no domain vocabulary	Next due
NEUTRAL	feature/thing/dashboard	overview_no_logs_title		no domain vocabulary	No logs yet
NEUTRAL	feature/thing/dashboard	overview_no_tasks_body		no domain vocabulary	Scheduled maintenance is up to date.
NEUTRAL	feature/thing/dashboard	overview_no_tasks_title		no domain vocabulary	No upcoming tasks
NEUTRAL	feature/thing/dashboard	overview_recent_activity		no domain vocabulary	Recent activity
NEUTRAL	feature/thing/dashboard	tab_logs		no domain vocabulary	Logs
NEUTRAL	feature/thing/dashboard	tab_overview		no domain vocabulary	Overview
NEUTRAL	feature/thing/dashboard	tab_tasks		no domain vocabulary	Tasks
NEUTRAL	feature/thing/update	add_blade		no domain vocabulary	Add blade
NEUTRAL	feature/thing/update	add_engine		no domain vocabulary	Add Engine
NEUTRAL	feature/thing/update	blade_serial_numbers		no domain vocabulary	Blade Serial numbers
NEUTRAL	feature/thing/update	make		no domain vocabulary	Make
NEUTRAL	feature/thing/update	model		no domain vocabulary	Model
NEUTRAL	feature/thing/update	remove_blade		no domain vocabulary	Remove Blade
NEUTRAL	feature/thing/update	remove_engine		no domain vocabulary	Remove Engine
NEUTRAL	feature/thing/update	serial		no domain vocabulary	Serial Number
NEUTRAL	feature/userprofile/sharedassets	anonymous_user		no domain vocabulary	Anonymous User
STRUCTURAL	core/sharedassets	component_propeller	component	no lexicon slot for: propeller	Propeller
STRUCTURAL	feature/fleet/sharedassets	no_fleet_title	collection_label	no lexicon slot for: takeoff	Ready for Takeoff?
STRUCTURAL	feature/login	onboarding_welcome_tagline		no lexicon slot for: hangar	Let's get your hangar set up.
STRUCTURAL	feature/logs/sharedassets	no_maintenance_logs_description	component	no lexicon slot for: annual, 100-hour	Log your first entry — oil change, annual, 100-hour, or any other airframe, engine, or prop work.
STRUCTURAL	feature/logs/sharedassets	prop_time_label		no lexicon slot for: prop time	Prop Time
STRUCTURAL	feature/logs/sharedassets	propeller_hub		no lexicon slot for: propeller	Propeller Hub
STRUCTURAL	feature/logs/update	no_propeller_components_found	component;thing	no lexicon slot for: propeller	No propeller components found for this aircraft.
STRUCTURAL	feature/logs/update	prop_time_hours		no lexicon slot for: prop time	Prop Time (hours)
STRUCTURAL	feature/logs/update	propeller_component	component	no lexicon slot for: propeller	Propeller Component
STRUCTURAL	feature/logs/viewing	log_onboarding_description	component;log	no lexicon slot for: prop time	Log your current airframe, engine, and prop times to start tracking maintenance intervals accurately. This will serve as your logbook's baseline.
STRUCTURAL	feature/logs/viewing	prop_time_abbr		no lexicon slot for: prop time	Prop
STRUCTURAL	feature/squawk/sharedassets	down_alert_subtitle	down_status;squawk	no lexicon slot for: flight	AOG squawks must be resolved before flight
STRUCTURAL	feature/subscription/viewing	subscription_billing_note		no lexicon slot for: annual	Monthly and annual billing, price and payment method are chosen in the store.
STRUCTURAL	feature/tasks/update	adj_preview_primary_hours		no lexicon slot for: tach	Next due at %1$s tach hrs · %2$s
STRUCTURAL	feature/tasks/update	adj_preview_rel_in_hours		no lexicon slot for: tach	in %1$s tach hrs
STRUCTURAL	feature/tasks/update	adj_preview_rel_over_hours		no lexicon slot for: tach	over by %1$s tach hrs
STRUCTURAL	feature/tasks/update	adj_preview_reschedule_hours_primary		no lexicon slot for: tach	Next due at %1$s tach hrs
STRUCTURAL	feature/tasks/update	adj_preview_was_hours		no lexicon slot for: tach	Was %1$s tach hrs
STRUCTURAL	feature/tasks/update	force_due_engine_hours		no lexicon slot for: engine hour	Force Due Engine (hours)
STRUCTURAL	feature/tasks/update	override_next_due_engine		no lexicon slot for: engine hour	Override next due engine hour
STRUCTURAL	feature/tasks/update	schedule_preview_due_every_hours		no lexicon slot for: tach	Due every %1$s tach hrs
STRUCTURAL	feature/tasks/update	schedule_preview_due_in_hours		no lexicon slot for: tach	Due in %1$s tach hrs
STRUCTURAL	feature/tasks/update	schedule_preview_set_hours_primary		no lexicon slot for: tach	Set how many tach hours
STRUCTURAL	feature/tasks/update	schedule_track_tach_hours		no lexicon slot for: tach	Tach Hours
STRUCTURAL	feature/tasks/update	schedule_unit_tach_hours		no lexicon slot for: tach	tach hrs
STRUCTURAL	feature/tasks/update	task_description_placeholder	task	no lexicon slot for: 100-hour	e.g. 100-Hour Inspection
STRUCTURAL	feature/tasks/update	task_interval_description		no lexicon slot for: engine hour	Set a recurring interval based on time, engine hours, or both.
STRUCTURAL	feature/tasks/viewing	engine_hours_upper		no lexicon slot for: engine hour	%1$s HRS
STRUCTURAL	feature/technician/sharedassets	certificate_number		no lexicon slot for: certificate	Certificate Number
STRUCTURAL	feature/technician/sharedassets	certificate_type		no lexicon slot for: certificate	Certificate Type
STRUCTURAL	feature/technician/sharedassets	certificate_type_amt	technician	no lexicon slot for: certificate	A&amp;P Mechanic
STRUCTURAL	feature/technician/sharedassets	certificate_type_repairman		no lexicon slot for: certificate	Repairman
STRUCTURAL	feature/technician/sharedassets	duplicates_warn_mirror		no lexicon slot for: certificate	%1$s and %2$s have the same certificate number. Two members are two different people, so this is likely a typo — check with them.
STRUCTURAL	feature/technician/sharedassets	no_certificate		no lexicon slot for: certificate	No certificate provided
SUBSTITUTABLE	core/sharedassets	add_thing	thing	slots: thing	Add Aircraft
SUBSTITUTABLE	core/sharedassets	thing_shared_badge	thing	slots: thing	Shared
SUBSTITUTABLE	core/sharedassets	component_airframe	component	slots: component	Airframe
SUBSTITUTABLE	core/sharedassets	component_engine	component	slots: component	Engine
SUBSTITUTABLE	core/sharedassets	component_type	component	slots: component	Component Type
SUBSTITUTABLE	core/sharedassets	empty_add_thing	thing	slots: thing	Add an aircraft to get started
SUBSTITUTABLE	core/sharedassets	shell_tab_squawks	squawk	slots: squawk	Squawks
SUBSTITUTABLE	core/sharedassets	shell_title_logs	log	slots: log	Work Logs
SUBSTITUTABLE	core/sharedassets	shell_title_tasks	task	slots: task	Maintenance Tasks
SUBSTITUTABLE	feature/export/sharedassets	export_thing_details_incomplete	thing	slots: thing	Aircraft details incomplete
SUBSTITUTABLE	feature/export/sharedassets	export_thing_section	thing	slots: thing	Aircraft
SUBSTITUTABLE	feature/export/sharedassets	export_thing_summary_more	thing	slots: thing	%1$s + %2$d more
SUBSTITUTABLE	feature/export/sharedassets	export_footer_thing_count	thing	slots: thing	%1$d aircraft
SUBSTITUTABLE	feature/export/sharedassets	export_history_empty_body	technician	slots: technician	Generate a printable PDF or spreadsheet of your maintenance logs to share with your mechanic, IA, or insurance.
SUBSTITUTABLE	feature/export/sharedassets	export_no_thing_title	thing	slots: thing	No aircraft to export
SUBSTITUTABLE	feature/export/sharedassets	export_progress_collecting_data	thing	slots: thing	Collecting aircraft data...
SUBSTITUTABLE	feature/export/sharedassets	export_progress_collecting_data_detail	squawk;thing	slots: squawk, thing	Loading logs, tasks, squawks, and attachments for the selected aircraft.
SUBSTITUTABLE	feature/export/sharedassets	export_receipt_thing	thing	slots: thing	Aircraft
SUBSTITUTABLE	feature/export/sharedassets	export_untitled_thing	thing	slots: thing	Untitled aircraft
SUBSTITUTABLE	feature/fleet/sharedassets	add_first_thing	thing	slots: thing	Add Your First Aircraft
SUBSTITUTABLE	feature/fleet/sharedassets	no_fleet_description	collection_label;thing	slots: collection_label, thing	Keep your aircraft details, maintenance logs, and compliance records in one place.
SUBSTITUTABLE	feature/login	legal_disclaimer	log;thing	slots: log, thing	SquawkIt is a personal convenience tool and is not a certified maintenance record system. It does not replace the official aircraft logbooks required by your aviation authority.
SUBSTITUTABLE	feature/login	login_prompt	thing	slots: thing	Log in or continue anonymously to manage your aircraft maintenance records.
SUBSTITUTABLE	feature/login	mission_statement	thing	slots: thing	Track the important stuff for your airplane
SUBSTITUTABLE	feature/login	onboarding_notifications_body	thing	slots: thing	Hear about changes on aircraft shared with you, and when something goes overdue.
SUBSTITUTABLE	feature/login	onboarding_notifications_denied_body	thing	slots: thing	You won’t hear about changes on shared aircraft or overdue alerts. Enable notifications in system settings to stay in the loop.
SUBSTITUTABLE	feature/login	upgrade_merge_body	thing	slots: thing	Continuing moves the aircraft, logs, and records on this device into that account, alongside what it already has. Nothing is deleted.
SUBSTITUTABLE	feature/login	upgrade_picker_body	thing	slots: thing	Connect an account so your aircraft, logs, and records are backed up and available on your other devices.
SUBSTITUTABLE	feature/logs/sharedassets	add_log	log	slots: log	Add Work Log
SUBSTITUTABLE	feature/logs/sharedassets	airframe_time_label	component	slots: component	Airframe Time
SUBSTITUTABLE	feature/logs/sharedassets	edit_log	log	slots: log	Update Work Log
SUBSTITUTABLE	feature/logs/sharedassets	log_unverified_technician	technician	slots: technician	Not verified — name entered manually
SUBSTITUTABLE	feature/logs/sharedassets	no_maintenance_logs_title	log	slots: log	Logbook Is Empty
SUBSTITUTABLE	feature/logs/sharedassets	resolve_squawk_work_description	squawk	slots: squawk	Resolve squawk "%1$s"
SUBSTITUTABLE	feature/logs/sharedassets	resolve_task_work_description	task	slots: task	Performed maintenance task "%1$s"
SUBSTITUTABLE	feature/logs/update	airframe_serial	component	slots: component	Airframe Serial
SUBSTITUTABLE	feature/logs/update	airframe_time_hours	component	slots: component	Airframe Time (hours)
SUBSTITUTABLE	feature/logs/update	component_section_description	component;thing	slots: component, thing	Which part of the aircraft was serviced
SUBSTITUTABLE	feature/logs/update	loading_thing	thing	slots: thing	Loading aircraft…
SUBSTITUTABLE	feature/logs/update	no_engines_found	thing	slots: thing	No engines found for this aircraft.
SUBSTITUTABLE	feature/logs/update	performed_by_description	technician	slots: technician	The technician who performed this work
SUBSTITUTABLE	feature/logs/update	squawks_section_header	squawk	slots: squawk	Squawks Addressed
SUBSTITUTABLE	feature/logs/update	tasks_section_header	task	slots: task	Maintenance Tasks Completed
SUBSTITUTABLE	feature/logs/viewing	affected_maintenance_tasks	task	slots: task	Affected Maintenance Tasks
SUBSTITUTABLE	feature/logs/viewing	thing_data	thing	slots: thing	Aircraft Data
SUBSTITUTABLE	feature/logs/viewing	airframe_time_abbr	component	slots: component	AFTT
SUBSTITUTABLE	feature/logs/viewing	edit_thing	thing	slots: thing	Update aircraft
SUBSTITUTABLE	feature/logs/viewing	log_squawk_count_one	squawk	slots: squawk	1 squawk
SUBSTITUTABLE	feature/logs/viewing	log_squawk_count_plural	squawk	slots: squawk	%1$d squawks
SUBSTITUTABLE	feature/logs/viewing	resolved_squawks	squawk	slots: squawk	Resolved Squawks
SUBSTITUTABLE	feature/logs/viewing	unknown_squawk	squawk	slots: squawk	Unknown squawk (%1$s)
SUBSTITUTABLE	feature/notifications/settings	notification_settings_banner_denied_body	thing	slots: thing	Turn them on in system settings to hear about urgency alerts and collaboration on your aircraft.
SUBSTITUTABLE	feature/notifications/settings	notification_settings_collaboration_subtitle	log;squawk;thing	slots: log, squawk, thing	Aircraft, squawk, task, or logbook activity from others
SUBSTITUTABLE	feature/notifications/settings	notification_settings_priority_due_subtitle	squawk	slots: squawk	A squawk becomes high priority or worse, or a task becomes due soon or overdue
SUBSTITUTABLE	feature/notifications/sharedassets	notification_body_due_soon_plural	task	slots: task	%1$s: %2$d inspections are due soon
SUBSTITUTABLE	feature/notifications/sharedassets	notification_body_overdue_plural	task	slots: task	%1$s: %2$d inspections are now overdue
SUBSTITUTABLE	feature/notifications/sharedassets	notification_body_priority_raised_plural	squawk	slots: squawk	%1$s: %2$d squawks increased in priority
SUBSTITUTABLE	feature/notifications/sharedassets	notification_n1_body_thing_updated	thing	slots: thing	%1$s: %2$s updated the aircraft
SUBSTITUTABLE	feature/notifications/sharedassets	notification_n1_body_squawk_created	squawk	slots: squawk	%1$s: %2$s created a new squawk issue\n\n%3$s
SUBSTITUTABLE	feature/notifications/sharedassets	notification_n1_body_squawk_raised	squawk	slots: squawk	%1$s: %2$s raised the priority of 1 squawk issue\n\n%3$s
SUBSTITUTABLE	feature/notifications/sharedassets	notification_n1_noun_log	log	slots: log	logbook entry
SUBSTITUTABLE	feature/notifications/sharedassets	notification_n1_noun_squawk	squawk	slots: squawk	squawk
SUBSTITUTABLE	feature/notifications/sharedassets	notification_n1_section_thing	thing	slots: thing	Aircraft
SUBSTITUTABLE	feature/notifications/sharedassets	notification_n1_section_logbook	log	slots: log	Logbook
SUBSTITUTABLE	feature/notifications/sharedassets	notification_n1_section_logbook_lower	log	slots: log	logbook entries
SUBSTITUTABLE	feature/notifications/sharedassets	notification_n1_section_squawks	squawk	slots: squawk	Squawks
SUBSTITUTABLE	feature/notifications/sharedassets	notification_n1_section_squawks_lower	squawk	slots: squawk	squawks
SUBSTITUTABLE	feature/notifications/sharedassets	notification_n1_title_squawk_created	squawk	slots: squawk	New squawk
SUBSTITUTABLE	feature/notifications/sharedassets	squawk_priority_label_down	down_status;squawk	slots: down_status, squawk	AOG
SUBSTITUTABLE	feature/notifications/sharedassets	squawk_priority_label_high	squawk	slots: squawk	High
SUBSTITUTABLE	feature/notifications/sharedassets	squawk_priority_label_low	squawk	slots: squawk	Low
SUBSTITUTABLE	feature/notifications/sharedassets	squawk_priority_label_medium	squawk	slots: squawk	Medium
SUBSTITUTABLE	feature/notifications/sharedassets	squawk_priority_label_resolved	squawk	slots: squawk	Resolved
SUBSTITUTABLE	feature/notifications/viewing	notification_channel_collaboration_description	thing	slots: thing	Someone changes a shared aircraft
SUBSTITUTABLE	feature/settings	settings_delete_account_body	thing	slots: thing	This permanently deletes your account and all of your data. Anyone you have shared an aircraft with will lose access to it. This cannot be undone.
SUBSTITUTABLE	feature/settings	settings_delete_account_export_hint	log	slots: log	Export your logbook first if you want to keep a copy.
SUBSTITUTABLE	feature/settings	settings_export_subtitle	log	slots: log	Export and share your logbook
SUBSTITUTABLE	feature/settings	settings_technicians_subtitle	technician	slots: technician	Manage technician info who performs maintenance work
SUBSTITUTABLE	feature/sharing/sharedassets	enter_code_instructions	thing	slots: thing	Enter the invite code the aircraft owner gave you. It looks like EFA2-GGTH.
SUBSTITUTABLE	feature/sharing/sharedassets	enter_code_title	thing	slots: thing	Join a shared aircraft
SUBSTITUTABLE	feature/sharing/sharedassets	invite_code_hint	thing	slots: thing	Read it out, or have them type it into Join aircraft.
SUBSTITUTABLE	feature/sharing/sharedassets	invite_role_technician	technician	slots: technician	Technician
SUBSTITUTABLE	feature/sharing/sharedassets	invite_title	thing	slots: thing	Invite to aircraft
SUBSTITUTABLE	feature/sharing/sharedassets	leave_confirm_body	collection_label	slots: collection_label	It is removed from your fleet and its records are deleted from your devices. Any changes you made offline that have not synced yet are lost. The owner can invite you again.
SUBSTITUTABLE	feature/sharing/sharedassets	leave_confirm_title	thing	slots: thing	Leave this aircraft?
SUBSTITUTABLE	feature/sharing/sharedassets	manage_access_empty_desc	technician;thing	slots: technician, thing	Invite a co-owner or technician to share this aircraft.
SUBSTITUTABLE	feature/sharing/sharedassets	manage_access_help_footer	thing	slots: thing	Only the owner can delete the aircraft or hand over ownership. Anyone can leave on their own.
SUBSTITUTABLE	feature/sharing/sharedassets	manage_access_leave	thing	slots: thing	Leave shared aircraft
SUBSTITUTABLE	feature/sharing/sharedassets	manage_access_perm_thing_details	thing	slots: thing	Aircraft details
SUBSTITUTABLE	feature/sharing/sharedassets	manage_access_perm_squawks_tasks	squawk	slots: squawk	Squawks and tasks
SUBSTITUTABLE	feature/sharing/sharedassets	manage_access_perm_work_logs	log	slots: log	Work logs
SUBSTITUTABLE	feature/sharing/sharedassets	manage_access_role_co_owner_desc	technician;thing	slots: technician, thing	Everything a technician can do, plus edit aircraft details and manage who has access.
SUBSTITUTABLE	feature/sharing/sharedassets	manage_access_role_technician	technician	slots: technician	Technician
SUBSTITUTABLE	feature/sharing/sharedassets	manage_access_role_technician_desc	log;squawk;task;technician;thing	slots: log, squawk, task, technician, thing	Add and edit squawks, maintenance tasks, and work logs. Cannot change aircraft details.
SUBSTITUTABLE	feature/sharing/sharedassets	manage_access_solo_body	squawk;technician;thing	slots: squawk, technician, thing	Invite a mechanic or a co-owner and they can log squawks, tasks, and work against this aircraft.
SUBSTITUTABLE	feature/sharing/sharedassets	redeem_already_member_body	thing	slots: thing	You already have access to this aircraft.
SUBSTITUTABLE	feature/sharing/sharedassets	redeem_confirm_body	collection_label;thing	slots: collection_label, thing	You have been invited to share an aircraft. Accept to add it to your fleet.
SUBSTITUTABLE	feature/sharing/sharedassets	redeem_confirm_body_full	collection_label	slots: collection_label	%1$s is inviting you to %2$s as %3$s.\n\nAccept to add it to your fleet.
SUBSTITUTABLE	feature/sharing/sharedassets	redeem_confirm_body_role	collection_label;thing	slots: collection_label, thing	You have been invited to share an aircraft as %1$s. Accept to add it to your fleet.
SUBSTITUTABLE	feature/sharing/sharedassets	redeem_confirm_title	thing	slots: thing	Aircraft invitation
SUBSTITUTABLE	feature/sharing/sharedassets	redeem_role_technician	technician	slots: technician	a technician
SUBSTITUTABLE	feature/sharing/sharedassets	redeem_success_body	collection_label;thing	slots: collection_label, thing	You now have access as %1$s. The aircraft will appear in your fleet shortly.
SUBSTITUTABLE	feature/sharing/sharedassets	revoke_confirm_body	thing	slots: thing	They lose access to this aircraft immediately, and their copy of its records is removed from their devices. If they made changes while offline that have not synced yet, those changes are lost.
SUBSTITUTABLE	feature/sharing/sharedassets	role_confirm_body	thing	slots: thing	This changes what they can do on this aircraft right away.
SUBSTITUTABLE	feature/sharing/sharedassets	sharing_sync_off_body	thing	slots: thing	Sharing needs Cloud Sync. Turn it on in Settings to invite people or manage access. Aircraft already shared with you stay readable, but will not update.
SUBSTITUTABLE	feature/squawk/sharedassets	add_squawk	squawk	slots: squawk	New squawk
SUBSTITUTABLE	feature/squawk/sharedassets	down_alert_title	down_status;thing	slots: down_status, thing	Aircraft on Ground
SUBSTITUTABLE	feature/squawk/sharedassets	edit_squawk	squawk	slots: squawk	Update squawk
SUBSTITUTABLE	feature/squawk/sharedassets	no_closed_squawks	squawk	slots: squawk	No closed squawks yet.
SUBSTITUTABLE	feature/squawk/sharedassets	no_open_squawks	squawk	slots: squawk	No open squawks
SUBSTITUTABLE	feature/squawk/sharedassets	no_open_squawks_description	squawk	slots: squawk	Tap + to report a defect or anomaly
SUBSTITUTABLE	feature/squawk/sharedassets	no_squawk_work_recorded	squawk	slots: squawk	No squawks addressed by this log
SUBSTITUTABLE	feature/squawk/sharedassets	priority_down	down_status	slots: down_status	AOG
SUBSTITUTABLE	feature/squawk/sharedassets	squawk_added	squawk	slots: squawk	Squawk reported
SUBSTITUTABLE	feature/squawk/sharedassets	squawk_description_label	squawk	slots: squawk	Description
SUBSTITUTABLE	feature/squawk/sharedassets	squawk_dismissed	squawk	slots: squawk	Squawk dismissed
SUBSTITUTABLE	feature/squawk/sharedassets	squawk_not_yet_addressed	squawk	slots: squawk	Not yet addressed by any log
SUBSTITUTABLE	feature/squawk/sharedassets	squawk_priority_label	squawk	slots: squawk	Priority
SUBSTITUTABLE	feature/squawk/sharedassets	squawk_reopened	squawk	slots: squawk	Squawk reopened
SUBSTITUTABLE	feature/squawk/sharedassets	squawk_reported_on	squawk	slots: squawk	Reported on
SUBSTITUTABLE	feature/squawk/sharedassets	squawk_status_addressed	squawk	slots: squawk	Addressed
SUBSTITUTABLE	feature/squawk/sharedassets	squawk_status_dismissed	squawk	slots: squawk	Dismissed
SUBSTITUTABLE	feature/squawk/sharedassets	squawk_title_label	squawk	slots: squawk	Issue Summary
SUBSTITUTABLE	feature/squawk/sharedassets	squawk_title_required	squawk	slots: squawk	Issue summary is required
SUBSTITUTABLE	feature/squawk/sharedassets	squawk_updated	squawk	slots: squawk	Squawk updated
SUBSTITUTABLE	feature/squawk/sharedassets	squawk_view_log	squawk	slots: squawk	View Log
SUBSTITUTABLE	feature/squawk/sharedassets	squawks	squawk	slots: squawk	Squawks
SUBSTITUTABLE	feature/squawk/sharedassets	view_squawks	squawk	slots: squawk	View Squawks
SUBSTITUTABLE	feature/squawk/update	dismiss_squawk_title	squawk	slots: squawk	Dismiss Without Addressing?
SUBSTITUTABLE	feature/squawk/update	dismiss_squawk_warning	squawk	slots: squawk	This squawk will be closed without recording corrective action. Please select a reason for dismissing this squawk.
SUBSTITUTABLE	feature/stresstest/config	fake_data_generator_description	squawk;thing	slots: squawk, thing	Populate fake aircraft, logs, squawks, and tasks for UI testing
SUBSTITUTABLE	feature/subscription/viewing	subscription_thing_free	thing	slots: thing	2
SUBSTITUTABLE	feature/subscription/viewing	subscription_thing_unlimited	thing	slots: thing	Unlimited
SUBSTITUTABLE	feature/subscription/viewing	subscription_compare_subhead	log	slots: log	The Basic bundle is free and provides the complete feature set as logbook, backed up and synced. The Pro bundle adds scale, attachments, collaboration and more.
SUBSTITUTABLE	feature/subscription/viewing	subscription_feature_thing	thing	slots: thing	Aircraft
SUBSTITUTABLE	feature/subscription/viewing	subscription_feature_records	squawk	slots: squawk	Logs, tasks &amp; squawks
SUBSTITUTABLE	feature/subscription/viewing	subscription_feature_sharing	thing	slots: thing	Share aircraft &amp; collaborate with others
SUBSTITUTABLE	feature/subscription/viewing	subscription_perk_thing_body	collection_label;log;thing	slots: collection_label, log, thing	Whole fleet in one logbook
SUBSTITUTABLE	feature/subscription/viewing	subscription_perk_thing_title	thing	slots: thing	Unlimited aircraft
SUBSTITUTABLE	feature/subscription/viewing	subscription_perk_sharing_body	technician	slots: technician	Invite owners and technicians
SUBSTITUTABLE	feature/subscription/viewing	upsell_body_add_thing	thing	slots: thing	Add unlimited aircraft with SquawkIt Pro.
SUBSTITUTABLE	feature/subscription/viewing	upsell_body_share	thing	slots: thing	Share aircraft and invite others with SquawkIt Pro.
SUBSTITUTABLE	feature/sync/settings	sync_status_off_body	thing	slots: thing	Local edits will not reach the cloud. Re-enable above to resume backups.\n\nShared aircraft stop updating. You keep a readable copy, but changes will not flow in either direction, and you cannot invite anyone or manage access.
SUBSTITUTABLE	feature/tasks/sharedassets	affects_n_tasks	task	slots: task	Affects %1$d maintenance task(s)
SUBSTITUTABLE	feature/tasks/sharedassets	maintenance_tasks	task	slots: task	Maintenance Tasks
SUBSTITUTABLE	feature/tasks/sharedassets	no_tasks_yet	task	slots: task	No maintenance tasks
SUBSTITUTABLE	feature/tasks/sharedassets	no_tasks_yet_description	task	slots: task	Tap + to add inspections, part replacements, and other checks.
SUBSTITUTABLE	feature/tasks/update	compliance_notes_hint	task	slots: task	e.g. One-time inspection of fuel lines...
SUBSTITUTABLE	feature/tasks/update	compliance_type_ad	compliance_mandatory	slots: compliance_mandatory	Airworthiness Directives (AD)
SUBSTITUTABLE	feature/tasks/update	compliance_type_ad_full	compliance_mandatory	slots: compliance_mandatory	AD (Airworthiness Directive)
SUBSTITUTABLE	feature/tasks/update	compliance_type_sb	compliance_advisory	slots: compliance_advisory	Service Bulletins (SB)
SUBSTITUTABLE	feature/tasks/update	compliance_type_sb_full	compliance_advisory	slots: compliance_advisory	SB (Service Bulletin)
SUBSTITUTABLE	feature/tasks/update	component_type_description	component	slots: component	Select the primary system or component this task pertains to for accurate log grouping.
SUBSTITUTABLE	feature/tasks/update	create_work_log	log	slots: log	Create Work Log
SUBSTITUTABLE	feature/tasks/update	create_work_log_subtitle	log	slots: log	Opens a new log, pre-linked to this task
SUBSTITUTABLE	feature/tasks/update	link_to_task	task	slots: task	Link to maintenance task
SUBSTITUTABLE	feature/tasks/update	no_tasks_configured	thing	slots: thing	No tasks configured. Add them from the aircraft overview to track recurring maintenance.
SUBSTITUTABLE	feature/tasks/update	reference_and_component	component	slots: component	%1$s • %2$s
SUBSTITUTABLE	feature/tasks/update	task_identity_description	component	slots: component	Define the core name and component category for this maintenance requirement.
SUBSTITUTABLE	feature/tasks/update	task_title	task	slots: task	Maintenance Task Title
SUBSTITUTABLE	feature/tasks/viewing	critical_airworthiness	compliance_mandatory	slots: compliance_mandatory	URGENT ATTENTION REQUIRED
SUBSTITUTABLE	feature/tasks/viewing	maintenance_due_subtitle	task	slots: task	Maintenance tasks pending
SUBSTITUTABLE	feature/technician/sharedassets	add_technician	technician	slots: technician	Add Technician
SUBSTITUTABLE	feature/technician/sharedassets	delete_technician	technician	slots: technician	Delete Technician
SUBSTITUTABLE	feature/technician/sharedassets	delete_technician_confirmation	technician	slots: technician	Are you sure you want to delete this technician? This will prevent them from being added to future logs, but it will not remove them from past logs.
SUBSTITUTABLE	feature/technician/sharedassets	duplicates_prompt_title	technician	slots: technician	Some technicians look like the same person
SUBSTITUTABLE	feature/technician/sharedassets	duplicates_review_body	technician	slots: technician	Merging deletes the duplicate entries. It changes only who you can pick from here — logs you have already signed keep the technician they recorded.
SUBSTITUTABLE	feature/technician/sharedassets	edit_technician	technician	slots: technician	Update Technician
SUBSTITUTABLE	feature/technician/sharedassets	empty_technicians_desc	technician	slots: technician	You haven't added any technicians yet. Add one to keep track of who performs your maintenance.
SUBSTITUTABLE	feature/technician/sharedassets	empty_technicians_title	technician	slots: technician	No Technicians
SUBSTITUTABLE	feature/technician/sharedassets	linked_technician_info_body	technician;thing	slots: technician, thing	This profile comes from an aircraft you share. It’s kept up to date by the person it belongs to, so you can’t edit or delete it here — but you can select them when logging maintenance.
SUBSTITUTABLE	feature/technician/sharedassets	linked_technician_info_dismiss	technician	slots: technician	Got it
SUBSTITUTABLE	feature/technician/sharedassets	linked_technician_info_title	technician	slots: technician	Maintained by %1$s
SUBSTITUTABLE	feature/technician/sharedassets	linked_technicians_header	technician;thing	slots: technician, thing	Linked from shared aircraft
SUBSTITUTABLE	feature/technician/sharedassets	manage_technicians	technician	slots: technician	Technician Profiles
SUBSTITUTABLE	feature/technician/sharedassets	my_technicians_header	technician	slots: technician	My technicians
SUBSTITUTABLE	feature/technician/sharedassets	no_technicians	technician	slots: technician	No technicians added yet.
SUBSTITUTABLE	feature/technician/sharedassets	select_technician	technician	slots: technician	Select Technician
SUBSTITUTABLE	feature/technician/sharedassets	technician	technician	slots: technician	Technician
SUBSTITUTABLE	feature/thing/dashboard	thing_load_error	thing	slots: thing	Couldn't load this aircraft
SUBSTITUTABLE	feature/thing/dashboard	overview_no_logs_body	thing	slots: thing	Add the first maintenance entry to start the aircraft record.
SUBSTITUTABLE	feature/thing/dashboard	overview_no_squawks_body	squawk;thing	slots: squawk, thing	No active discrepancies for this aircraft.
SUBSTITUTABLE	feature/thing/dashboard	overview_open_squawks	squawk	slots: squawk	Open squawks
SUBSTITUTABLE	feature/thing/update	delete_thing	thing	slots: thing	Delete Aircraft?
SUBSTITUTABLE	feature/thing/update	delete_thing_member_plural	thing	slots: thing	people will
SUBSTITUTABLE	feature/thing/update	delete_thing_member_singular	thing	slots: thing	person will
SUBSTITUTABLE	feature/thing/update	delete_thing_shared_warning	thing	slots: thing	%1$d other %2$s lose access to this aircraft and its records.
SUBSTITUTABLE	feature/thing/update	tail_number	thing	slots: thing	Tail Number
SUBSTITUTABLE	feature/thing/update	update_thing	thing	slots: thing	Update Aircraft
