#airframe_info,log_version="1.00",log_content_version="1.02",product="GDU 460",aircraft_ident="N1234X",unit_software_part_number="006-B1727-40",software_version="9.51",system_id="6000ABCD01234",unit="PFD1",airframe_hours="0.3",engine_hours="1.2"
Date (yyyy-mm-dd),Time (hh:mm:ss),UTC Time (hh:mm:ss),UTC Offset (hh:mm),Latitude (deg),Longitude (deg),GPS Altitude (ft),GPS Fix Status,GPS Time of Week (sec),GPS Ground Speed (kt),GPS Ground Track (deg),GPS Velocity E (m/sec),GPS Velocity N (m/sec),GPS Velocity U (m/sec),Magnetic Heading (deg),GPS HFOM (ft),GPS VFOM (ft),GPS Sats,Pressure Altitude (ft),Baro Altitude (ft),Vertical Speed (ft/min),Indicated Airspeed (kt),True Airspeed (kt),Pitch (deg),Roll (deg),Lateral Acceleration (G),Normal Acceleration (G),AOA Cp,AOA,Selected Heading (deg),Selected Altitude (ft),Selected Vertical Speed (ft/min),Selected Airspeed (kt),Baro Setting (inch Hg),COM Frequency 1 (MHz),COM Frequency 2 (MHz),Active Nav Source,Nav Annunciation,Nav Identifier,Nav Distance (nm),Nav Bearing (deg),Nav Course (deg),Nav Cross Track Distance (nm),Horizontal CDI Deflection,Horizontal CDI Full Scale (ft),Horizontal CDI Scale,Vertical CDI Deflection,Vertical CDI Full Scale (ft),VNAV CDI Deflection,VNAV Altitude (ft),Autopilot State,FD Lateral Mode,FD Vertical Mode,FD Roll Command (deg),FD Pitch Command (deg),FD Altitude (ft),AP Roll Command (deg),AP Pitch Command (deg),AP VS Command (ft/min),AP Altitude Command (ft),AP Roll Torque (%),AP Pitch Torque (%),AP Pitch Trim Motor,Magnetic Variation (deg),Outside Air Temp (deg C),Density Altitude (ft),Height Above Ground (ft),Wind Speed (kt),Wind Direction (deg),AHRS/Mag 1 Status,SFD AHRS Status,Pitch Delta (deg),Roll Delta (deg),AHRS 1 Dev (%),SFD AHRS Dev (%),AFCS Attitude Status,Network Status,Transponder Code,Transponder Mode,Engine Power (%),Manifold Press (inch Hg),RPM,Oil Press (PSI),Oil Temp (deg F),Coolant Temp (deg F),Man Temp (deg F),Flap Position,Fuel Qty L (gal),Fuel Qty R (gal),Fuel Flow (gal/hour),Fuel Press (PSI),Elevator Trim,Volts,Efis Bkup Volts,Nav Bkup Volts,Amps,Batt Amps,Feed Psi,Co Ppm,EGT1 (deg F),EGT2 (deg F),EGT3 (deg F),EGT4 (deg F),EFIS ON BKUP (discrete),NAV ON BKUP (discrete),ARM BKUP (discrete),PITOT HEAT (discrete),FPCM FAULT (discrete),CHECK FUEL (discrete),EARTH X FAIL (discrete),CAS Alert,Terrain Alert
Lcl Date,Lcl Time,UTC Time,UTCOfst,Latitude,Longitude,AltGPS,GPSfix,,GndSpd,TRK,GPSVelE,GPSVelN,GPSVelU,HDG,HFOM,VFOM,,AltP,AltInd,VSpd,IAS,TAS,Pitch,Roll,LatAc,NormAc,,AOA,SelHDG,SelALT,SelVSpd,SelIAS,Baro,COM1,COM2,NavSrc,,NavIdent,NavDist,NavBrg,NavCRS,NavXTK,HCDI,,,VCDI,,VNAV CDI,VNAVAlt,,,,,,,,,,,,,,MagVar,OAT,AltD,AGL,WndSpd,WndDr,,,,,,,,,,,E1 %Pwr,E1 MAP,E1 RPM,E1 OilP,E1 OilT,,E1 CarbT,Flaps,FQty1,FQty2,E1 FFlow,E1 FPres,PTrim,Volts1,,,Amps1,Amps2,,,E1 EGT1,E1 EGT2,E1 EGT3,E1 EGT4,,,,,,,,,
2026-09-02,14:47:56,21:47:56,-07:00,+39.0809735,-114.1003992,290,3D-,337694.2,0.0,,0,0,0.01,,75,912,9,172,309,-10,15.3,16,,,-0.008,0.998,-0.128,,211,,,,30.07,,,GPS1,LOI MSG,,,,,,,,,,,,,Powerup,,,,,,,,,,,,,-12.8,27.7,1671,,,,081131F8 A19 A0 *,280137FE D99 X0,,,3,3,,,,,,,,,,,,0,12,8,,0.2,1,12.5,13.9,13.6,,-12,15.3,254,,,,,0,0,0,0,,,,,
2026-09-02,14:47:57,21:47:57,-07:00,+39.0809977,-114.1003158,230,3D (SFD1),337677.0,0.1,,-0,0,-0.16,,38,260,9,172,309,-10,15.6,16,,,-0.007,0.999,-0.132,,211,,,,30.07,,,GPS1,LOI,,,,,,,,ENR,,,,,Powerup,,,,,,,,,,,,,-12.8,27.7,1671,,,,081131F8 A22 A0 * 01000000,280137FE N2 X0,,,3,3,,L+,,,,,,,,,,0,12,8,,0.2,1,12.5,13.9,13.7,11,-12,15.3,254,,,,,0,0,0,0,0,0,0,ENGINE ECU / NO AOA CAL,
2026-09-02,14:47:58,21:47:58,-07:00,+39.0810054,-114.1003167,233,3D (SFD1),337678.0,0.1,,-0,0,0.25,,35,227,9,172,309,-8,15.8,16,,,-0.007,0.998,-0.143,,211,,,,30.07,,,GPS1,LOI,,,,,,,,ENR,,,,,Powerup,,,,,,,,,,,,,-12.8,27.7,1671,,,,081131F8 A25 A0 * 01000000,280137FE N6 X0,,,3,4,,,,,,,,,,,,0,12,8,,0.2,1,12.6,14.0,13.7,12,-12,15.3,254,,,,,0,0,0,0,0,0,0,FUEL PRESS / CO PPM / ENGINE ECU / NO AOA CAL,
2026-09-02,14:47:59,21:47:59,-07:00,+39.0810091,-114.1003315,245,3D (SFD1),337679.1,0.1,,-0,0,0.18,,33,203,9,172,309,-4,15.9,16,,,-0.009,0.998,-0.157,,211,,,,30.07,122.700,118.350 RX,GPS1,LOI,,,,,,,,ENR,,,,,Powerup,,,,,,,,,,,,,-12.8,27.7,1672,,,,081131F8 A28 A0 * 01000000,280137FE N10 X0,,,3,3,,L+,1200,ALT,,,,,,,,0,12,8,,0.2,1,12.6,14.0,13.7,11,-12,15.3,254,,,,,0,0,0,0,0,0,0,FUEL PRESS / CO PPM / ENGINE ECU / NO AOA CAL,
2026-09-02,14:48:00,21:48:00,-07:00,+39.0810173,-114.1003456,240,3D (SFD1),337680.0,0.1,,-0,0,0.05,,32,187,9,172,309,-1,15.9,16,,,-0.010,0.998,-0.168,,211,,,,30.07,122.700,118.350 RX,GPS1,LOI,,,,,,,,ENR,,,,,Powerup,,,,,,,,,,,,,-12.8,27.7,1672,,,,081131F8 A31 A0 * 01000000,280137FE N13 X0,,,3,3,,,1200,ALT,,,,,,,,0,12,8,,0.2,1,12.6,14.0,13.7,10,-12,15.3,254,,,,,0,0,0,0,0,0,0,FUEL PRESS / CO PPM / ENGINE ECU / NO AOA CAL,
2026-09-02,14:48:01,21:48:01,-07:00,+39.0810331,-114.1003489,244,3D- (SFD1),337681.1,0.2,,-0,0,0.15,,31,176,9,171,309,-3,15.9,16,,,-0.009,0.999,-0.182,,211,,,,30.07,122.700,118.350 RX,GPS1,LOI,,,,,,,,ENR,,,,,Powerup,,,,,,,,,,,,,-12.8,27.7,1672,,,,081131F8 A34 A0 * 01000000,280137FE N18 X0,,,2,3,,,1200,ALT,,,,,,,,0,12,8,,0.2,1,12.6,14.0,13.8,10,-11,15.3,254,,,,,0,0,0,0,0,0,0,FUEL PRESS / CO PPM / ENGINE ECU / NO AOA CAL,
2026-09-02,14:48:02,21:48:02,-07:00,+39.0810227,-114.1003495,241,3D (SFD1),337682.0,0.2,,-0,0,0.27,,30,166,9,172,309,-3,16.1,17,,,-0.009,0.998,-0.189,,211,,,,30.07,122.700,118.350 RX,GPS1,LOI,,,,,,,,ENR,,,,,Fail / Servo communication fault / 00008001 00000000,,,,,,,,,,,,,-12.8,27.7,1672,,,,081131F8 A37 A0 * 01000000,280137FE N21 X0,,,3,3,,,1200,ALT,,,,,,,,0,12,8,,0.2,1,12.6,14.0,13.8,10,-11,15.3,254,,,,,0,0,0,0,0,0,0,FUEL PRESS / CO PPM / ENGINE ECU / NO AOA CAL,
2026-09-02,14:48:03,21:48:03,-07:00,+39.0810226,-114.1003453,236,3D (SFD1),337683.1,0.3,,-0,0,0.39,,29,156,9,172,309,-2,15.9,16,,,-0.009,0.998,-0.187,,211,,,,30.07,122.700,118.350 RX,GPS1,LOI,,,,,,,,ENR,,,,,Fail,,,,,,,,,,,,,-12.8,27.7,1672,,,,081131F8 A40 A0 * 01000000,280137FE N25 X0,,,3,3,,,1200,ALT,,,,,,,,0,12,8,,0.2,1,12.7,14.0,13.9,10,-10,15.3,254,,,,,0,0,0,0,0,0,0,FUEL PRESS / CO PPM / ENGINE ECU / NO AOA CAL,
2026-09-02,14:48:04,21:48:04,-07:00,+39.0810248,-114.1003392,236,3D (SFD1),337684.1,0.3,,-0,0,0.08,,29,149,9,171,309,-2,15.9,16,,,-0.008,1.000,-0.179,,211,,,,30.07,122.700,118.350 RX,GPS1,LOI,,,,,,,,ENR,,,,,Fail,,,,,,,,,,,,,-12.8,27.7,1673,,,,081131F8 A43 A0 * 01000000,280137FE N29 X0,,,3,3,,,1200,ALT,,,,,,,,0,12,8,,0.2,1,12.7,14.0,13.9,10,-10,15.3,254,,,,,0,0,0,0,0,0,0,FUEL PRESS / CO PPM / ENGINE ECU / NO AOA CAL,
2026-09-02,14:48:05,21:48:05,-07:00,+39.0809988,-114.1003507,284,3D,337703.1,0.2,,0,0,0.01,,24,119,9,171,309,-1,16.0,17,,,-0.007,0.997,-0.171,,211,,,,30.07,122.700,118.350 RX,GPS1,LOI,,,,,,,,ENR,,,,,Fail,,,,,,,,,,,,,-12.8,27.7,1673,,,,080031F8 A46 A0 * 01000000,280137FE N33 X0,,,3,3,,,1200,ALT,,,,,,,,0,12,8,,0.2,1,12.7,14.0,13.9,9,-10,15.3,254,,,,,0,0,0,0,0,0,0,FUEL PRESS / CO PPM / ENGINE ECU / NO AOA CAL,
2026-09-02,14:48:06,21:48:06,-07:00,+39.0809983,-114.1003500,284,3D,337704.1,0.0,,0,0,0.01,,23,108,9,172,309,0,16.2,17,,,-0.007,0.998,-0.159,,211,,,,30.07,122.700,118.350 RX,GPS1,LOI,,,,,,,,ENR,,,,,Fail,,,,,,,,,,,,,-12.8,27.7,1674,,,,080031F8 A49 A0 * 01000000,280137FE N37 X0,,,3,3,,,1200,ALT,,,,,,,,0,12,8,,0.2,1,12.7,14.0,14.0,10,-10,15.3,254,,,,,0,0,0,0,0,0,0,FUEL PRESS / CO PPM / ENGINE ECU,
2026-09-02,14:48:07,21:48:07,-07:00,+39.0809983,-114.1003497,283,3D,337705.1,0.0,,0,0,0.00,,22,98,9,172,309,4,16.4,17,,,-0.006,0.998,-0.145,,211,,,,30.07,122.700,118.350 RX,GPS1,LOI,,,,,,,,ENR,,,,,Fail,,,,,,,,,,,,,-12.8,27.7,1675,,,,080031F8 A52 A0 * 01000000,280137FE N41 X0,,,3,3,,,1200,ALT,,2.7,0,0,,,,0,12,8,0.0,0.2,2,12.7,14.0,14.0,8,-9,15.3,254,,,,,0,0,0,0,0,0,0,FUEL PRESS / CO PPM / ENGINE ECU / NO AOA CAL,
2026-09-02,14:48:08,21:48:08,-07:00,+39.0809981,-114.1003496,283,3D,337706.1,0.0,,0,0,-0.00,,21,91,9,172,309,4,16.0,16,,,-0.005,0.998,-0.131,,211,,,,30.07,122.700,118.350 RX,GPS1,LOI,,,,,,,,ENR,,,,,Fail,,,,,,,,,,,,,-12.8,27.7,1675,,,,080031F8 A55 A0 * 01000000,280137FE N45 X0,,,3,4,,,1200,ALT,0,10.1,0,0,38,38,38,0,12,8,0.0,0.2,2,12.8,14.0,14.0,8,-9,15.3,254,100,100,110,105,0,0,0,0,0,0,0,FUEL PRESS / CO PPM / NO AOA CAL,
2026-09-02,14:48:09,21:48:09,-07:00,+39.0809976,-114.1003493,283,3D,337707.1,0.0,,0,0,0.01,,20,84,9,172,309,1,16.0,16,,,-0.008,0.998,-0.126,,211,,,,30.07,122.700,118.350 RX,GPS1,LOI,,,,,,,,ENR,,,,,Fail,,,,,,,,,,,,,-12.8,27.7,1676,,,,080031F8 A58 A0 * 01000000,280137FE N49 X0,,,3,4,,,1200,ALT,0,18.0,0,0,53,54,55,0,12,8,0.0,0.2,2,12.8,14.0,14.0,7,-8,15.3,254,125,125,140,130,0,0,0,0,0,0,0,FUEL PRESS / CO PPM / NO AOA CAL,
2026-09-02,14:48:10,21:48:10,-07:00,+39.0809968,-114.1003486,282,3D,337708.1,0.0,,0,0,-0.00,,20,79,9,172,309,-1,15.8,16,,,-0.011,1.000,-0.134,,211,,,,30.07,122.700,118.350 RX,GPS1,LOI,,,,,,,,ENR,,,,,Fail,,,,,,,,,,,,,-12.8,27.7,1676,,,,080031F8 A61 A0 * 01000000,280137FE N53 X0,,,3,3,,,1200,ALT,0,24.0,0,0,73,74,75,0,12,8,0.0,0.2,2,12.8,14.0,14.0,7,-8,15.3,254,125,125,140,130,0,0,0,0,0,0,0,OIL PRESS / FUEL PRESS / CO PPM / NO AOA CAL,
2026-09-02,14:48:11,21:48:11,-07:00,+39.0809963,-114.1003479,281,3D,337709.1,0.0,,0,0,-0.00,,20,73,9,172,309,-1,15.7,16,,,-0.009,0.998,-0.143,,211,,,,30.07,122.700,118.350 RX,GPS1,LOI,,,,,,,,ENR,,,,,Fail,,,,,,,,,,,,,-12.8,27.7,1677,,,,080031F8 A64 A0 * 01000000,280137FE N57 X0,,,3,3,,,1200,ALT,0,27.1,0,0,84,87,88,0,12,8,0.0,0.2,2,12.8,14.0,14.0,7,-8,15.3,254,125,125,140,130,0,0,0,0,0,0,0,OIL PRESS / FUEL PRESS / CO PPM / NO AOA CAL,
2026-09-02,14:48:12,21:48:12,-07:00,+39.0809958,-114.1003474,280,3D,337710.1,0.0,,0,0,0.00,,20,69,9,172,309,-1,15.5,16,,,-0.008,0.998,-0.159,,211,,,,30.07,122.700,118.350 RX,GPS1,LOI,,,,,,,,ENR,,,,,Fail,,,,,,,,,,,,,-12.8,27.7,1678,,,,080031F8 A67 A0 * 01000000,280137FE N61 X0,,,3,3,,,1200,ALT,0,28.5,0,0,90,92,94,0,12,8,0.0,0.2,3,12.8,14.0,14.0,7,-8,15.3,254,125,125,140,130,0,0,0,0,0,0,0,OIL PRESS / FUEL PRESS / CO PPM / NO AOA CAL,
2026-09-02,14:48:13,21:48:13,-07:00,+39.0809959,-114.1003474,279,3D,337711.1,0.0,,0,0,0.00,,20,65,9,171,309,-2,15.7,16,,,-0.008,0.999,-0.176,,211,,,,30.07,122.700,118.350 RX,GPS1,LOI,,,,,,,,ENR,,,,,Fail,,,,,,,,,,,,,-12.8,27.7,1678,,,,080031F8 A70 A0 * 01000000,280137FE N65 X0,,,3,3,,,1200,ALT,0,29.2,0,0,93,96,97,0,12,8,0.0,0.2,3,12.8,14.0,14.0,7,-7,15.3,254,125,125,140,130,0,0,0,0,0,0,0,OIL PRESS / FUEL PRESS / CO PPM / NO AOA CAL,
2026-09-02,14:48:14,21:48:14,-07:00,+39.0809960,-114.1003472,278,3D,337712.1,0.0,,0,0,0.00,,20,61,9,172,309,-1,16.1,17,,,-0.010,0.999,-0.181,,211,,,,30.07,122.700,118.350 RX,GPS1,LOI,,,,,,,,ENR,,,,,Fail,,,,,,,,,,,,,-12.8,27.7,1679,,,,080031F8 A73 A0 * 01000000,280137FE N69 X0,,,3,3,,,1200,ALT,0,29.5,0,0,94,97,98,0,12,8,0.0,0.2,3,12.8,14.0,14.0,7,-7,15.3,254,125,125,140,130,0,0,0,0,0,0,0,OIL PRESS / FUEL PRESS / CO PPM / NO AOA CAL,
2026-09-02,14:48:15,21:48:15,-07:00,+39.0809962,-114.1003469,277,3D,337713.1,0.0,,0,0,-0.00,,20,59,9,172,309,2,15.9,16,,,-0.008,0.998,-0.175,,211,,,,30.07,122.700,118.350,GPS1,LOI,,,,,,,,ENR,,,,,Fail,,,,,,,,,,,,,-12.8,27.7,1680,,,,080031F8 A76 A0 * 01000000,280137FE N72 X0,,,4,4,,,1200,ALT,0,29.6,0,0,95,98,99,0,12,8,0.0,0.2,4,12.8,14.0,14.0,6,-7,15.3,254,125,125,140,130,0,0,0,0,0,0,0,OIL PRESS / FUEL PRESS / CO PPM / NO AOA CAL,
2026-09-02,14:48:16,21:48:16,-07:00,+39.0809967,-114.1003464,276,3D,337714.1,0.0,,0,0,0.00,,20,56,9,172,309,2,16.0,16,,,-0.008,0.997,-0.166,,211,,,,30.07,122.700,118.350,GPS1,LOI,,,,,,,,ENR,,,,,Fail,,,,,,,,,,,,,-12.8,27.7,1680,,,,080031F8 A79 A0 * 01000000,280137FE N76 X0,,,3,3,,,1200,ALT,0,29.7,0,0,95,98,99,0,12,8,0.0,1.8,6,12.8,14.0,14.0,6,-7,15.2,254,125,125,140,130,0,0,0,0,0,0,0,OIL PRESS / FUEL PRESS / CO PPM / TRAFFIC FAIL / NO AOA CAL,
2026-09-02,14:48:17,21:48:17,-07:00,+39.0809971,-114.1003460,275,3D,337715.1,0.0,,0,0,0.01,,20,54,9,172,309,2,16.0,16,,,-0.009,0.998,-0.157,,211,,,,30.07,122.700,118.350,GPS1,LOI,,,,,,,,ENR,,,,,Fail,,,,,,,,,,,,,-12.8,27.7,1681,,,,080031F8 A82 A0 * 01000000,280137FE N80 X0,,,2,2,,,1200,ALT,0,29.7,0,0,95,98,100,0,12,8,0.0,17.5,10,12.7,14.0,14.0,6,-9,15.1,254,125,125,140,130,0,0,0,0,0,0,0,OIL PRESS / FUEL PRESS / CO PPM / TRAFFIC FAIL / NO AOA CAL,
2026-09-02,14:48:18,21:48:18,-07:00,+39.0809976,-114.1003455,274,3D,337716.1,0.0,,0,0,0.00,,20,51,9,172,309,1,16.0,16,,,-0.011,0.997,-0.151,,211,,,,30.07,122.700,118.350 RX,GPS1,LOI,,,,,,,,ENR,,,,,Fail,,,,,,,,,,,,,-12.8,27.7,1681,,,,080031F8 A85 A0 * 01000000,280137FE N84 X0,,,3,3,,,1200,ALT,0,29.7,0,0,95,98,100,0,12,8,0.0,29.7,17,12.7,14.0,14.0,10,-11,15.1,254,125,125,140,130,0,0,0,0,0,0,0,OIL PRESS / FUEL PRESS / CO PPM / TRAFFIC FAIL / NO AOA CAL,
2026-09-02,14:48:19,21:48:19,-07:00,+39.0809977,-114.1003453,273,3D,337717.1,0.0,,0,0,-0.01,,20,49,9,171,309,-4,15.9,16,,,-0.009,0.999,-0.148,,211,,,,30.07,122.700,118.350 RX,GPS1,LOI,,,,,,,,ENR,,,,,Fail,,,,,,,,,,,,,-12.8,27.7,1682,,,,080031F8 A88 A0 * 01000000,280137FE N88 X0,,,4,4,,,1200,ALT,0,29.7,0,0,95,98,100,0,12,8,0.0,38.4,9,12.6,14.0,14.0,7,-12,15.3,254,125,125,140,130,0,0,0,0,0,0,0,OIL PRESS / FUEL PRESS / CO PPM / TRAFFIC FAIL / NO AOA CAL,
2026-09-02,14:48:20,21:48:20,-07:00,+39.0809980,-114.1003451,273,3D,337718.1,0.0,,0,0,-0.00,,20,47,9,171,309,-5,15.2,16,,,-0.007,0.997,-0.160,,211,,,,30.07,122.700,118.350 RX,GPS1,LOI,,,,,,,,ENR,,,,,Fail,,,,,,,,,,,,,-12.8,27.8,1682,,,,080031F8 A91 A0 * 01000000,280137FE N92 X0,,,3,3,,,1200,ALT,0,29.7,0,0,95,98,100,0,12,8,0.0,42.8,7,12.6,14.0,14.0,11,-13,15.4,254,125,125,140,130,0,0,0,0,0,0,0,OIL PRESS / FUEL PRESS / CO PPM / TRAFFIC FAIL / NO AOA CAL,
2026-09-02,14:48:21,21:48:21,-07:00,+39.0809982,-114.1003451,272,3D,337719.1,0.0,,0,0,-0.01,,20,46,9,172,309,-1,15.9,16,,,-0.006,0.997,-0.177,,211,,,,30.07,122.700,118.350 RX,GPS1,LOI,,,,,,,,ENR,,,,,Fail,,,,,,,,,,,,,-12.8,27.8,1683,,,,080031F8 A94 A0 * 01000000,280037FE N96 X0,,,3,3,,,1200,ALT,0,29.7,0,0,95,98,100,0,12,8,0.0,44.6,7,12.6,14.0,14.0,11,-13,15.4,254,125,125,140,130,0,0,0,0,0,0,0,OIL PRESS / CO PPM / TRAFFIC FAIL / NO AOA CAL,
2026-09-02,14:48:22,21:48:22,-07:00,+39.0809994,-114.1003449,272,3D,337720.1,0.0,,0,0,-0.00,,20,44,9,171,309,1,15.8,16,,,-0.006,0.999,-0.181,,211,,,,30.07,122.700,118.350 RX,GPS1,LOI,,,,,,,,ENR,,,,,Fail,,,,,,,,,,,,,-12.8,27.8,1684,,,,080031F8 A97 A0 * 01000000,280037FE N100 X0,,,3,3,,,1200,ALT,0,29.7,0,0,95,98,100,0,12,8,0.0,45.6,6,12.6,14.0,14.0,7,-13,15.4,254,125,125,140,130,0,0,0,0,0,0,0,OIL PRESS / CO PPM / TRAFFIC FAIL / NO AOA CAL,
2026-09-02,14:48:23,21:48:23,-07:00,+39.0810003,-114.1003451,272,3D,337721.1,0.0,,0,0,0.00,,20,43,9,172,309,2,16.4,17,-0.79,0.45,-0.008,0.999,-0.173,,211,,,,30.07,122.700,118.350 RX,GPS1,LOI,,,,,,,,ENR,,,,,Fail,,,,,,,,,,,,,-12.8,27.8,1684,,,,080037FE D2 A0 * 01000000,280037FE N100 X0,0.0,0.1,3,3,,,1200,ALT,0,29.7,0,0,95,98,100,0,12,8,0.0,46.0,5,12.6,14.0,14.0,6,-13,15.5,254,125,125,140,130,0,0,0,0,0,0,0,OIL PRESS / CO PPM / TRAFFIC FAIL / NO AOA CAL,
2026-09-02,14:48:24,21:48:24,-07:00,+39.0810015,-114.1003453,271,3D,337722.1,0.0,,0,0,-0.01,,20,41,9,172,309,4,16.4,17,-0.81,0.45,-0.008,0.998,-0.159,,211,,,,30.07,122.700,118.350 RX,GPS1,LOI,,,,,,,,ENR,,,,,Fail,,,,,,,,,,,,,-12.8,27.8,1685,,,,080037FE D14 A0 * 01000000,280037FE N100 X0,0.0,0.1,3,3,,,1200,ALT,0,29.7,0,0,95,98,100,0,12,8,0.0,46.2,5,12.6,14.0,14.0,9,-13,15.5,254,125,125,140,130,0,0,0,0,0,0,0,OIL PRESS / CO PPM / TRAFFIC FAIL / NO AOA CAL,
2026-09-02,14:48:25,21:48:25,-07:00,+39.0810028,-114.1003453,271,3D,337723.1,0.0,,0,0,-0.00,,20,40,9,172,309,6,16.3,17,-0.86,0.43,-0.009,0.998,-0.141,,211,,,,30.07,122.700,118.350 RX,GPS1,LOI,,,,,,,,ENR,,,,,Fail,,,,,,,,,,,,,-12.8,27.8,1686,,,,080037FE D26 A0 * 01000000,280037FE N100 X0,0.1,0.1,3,2,,,1200,ALT,0,29.7,0,0,95,98,100,0,12,8,0.0,46.3,5,12.6,14.0,14.0,6,-13,15.5,254,125,125,140,130,0,0,0,0,0,0,0,OIL PRESS / FUEL PRESS / CO PPM / TRAFFIC FAIL / NO AOA CAL,
2026-09-02,14:48:26,21:48:26,-07:00,+39.0810038,-114.1003448,270,3D,337724.1,0.0,,0,0,-0.00,,20,39,9,172,309,6,16.2,17,-0.84,0.43,-0.008,0.999,-0.126,,211,,,,30.07,122.700,118.350 RX,GPS1,LOI,,,,,,,,ENR,,,,,Fail,,,,,,,,,,,,,-12.8,27.8,1686,,,,080037FE D38 A0 * 01000000,280037FE N100 X0,0.1,0.1,2,3,,,1200,ALT,0,29.7,0,0,95,98,100,0,12,8,0.0,46.3,5,12.6,14.0,14.0,10,-13,15.5,254,125,125,140,130,0,0,0,0,0,0,0,OIL PRESS / FUEL PRESS / CO PPM / TRAFFIC FAIL / NO AOA CAL,
2026-09-02,14:48:27,21:48:27,-07:00,+39.0810038,-114.1003448,270,3D,337725.1,0.0,,0,0,0.00,,20,38,9,173,310,10,16.2,17,-0.86,0.43,-0.009,0.998,-0.112,,211,,,,30.07,122.700,118.350 RX,GPS1,LOI,,,,,,,,ENR,,,,,Fail,,,,,,,,,,,,,-12.8,27.8,1687,,,,080037FE D50 A0 * 01000000,280037FE N100 X0,0.1,0.1,3,3,,,1200,ALT,0,29.7,0,0,95,98,100,0,12,8,0.0,46.3,5,12.6,14.0,14.0,6,-13,15.5,254,125,125,140,130,0,0,0,0,0,0,0,OIL PRESS / FUEL PRESS / CO PPM / TRAFFIC FAIL / NO AOA CAL,
2026-09-02,14:48:28,21:48:28,-07:00,+39.0810039,-114.1003448,270,3D,337726.1,0.0,,0,0,0.00,,20,37,9,173,310,12,16.1,16,-0.87,0.42,-0.008,0.997,-0.100,,211,,,,30.07,122.700,118.350 RX,GPS1,LOI,,,,,,,,ENR,,,,,Fail,,,,,,,,,,,,,-12.8,27.8,1688,,,,080037FE D62 A0 * 01000000,280037FE N100 X0,0.1,0.1,2,2,,,1200,ALT,0,29.7,0,0,95,98,100,0,12,8,0.0,46.3,5,12.6,14.0,14.0,11,-13,15.5,254,125,125,140,130,0,0,0,0,0,0,0,OIL PRESS / FUEL PRESS / CO PPM / TRAFFIC FAIL / NO AOA CAL,
2026-09-02,14:48:29,21:48:29,-07:00,+39.0810037,-114.1003448,270,3D,337727.1,0.0,,0,0,0.00,,20,36,9,173,310,10,16.0,16,-0.83,0.39,-0.009,0.998,-0.092,,211,,,,30.07,122.700,118.350 RX,GPS1,LOI,,,,,,,,ENR,,,,,Fail,,,,,,,,,,,,,-12.8,27.8,1688,,,,080037FE D74 A0 * 01000000,280037FE N100 X0,0.1,0.0,3,3,,,1200,ALT,,29.7,0,0,95,98,100,0,12,8,0.0,44.5,5,12.6,14.0,14.0,9,-13,15.7,254,125,125,140,130,0,0,0,0,0,0,0,OIL PRESS / FUEL PRESS / CO PPM / TRAFFIC FAIL / NO AOA CAL,
2026-09-02,14:48:30,21:48:30,-07:00,+39.0810039,-114.1003448,270,3D,337728.1,0.0,,0,0,0.01,,20,35,9,172,310,5,15.9,16,-0.86,0.39,-0.012,0.996,-0.092,,211,,,,30.07,122.700,118.350 RX,GPS1,LOI,,,,,,,,ENR,,,,,Fail,,,,,,,,,,,,,-12.8,27.8,1689,,,,080037FE D86 A0 * 01000000,280037FE N100 X0,0.1,0.0,3,3,,,1200,ALT,,29.7,0,0,95,98,100,0,12,8,0.0,33.9,5,12.6,14.0,14.0,7,-11,17.5,254,125,125,140,130,0,0,0,0,0,1,0,OIL PRESS / CHECK FUEL / FUEL PRESS / CO PPM / TRAFFIC FAIL / NO AOA CAL,
2026-09-02,14:48:31,21:48:31,-07:00,+39.0810039,-114.1003448,270,3D,337729.1,0.0,,0,0,0.00,,20,34,9,172,310,0,15.9,16,-0.83,0.40,-0.008,0.998,-0.089,,211,,,,30.07,122.700,118.350 RX,GPS1,LOI,,,,,,,,ENR,,,,,Fail,,,,,,,,,,,,,-12.8,27.8,1689,,,,080037FE D98 A0 * 01000000,280037FE N100 X0,0.1,0.0,4,4,,,1200,ALT,,29.7,0,0,95,98,100,0,12,8,0.0,21.5,5,12.7,14.0,14.0,6,-10,19.8,254,125,125,140,130,0,0,0,0,0,1,0,OIL PRESS / CHECK FUEL / FUEL PRESS / CO PPM / ENGINE ECU / TRAFFIC FAIL / NO AOA CAL,
2026-09-02,14:48:32,21:48:32,-07:00,+39.0810039,-114.1003448,270,3D,337730.1,0.0,,0,0,-0.00,,20,33,9,172,310,-1,16.0,16,-0.85,0.42,-0.009,1.000,-0.084,,211,,,,30.07,122.700,118.350 RX,GPS1,LOI,,,,,,,,ENR,,,,,Fail,,,,,,,,,,,,,-12.8,27.8,1690,,,,080037FE D98 A0 * 01000000,280037FE N100 X0,0.1,0.1,4,4,,,1200,ALT,,,,,95,98,100,0,12,8,,14.1,5,12.8,14.0,14.0,6,-9,21.2,254,125,125,140,130,0,0,0,0,0,1,0,OIL PRESS / CHECK FUEL / FUEL PRESS / CO PPM / ENGINE ECU / TRAFFIC FAIL / NO AOA CAL,
2026-09-02,14:48:33,21:48:33,-07:00,+39.0810039,-114.1003447,270,3D,337731.1,0.0,,0,0,-0.00,,20,33,9,172,310,-4,15.9,16,-0.86,0.42,-0.007,0.998,-0.083,,211,,,,30.07,122.700,118.350 RX,GPS1,LOI,,,,,,,,ENR,,,,,Fail,,,,,,,,,,,,,-12.8,27.8,1691,,,,080037FE D98 A0 * 01000000,280037FE N100 X0,0.2,0.1,2,3,,,1200,ALT,,,,,,,,0,12,8,,10.7,5,12.8,14.0,14.0,6,-9,21.9,254,,,,,0,0,0,0,0,1,0,CHECK FUEL / FUEL PRESS / CO PPM / ENGINE ECU / TRAFFIC FAIL / NO AOA CAL,
2026-09-02,14:48:34,21:48:34,-07:00,+39.0810039,-114.1003447,270,3D,337732.1,0.0,,0,0,0.00,,20,32,9,172,309,-5,15.7,16,-0.83,0.42,-0.007,0.998,-0.080,,211,,,,30.07,122.700,118.350 RX,GPS1,LOI,,,,,,,,ENR,,,,,Fail,,,,,,,,,,,,,-12.8,27.8,1691,,,,080037FE D98 A0 * 01000000,280037FE N100 X0,0.1,0.1,4,4,,,1200,ALT,,,,,,,,0,12,8,,8.8,5,12.8,14.0,14.0,6,-8,22.4,254,,,,,0,0,0,0,0,1,0,CHECK FUEL / FUEL PRESS / CO PPM / ENGINE ECU / TRAFFIC FAIL / NO AOA CAL,
2026-09-02,14:48:35,21:48:35,-07:00,+39.0810040,-114.1003447,270,3D,337733.1,0.0,,0,0,-0.00,,20,31,9,172,309,-5,15.7,16,-0.85,0.43,-0.014,0.996,-0.078,,211,,,,30.07,122.700,118.350 RX,GPS1,LOI,,,,,,,,ENR,,,,,Fail,,,,,,,,,,,,,-12.8,27.8,1692,,,,080037FE D98 A0 * 01000000,280037FE N100 X0,0.2,0.1,41,13,,,1200,ALT,,,,,,,,0,12,8,,7.9,5,12.8,14.0,14.0,6,-8,22.6,254,,,,,1,1,0,0,0,1,0,CHECK FUEL / FUEL PRESS / CO PPM / ENGINE ECU / TRAFFIC FAIL / NO AOA CAL,
2026-09-02,14:48:36,21:48:36,-07:00,+39.0810040,-114.1003448,270,3D,337734.1,0.0,,0,0,-0.01,,20,31,9,172,309,-4,15.9,16,-0.90,0.49,0.024,1.031,-0.073,,211,,,,30.07,122.700,118.350 RX,GPS1,LOI,,,,,,,,ENR,,,,,Fail,,,,,,,,,,,,,-12.8,27.8,1692,,,,080037FE D98 A0 * 01000000,280037FE N100 X0,0.4,0.1,334,97,,,1200,ALT,,,,,,,,0,12,8,0.1,15.8,4,12.6,14.0,14.0,6,-10,21.6,254,,,,,0,0,0,0,0,1,0,CHECK FUEL / FUEL PRESS / CO PPM / ENGINE ECU / TRAFFIC FAIL / NO AOA CAL,
2026-09-02,14:48:37,21:48:37,-07:00,+39.0810040,-114.1003448,270,3D,337735.1,0.0,,0,0,-0.00,,20,30,9,172,309,-4,15.9,16,-0.81,0.55,0.008,0.973,-0.071,,211,,,,30.07,122.700,118.350 RX,GPS1,LOI,,,,,,,,ENR,,,,,Fail,,,,,,,,,,,,,-12.8,27.8,1692,,,,080037FE D98 A0 * 01000000,280037FE N100 X0,0.3,0.2,211,103,,,1200,ALT,0,27.9,1030,11,95,98,,0,12,8,0.2,30.1,-2,12.6,14.0,14.0,10,-10,18.7,254,,,,,0,0,0,0,0,1,0,CHECK FUEL / FUEL PRESS / CO PPM / TRAFFIC FAIL / NO AOA CAL,
2026-09-02,14:48:38,21:48:38,-07:00,+39.0810040,-114.1003448,270,3D,337736.1,0.0,,0,0,-0.00,,20,29,9,171,309,-7,15.3,16,-0.87,0.51,0.036,0.997,-0.081,,211,,,,30.07,122.700,118.350 RX,GPS1,LOI,,,,,,,,ENR,,,,,Fail,,,,,,,,,,,,,-12.8,27.8,1693,,,,080037FE N0 A0 * 01000000,280037FE N100 X0,0.3,0.1,71,54,,,1200,ALT,0,25.2,1290,25,95,98,100,0,12,9,0.4,39.8,-2,12.6,14.0,14.0,10,-9,16.0,254,275,290,290,295,0,0,0,0,0,1,0,CHECK FUEL / FUEL PRESS / CO PPM / ENGINE ECU / TRAFFIC FAIL / NO AOA CAL,
2026-09-02,14:48:39,21:48:39,-07:00,+39.0810041,-114.1003448,270,3D,337737.1,0.0,,0,0,-0.00,,20,29,9,172,309,-13,14.8,15,-0.91,0.51,-0.085,0.990,-0.110,,211,,,,30.07,122.700,118.350 RX,GPS1,LOI,,,,,,,,ENR,,,,,Fail,,,,,,,,,,,,,-12.8,27.8,1693,,,,080037FE N4 A0 * 01000000,280037FE N100 X0,0.4,0.1,128,60,,,1200,ALT,0,23.4,1250,34,95,98,100,0,12,9,0.6,44.4,-2,12.7,14.0,14.0,10,-9,14.4,254,395,405,400,410,0,0,0,0,0,1,0,CHECK FUEL / FUEL PRESS / CO PPM / ENGINE ECU / TRAFFIC FAIL / NO AOA CAL,
2026-09-02,14:48:40,21:48:40,-07:00,+39.0810041,-114.1003448,270,3D,337738.1,0.0,,0,0,-0.01,,20,28,9,174,310,15,15.5,16,-0.98,0.46,-0.002,0.997,-0.121,,211,,,,30.07,122.700,118.350 RX,GPS1,LOI,,,,,,,,ENR,,,,,Fail,,,,,,,,,,,,,-12.8,27.9,1695,,,,080037FE N8 A0 * 01000000,280037FE N100 X0,0.4,0.1,169,103,,,1200,ALT,1,23.3,1180,40,95,98,99,0,12,9,0.7,47.1,-2,12.8,14.0,14.0,9,-8,13.4,254,505,520,510,520,0,0,0,0,0,1,0,CHECK FUEL / CO PPM / ENGINE ECU / TRAFFIC FAIL / NO AOA CAL,
2026-09-02,14:48:41,21:48:41,-07:00,+39.0810041,-114.1003448,270,3D,337739.1,0.0,,0,0,-0.00,,20,28,9,173,310,24,15.6,16,-1.08,0.45,-0.022,0.993,-0.137,,211,,,,30.07,122.700,118.350 RX,GPS1,LOI,,,,,,,,ENR,,,,,Fail,,,,,,,,,,,,,-12.8,27.9,1696,,,,080037FE N12 A0 * 01000000,280037FE N100 X0,0.4,0.1,30,30,,,1200,ALT,5,23.5,2220,44,95,98,99,0,12,9,1.0,48.2,-1,12.8,14.0,14.0,9,-8,12.9,254,600,615,615,625,0,0,0,0,0,1,0,CHECK FUEL / CO PPM / ENGINE ECU / TRAFFIC FAIL / NO AOA CAL,
2026-09-02,14:48:42,21:48:42,-07:00,+39.0810041,-114.1003448,270,3D,337740.1,0.0,,0,0,-0.00,,20,27,9,174,311,26,16.1,17,-1.07,0.41,-0.018,1.014,-0.148,,211,,,,30.07,122.700,118.350 RX,GPS1,LOI,,,,,,,,ENR,,,,,Fail,,,,,,,,,,,,,-12.8,27.9,1697,,,,080037FE N16 A0 * 01000000,280037FE N100 X0,0.4,0.1,25,30,,,1200,ALT,7,22.5,2360,47,95,98,99,0,12,10,1.3,48.3,-1,12.8,14.0,14.0,9,-8,12.6,254,695,715,715,720,0,0,0,0,0,1,0,CHECK FUEL / FUEL PRESS / CO PPM / ENGINE ECU / TRAFFIC FAIL / NO AOA CAL,
2026-09-02,14:48:43,21:48:43,-07:00,+39.0810042,-114.1003448,270,3D,337741.1,0.0,,0,0,0.00,,20,27,9,175,311,31,16.8,17,-1.07,0.44,-0.012,0.985,-0.145,,211,,,,30.07,122.700 RX,118.350 RX,GPS1,LOI,,,,,,,,ENR,,,,,Fail,,,,,,,,,,,,,-12.8,27.9,1698,,,,080037FE N20 A0 * 01000000,280037FE N100 X0,0.3,0.1,28,31,,,1200,ALT,7,21.2,2350,50,95,98,98,0,12,10,1.6,48.2,-1,12.8,14.0,14.0,8,-8,12.4,254,770,790,795,795,0,0,0,0,0,1,0,CHECK FUEL / FUEL PRESS / CO PPM / ENGINE ECU / TRAFFIC FAIL / NO AOA CAL,
2026-09-02,14:48:44,21:48:44,-07:00,+39.0810042,-114.1003448,270,3D,337742.1,0.0,,0,0,-0.00,,20,27,9,174,312,28,17.3,18,-1.11,0.52,0.003,0.998,-0.143,,211,,,,30.07,122.700 RX,118.350 RX,GPS1,LOI,,,,,,,,ENR,,,,,Fail,,,,,,,,,,,,,-12.8,27.9,1699,,,,080037FE N24 A0 * 01000000,280037FE N100 X0,0.4,0.2,25,29,,,1200,ALT,7,20.4,2350,51,95,98,98,0,12,10,1.6,48.1,-2,12.8,14.0,14.0,8,-8,12.2,254,835,850,855,850,0,0,0,0,0,1,0,CHECK FUEL / FUEL PRESS / CO PPM / ENGINE ECU / TRAFFIC FAIL / NO AOA CAL,
2026-09-02,14:48:45,21:48:45,-07:00,+39.0810042,-114.1003448,270,3D,337743.1,0.0,,0,0,-0.00,,20,26,9,173,311,7,17.4,18,-1.14,0.55,-0.028,0.988,-0.134,,211,,,,30.07,122.700 RX,118.350 RX,GPS1,LOI,,,,,,,,ENR,,,,,Fail,,,,,,,,,,,,,-12.8,27.9,1699,,,,080037FE N28 A0 * 01000000,280037FE N100 X0,0.4,0.3,29,25,,,1200,ALT,7,20.0,2370,52,95,98,97,0,12,10,1.7,48.0,-2,12.8,14.0,14.0,7,-8,12.1,254,885,905,900,890,0,0,0,0,0,1,0,CHECK FUEL / FUEL PRESS / CO PPM / ENGINE ECU / TRAFFIC FAIL / NO AOA CAL,
2026-09-02,14:48:46,21:48:46,-07:00,+39.0810042,-114.1003448,270,3D,337744.1,0.0,,0,0,0.00,,20,26,9,173,311,-7,17.4,18,-1.16,0.57,0.016,0.997,-0.124,,211,,,,30.07,122.700 RX,118.350 RX,GPS1,LOI,,,,,,,,ENR,,,,,Fail,,,,,,,,,,,,,-12.8,27.9,1700,,,,080037FE N32 A0 * 01000000,280037FE N100 X0,0.4,0.3,27,25,,,1200,ALT,7,19.7,2380,52,95,98,97,0,12,10,1.7,48.0,-2,12.8,14.0,14.0,7,-8,12.0,243,925,945,945,925,0,0,0,0,0,1,0,CHECK FUEL / FUEL PRESS / CO PPM / ENGINE ECU / TRAFFIC FAIL / NO AOA CAL,
2026-09-02,14:48:47,21:48:47,-07:00,+39.0810042,-114.1003448,270,3D,337745.1,0.0,,0,0,-0.00,,20,26,9,173,310,-18,17.1,17,-1.18,0.57,-0.039,0.984,-0.110,,211,,,,30.07,122.700 RX,118.350 RX,GPS1,LOI,,,,,,,,ENR,,,,,Fail,,,,,,,,,,,,,-12.8,27.9,1700,,,,080037FE N32 A0 * 01000000,280037FE N100 X0,0.5,0.3,27,27,,,1200,ALT,8,19.7,2470,52,95,98,97,0,12,10,1.7,47.9,-2,12.8,13.9,14.0,8,-8,12.0,154,960,980,980,955,0,0,0,0,0,1,0,CHECK FUEL / FUEL PRESS / CO PPM / ENGINE ECU / TRAFFIC FAIL / NO AOA CAL,
2026-09-02,14:48:48,21:48:48,-07:00,+39.0810042,-114.1003448,270,3D,337746.1,0.0,,0,0,0.00,,20,25,9,174,311,-10,16.8,17,-1.11,0.66,-0.009,0.996,-0.096,,211,,,,30.07,122.700 RX,118.350 RX,GPS1,LOI,,,,,,,,ENR,,,,,Fail,,,,,,,,,,,,,-12.8,27.9,1701,,,,080037FE N32 A0 * 01000000,280037FE N100 X0,0.4,0.3,31,24,,,1200,ALT,8,19.7,2490,52,95,98,96,0,12,10,1.7,47.9,-2,12.8,13.9,14.0,8,-8,11.9,88,990,1005,1015,985,0,0,0,0,0,1,0,CHECK FUEL / FUEL PRESS / CO PPM / ENGINE ECU / TRAFFIC FAIL / NO AOA CAL,
2026-09-02,14:48:49,21:48:49,-07:00,+39.0810042,-114.1003448,270,3D,337747.1,0.0,,0,0,-0.00,,20,25,9,173,311,-3,16.5,17,-1.14,0.61,-0.033,0.983,-0.086,,211,,,,30.07,122.700,118.350 RX,GPS1,LOI,,,,,,,,ENR,,,,,Fail,,,,,,,,,,,,,-12.8,27.9,1702,,,,080037FE N32 A0 * 01000000,280037FE N100 X0,0.4,0.3,31,25,,,1200,ALT,8,19.7,2480,52,95,99,96,0,12,10,1.7,47.9,-2,12.8,13.9,14.0,8,-8,11.9,42,1010,1030,1050,1010,0,0,0,0,0,1,0,CHECK FUEL / FUEL PRESS / CO PPM / ENGINE ECU / TRAFFIC FAIL / NO AOA CAL,
2026-09-02,14:48:50,21:48:50,-07:00,+39.0810042,-114.1003448,270,3D,337748.1,0.0,,0,0,0.00,,20,25,9,173,310,-4,16.2,17,-1.22,0.53,-0.014,1.011,-0.094,,211,,,,30.07,122.700,118.350,GPS1,LOI,,,,,,,,ENR,,,,,Fail,,,,,,,,,,,,,-12.8,27.9,1702,,,,080037FE N32 A0 * 01000000,280037FE N100 X0,0.5,0.2,27,23,,,1200,ALT,9,19.8,2580,53,95,99,96,0,12,10,1.8,48.3,-2,13.0,13.9,14.0,5,-3,11.8,19,1030,1045,1075,1030,0,0,0,0,0,1,0,CHECK FUEL / FUEL PRESS / ENGINE ECU / CO PPM / TRAFFIC FAIL / NO AOA CAL,
2026-09-02,14:48:51,21:48:51,-07:00,+39.0810042,-114.1003448,270,3D,337749.1,0.0,,0,0,0.00,,20,25,9,174,311,3,16.3,17,-1.24,0.41,0.030,0.984,-0.098,,211,,,,30.07,122.700,118.350,GPS1,LOI,,,,,,,,ENR,,,,,Fail,,,,,,,,,,,,,-12.8,27.9,1704,,,,080037FE N32 A0 * 01000000,280037FE N100 X0,0.5,0.1,36,22,,,1200,ALT,11,20.1,2720,53,95,99,96,0,12,10,1.9,48.7,-2,13.2,13.9,14.0,5,2,11.8,9,1040,1065,1100,1045,0,0,0,0,0,1,0,CHECK FUEL / FUEL PRESS / ENGINE ECU / CO PPM / TRAFFIC FAIL / NO AOA CAL,
2026-09-02,14:48:52,21:48:52,-07:00,+39.0810042,-114.1003448,270,3D,337750.1,0.0,,0,0,-0.00,,20,24,9,174,311,11,16.6,17,-1.35,0.52,-0.017,0.987,-0.091,,211,,,,30.07,122.700,118.350,GPS1,LOI,,,,,,,,ENR,,,,,Fail,,,,,,,,,,,,,-12.8,27.9,1705,,,,080037FE N32 A0 * 01000000,280037FE N100 X0,0.6,0.2,29,22,,,1200,ALT,11,20.3,2730,53,95,100,95,0,12,10,2.0,49.0,-1,13.3,13.9,14.0,5,6,11.9,4,1050,1075,1120,1060,0,0,0,0,0,1,0,CHECK FUEL / FUEL PRESS / ENGINE ECU / TRAFFIC FAIL / NO AOA CAL,
2026-09-02,14:48:53,21:48:53,-07:00,+39.0810042,-114.1003448,270,3D,337751.1,0.0,,0,0,-0.00,,20,24,9,174,311,11,16.9,17,-1.35,0.47,-0.021,1.009,-0.093,,211,,,,30.07,122.700,118.350 RX,GPS1,LOI,,,,,,,,ENR,,,,,Fail,,,,,,,,,,,,,-12.8,27.9,1706,,,,080037FE N33 A0 * 01000000,280037FE N100 X0,0.6,0.1,28,27,,,1200,ALT,11,20.4,2720,54,95,100,95,0,12,10,2.0,49.1,-2,13.4,13.9,14.0,5,9,11.9,2,1065,1090,1135,1075,0,0,0,0,0,1,0,CHECK FUEL / FUEL PRESS / ENGINE ECU / TRAFFIC FAIL / NO AOA CAL,
2026-09-02,14:48:54,21:48:54,-07:00,+39.0810042,-114.1003448,270,3D,337752.1,0.0,,0,0,0.00,,20,24,9,173,310,-9,16.8,17,-1.35,0.33,0.025,0.994,-0.114,,211,,,,30.07,122.700,118.350 RX,GPS1,LOI,,,,,,,,ENR,,,,,Fail,,,,,,,,,,,,,-12.8,27.9,1706,,,,080037FE N37 A0 * 01000000,280037FE N100 X0,0.6,0.0,29,20,,,1200,ALT,11,20.5,2720,54,95,101,95,0,12,10,2.0,49.2,-2,13.4,13.9,14.0,5,9,11.9,1,1070,1100,1150,1090,0,0,0,0,0,1,0,CHECK FUEL / FUEL PRESS / ENGINE ECU / TRAFFIC FAIL / NO AOA CAL,
2026-09-02,14:48:55,21:48:55,-07:00,+39.0810042,-114.1003448,270,3D,337753.1,0.0,,0,0,0.00,,20,24,9,174,310,-9,16.8,17,-1.24,0.44,-0.022,0.997,-0.120,,211,,,,30.07,122.700,118.350 RX,GPS1,LOI,,,,,,,,ENR,,,,,Fail,,,,,,,,,,,,,-12.8,28.0,1707,,,,080037FE N41 A0 * 01000000,280037FE N100 X0,0.4,0.1,28,24,,,1200,ALT,11,20.5,2740,54,95,101,94,0,12,10,2.0,49.2,-2,13.5,13.9,14.0,7,10,12.0,1,1070,1110,1165,1105,0,0,0,0,0,1,0,CHECK FUEL / FUEL PRESS / ENGINE ECU / TRAFFIC FAIL / NO AOA CAL,
2026-09-02,14:48:56,21:48:56,-07:00,+39.0810042,-114.1003448,270,3D,337754.1,0.0,,0,0,-0.00,,20,23,9,173,310,-5,17.2,18,-1.29,0.50,-0.025,1.014,-0.104,,211,,,,30.07,122.700,118.350 RX,GPS1,LOI,,,,,,,,ENR,,,,,Fail,,,,,,,,,,,,,-12.8,28.0,1708,,,,080037FE N45 A0 * 01000000,280037FE N100 X0,0.5,0.2,29,19,,,1200,ALT,11,20.5,2750,54,95,102,94,0,12,10,2.0,49.3,-2,13.5,13.9,14.0,8,10,12.0,0,1080,1120,1175,1110,0,0,0,0,0,1,0,CHECK FUEL / FUEL PRESS / ENGINE ECU / TRAFFIC FAIL / NO AOA CAL,
2026-09-02,14:48:57,21:48:57,-07:00,+39.0810042,-114.1003448,270,3D,337755.1,0.0,,0,0,-0.00,,20,23,9,172,310,-11,17.2,17,-1.34,0.52,-0.026,1.007,-0.076,,211,,,,30.07,122.700,118.350 RX,GPS1,LOI,,,,,,,,ENR,,,,,Fail,,,,,,,,,,,,,-12.8,28.0,1709,,,,080037FE N49 A0 * 01000000,280037FE N100 X0,0.5,0.2,24,19,,,1200,ALT,11,20.5,2750,54,95,103,94,0,12,10,2.0,49.3,-1,13.5,13.9,14.0,9,10,12.0,0,1085,1125,1180,1125,0,0,0,0,0,1,0,CHECK FUEL / FUEL PRESS / ENGINE ECU / TRAFFIC FAIL / NO AOA CAL,
2026-09-02,14:48:58,21:48:58,-07:00,+39.0810042,-114.1003448,270,3D,337756.1,0.0,,0,0,0.00,,20,23,9,173,310,-7,16.9,17,-1.18,0.49,-0.002,1.021,-0.050,,211,,,,30.07,122.700,118.350 RX,GPS1,LOI,,,,,,,,ENR,,,,,Fail,,,,,,,,,,,,,-12.8,28.0,1710,,,,080037FE N53 A0 * 01000000,280037FE N100 X0,0.4,0.1,25,19,,,1200,ALT,12,20.5,2810,54,95,103,94,0,12,10,2.0,49.3,-1,13.5,13.9,14.0,10,10,12.0,0,1090,1130,1190,1130,0,0,0,0,0,1,0,CHECK FUEL / FUEL PRESS / ENGINE ECU / TRAFFIC FAIL / NO AOA CAL,
2026-09-02,14:48:59,21:48:59,-07:00,+39.0810042,-114.1003447,270,3D,337757.1,0.0,,0,0,0.00,,20,23,9,173,310,-5,16.8,17,-1.17,0.47,-0.002,1.008,-0.039,,211,,,,30.07,122.700,118.350 RX,GPS1,LOI,,,,,,,,ENR,,,,,Fail,,,,,,,,,,,,,-12.8,28.0,1710,,,,080037FE N57 A0 * 01000000,280037FE N100 X0,0.3,0.1,34,22,,,1200,ALT,12,20.4,2800,54,95,104,94,0,12,10,2.0,49.2,-2,13.5,13.9,14.0,10,10,12.0,0,1100,1140,1195,1140,0,0,0,0,0,1,0,CHECK FUEL / FUEL PRESS / ENGINE ECU / TRAFFIC FAIL / NO AOA CAL,
2026-09-02,14:49:00,21:49:00,-07:00,+39.0810042,-114.1003447,270,3D,337758.1,0.0,,0,0,-0.00,,20,23,9,173,310,1,16.8,17,-1.00,0.50,-0.006,0.993,-0.031,,211,,,,30.07,122.700,118.350 RX,GPS1,LOI,,,,,,,,ENR,,,,,Fail,,,,,,,,,,,,,-12.8,28.0,1711,,,,080037FE N61 A0 * 01000000,280037FE N100 X0,0.2,0.2,26,23,,,1200,ALT,12,20.4,2760,54,95,105,93,0,12,10,2.0,48.8,-1,13.5,13.9,14.0,11,10,12.1,0,1110,1150,1200,1145,0,0,0,0,0,1,0,CHECK FUEL / FUEL PRESS / ENGINE ECU / TRAFFIC FAIL / NO AOA CAL,
2026-09-02,14:49:01,21:49:01,-07:00,+39.0810042,-114.1003447,270,3D,337759.1,0.0,,0,0,-0.00,,20,22,9,174,310,5,16.6,17,-0.98,0.72,0.022,0.992,-0.041,,211,,,,30.07,122.700,118.350 RX,GPS1,LOI,,,,,,,,ENR,,,,,Fail,,,,,,,,,,,,,-12.8,28.0,1712,,,,080037FE N65 A0 * 01000000,280037FE N100 X0,0.2,0.4,41,29,,,1200,ALT,12,20.4,2770,54,95,106,93,0,12,10,2.0,48.4,-2,13.5,13.9,14.0,11,10,12.1,0,1115,1155,1215,1155,0,0,0,0,0,1,0,CHECK FUEL / FUEL PRESS / ENGINE ECU / TRAFFIC FAIL / NO AOA CAL,
2026-09-02,14:49:02,21:49:02,-07:00,+39.0809761,-114.1003120,256,3D (GPS nav),337742.1,3.1,,-4,0,0.03,,177,138,4,174,311,16,17.1,18,-0.87,0.81,0.024,1.013,-0.046,,211,,,,30.07,122.700,118.350 RX,GPS1,LOI,,,,,,,,ENR,,,,,Fail,,,,,,,,,,,,,-12.8,28.0,1712,,,,080037FE N69 A0 * 01000000,280037FE N100 X0,0.0,0.5,33,21,,,1200,ALT,12,20.5,2820,54,95,108,93,0,12,10,2.0,48.1,-2,13.5,13.9,13.9,11,10,12.0,1,1125,1160,1220,1165,0,0,0,0,0,1,0,CHECK FUEL / FUEL PRESS / ENGINE ECU / TRAFFIC FAIL / NO AOA CAL,
2026-09-02,14:49:03,21:49:03,-07:00,+39.0809522,-114.1003822,255,3D (GPS nav),337743.1,6.8,,-7,0,0.05,,102,131,5,172,310,-2,17.0,17,-0.93,0.77,0.009,1.002,-0.045,,211,,,,30.07,122.700,118.350 RX,GPS1,,,,,,,,,ENR,,,,,Fail,,,,,,,,,,,,,-12.8,28.0,1711,,,,080037FE N73 A0 * 01000000,280037FE N100 X0,0.0,0.4,35,27,,,1200,ALT,12,20.5,2750,54,95,109,93,0,12,10,2.0,48.0,-2,13.5,13.9,13.9,5,10,12.0,2,1130,1170,1220,1165,0,0,0,0,0,1,0,CHECK FUEL / FUEL PRESS / ENGINE ECU / TRAFFIC FAIL / NO AOA CAL,
2026-09-02,14:49:04,21:49:04,-07:00,+39.0809497,-114.1003821,249,3D (GPS nav),337744.1,1.7,,0,0,0.08,,98,131,5,172,310,-8,17.1,17,-0.83,0.71,0.016,1.007,-0.043,,211,,,,30.07,122.700,118.350 RX,GPS1,,,,,,,,,ENR,,,,,Fail,,,,,,,,,,,,,-12.8,28.0,1711,,,,080037FE N76 A0 * 01000000,280037FE N100 X0,0.0,0.4,28,27,,,1200,ALT,11,20.5,2720,54,95,110,93,0,12,10,2.0,47.9,-1,13.5,13.9,13.9,5,10,11.9,2,1130,1175,1225,1175,0,0,0,0,0,1,0,CHECK FUEL / FUEL PRESS / ENGINE ECU / NO AOA CAL,
2026-09-02,14:49:05,21:49:05,-07:00,+39.0809464,-114.1003836,247,3D (GPS nav),337745.1,0.3,,-0,-0,0.00,,98,131,5,173,310,-16,16.8,17,-0.59,0.65,-0.022,1.008,-0.046,,211,,,,30.07,122.700,118.350 RX,GPS1,,,,,,,,,ENR,,,,,Fail,,,,,,,,,,,,,-12.8,28.0,1711,,,,080037FE N80 A0 * 01000000,280037FE N100 X0,0.3,0.4,26,23,,,1200,ALT,11,20.6,2720,54,95,111,92,0,12,10,2.0,47.8,-1,13.5,13.9,13.9,5,10,11.9,3,1135,1180,1235,1180,0,0,0,0,0,1,0,CHECK FUEL / FUEL PRESS / ENGINE ECU / NO AOA CAL,
2026-09-02,14:49:06,21:49:06,-07:00,+39.0809469,-114.1003838,245,3D (GPS nav),337746.1,0.1,,0,0,-0.06,,98,131,5,174,310,3,16.6,17,-0.34,0.41,-0.031,1.013,-0.055,,211,,,,30.07,122.700,118.350 RX,GPS1,,,,,,,,,ENR,,,,,Fail,,,,,,,,,,,,,-12.8,28.0,1712,,,,080037FE N84 A0 * 01000000,280037FE N100 X0,0.6,0.1,27,22,,,1200,ALT,11,20.7,2690,54,95,113,92,0,12,10,2.0,47.8,-2,13.5,13.9,13.9,5,10,11.9,3,1135,1185,1240,1180,0,0,0,0,0,1,0,CHECK FUEL / FUEL PRESS / ENGINE ECU / NO AOA CAL,
2026-09-02,14:49:07,21:49:07,-07:00,+39.0809471,-114.1003836,244,3D (GPS nav),337747.1,0.1,,-0,-0,-0.02,,98,131,5,174,311,15,16.4,17,-0.14,0.18,0.015,1.006,-0.050,,211,,,,30.07,122.700,118.350 RX,GPS1,,,,,,,,,ENR,,,,,Fail,,,,,,,,,,,,,-12.8,28.0,1712,,,,080037FE N88 A0 * 01000000,280037FE N100 X0,0.8,0.1,32,30,,,1200,ALT,11,20.8,2690,54,95,114,92,0,12,10,2.0,47.8,-1,13.5,13.9,13.9,5,10,11.9,3,1140,1185,1240,1185,0,0,0,0,0,1,0,CHECK FUEL / FUEL PRESS / ENGINE ECU / NO AOA CAL,
2026-09-02,14:49:08,21:49:08,-07:00,+39.0809483,-114.1003811,243,3D (GPS nav),337748.1,0.1,,0,0,0.09,,98,131,5,173,311,11,16.0,16,-0.20,0.13,-0.030,1.010,-0.055,,211,,,,30.07,122.700,118.350 RX,GPS1,,,,,,,,,ENR,,,,,Fail,,,,,,,,,,,,,-12.8,28.0,1712,,,,080037FE N92 A0 * 01000000,280037FE N100 X0,0.7,0.2,33,26,,,1200,ALT,11,20.8,2720,53,95,115,92,0,12,10,2.0,48.2,-2,13.5,13.9,13.9,6,10,11.8,3,1140,1185,1250,1190,0,0,0,0,0,1,0,CHECK FUEL / FUEL PRESS / ENGINE ECU / NO AOA CAL,
2026-09-02,14:49:09,21:49:09,-07:00,+39.0809494,-114.1003794,244,3D (GPS nav),337749.0,0.1,,0,0,-0.01,,98,131,5,174,311,7,15.7,16,-0.33,0.29,-0.024,1.013,-0.068,,211,,,,30.07,122.700,118.350 RX,GPS1,,,,,,,,,ENR,,,,,Fail,,,,,,,,,,,,,-12.8,28.0,1712,,,,080037FE N96 A0 * 01000000,280037FE N100 X0,0.6,0.0,31,21,,,1200,ALT,12,20.8,2750,53,95,116,92,0,12,10,2.0,48.6,-2,13.5,13.9,13.9,7,10,11.8,3,1140,1185,1250,1190,0,0,0,0,0,1,0,CHECK FUEL / FUEL PRESS / ENGINE ECU / NO AOA CAL,
2026-09-02,14:49:10,21:49:10,-07:00,+39.0809485,-114.1003766,244,3D (GPS nav),337750.1,0.1,,-0,-0,-0.08,,98,131,5,175,311,14,15.8,16,-0.57,0.25,0.024,1.026,-0.077,,211,,,,30.07,122.700 RX,118.350 RX,GPS1,,,,,,,,,ENR,,,,,Fail,,,,,,,,,,,,,-12.8,28.0,1712,,,,080037FE N100 A0 * 01000000,280037FE N100 X0,0.3,0.1,37,21,,,1200,ALT,12,20.7,2790,53,95,117,92,0,12,10,2.0,48.9,-2,13.5,13.9,13.9,9,10,11.9,3,1145,1190,1250,1200,0,0,0,0,0,1,0,CHECK FUEL / FUEL PRESS / ENGINE ECU / NO AOA CAL,
2026-09-02,14:49:11,21:49:11,-07:00,+39.0809466,-114.1003747,245,3D (GPS nav),337751.1,0.1,,-0,0,0.02,,98,131,5,175,312,22,15.8,16,-0.69,0.36,0.007,1.002,-0.096,,211,,,,30.07,122.700 RX,118.350 RX,GPS1,,,,,,,,,ENR,,,,,Fail,,,,,,,,,,,,,-12.8,28.0,1713,,,,080037FE N100 A0 * 01000000,280037FE N100 X0,0.2,0.1,30,20,,,1200,ALT,12,20.6,2810,53,95,117,91,0,12,10,2.0,49.1,-1,13.5,13.9,13.9,10,10,11.9,3,1150,1195,1250,1200,0,0,0,0,0,1,0,CHECK FUEL / FUEL PRESS / ENGINE ECU / NO AOA CAL,
2026-09-02,14:49:12,21:49:12,-07:00,+39.0809464,-114.1003724,246,3D (GPS nav),337752.1,0.1,,0,0,-0.06,,98,131,5,174,312,12,15.6,16,-0.79,0.37,-0.032,0.986,-0.116,,211,,,,30.07,122.700 RX,118.350 RX,GPS1,,,,,,,,,ENR,,,,,Fail,,,,,,,,,,,,,-12.8,28.0,1713,,,,080037FE N100 A0 * 01000000,280037FE N100 X0,0.1,0.0,35,21,,,1200,ALT,12,20.6,2810,53,95,118,91,0,12,10,2.0,49.2,-1,13.5,13.9,13.9,10,10,11.9,3,1150,1195,1250,1200,0,0,0,0,0,1,0,CHECK FUEL / FUEL PRESS / ENGINE ECU / NO AOA CAL,
2026-09-02,14:49:13,21:49:13,-07:00,+39.0809472,-114.1003691,248,3D (GPS nav),337753.1,0.1,,0,0,0.05,,98,131,5,175,312,8,16.2,17,-0.94,0.43,0.032,1.014,-0.117,,211,,,,30.07,122.700 RX,118.350 RX,GPS1,,,,,,,,,ENR,,,,,Fail,,,,,,,,,,,,,-12.8,28.0,1713,,,,080037FE N100 A0 * 01000000,280037FE N100 X0,0.0,0.1,31,23,,,1200,ALT,12,20.6,2840,53,95,119,91,0,12,10,2.0,49.2,-1,13.5,13.9,13.9,10,10,11.9,3,1160,1200,1250,1205,0,0,0,0,0,1,0,CHECK FUEL / FUEL PRESS / ENGINE ECU / NO AOA CAL,
2026-09-02,14:49:14,21:49:14,-07:00,+39.0809491,-114.1003664,251,3D (GPS nav),337754.1,0.1,,-0,-0,0.04,,98,131,5,175,312,6,17.0,17,-1.04,0.51,-0.006,1.020,-0.090,,211,,,,30.07,122.700 RX,118.350 RX,GPS1,,,,,,,,,ENR,,,,,Fail,,,,,,,,,,,,,-12.8,28.0,1712,,,,080037FE N100 A0 * 01000000,280037FE N100 X0,0.1,0.2,25,21,,,1200,ALT,12,20.5,2840,53,95,119,91,0,12,10,2.0,49.2,-1,13.5,13.9,13.9,11,10,11.9,3,1160,1200,1250,1205,0,0,0,0,0,1,0,CHECK FUEL / FUEL PRESS / ENGINE ECU / NO AOA CAL,
2026-09-02,14:49:15,21:49:15,-07:00,+39.0809511,-114.1003641,253,3D (GPS nav),337755.1,0.1,,-0,-0,0.08,,98,131,5,174,312,-1,17.0,17,-1.04,0.55,-0.064,1.012,-0.066,,211,,,,30.07,122.700 RX,118.350 RX,GPS1,,,,,,,,,ENR,,,,,Fail,,,,,,,,,,,,,-12.8,28.0,1712,,,,080037FE N100 A0 * 01000000,280037FE N100 X0,0.1,0.2,36,20,,,1200,ALT,12,20.5,2840,54,95,120,91,0,12,10,2.0,49.2,-1,13.5,13.9,13.9,5,10,12.0,3,1165,1205,1250,1210,0,0,0,0,0,1,0,CHECK FUEL / FUEL PRESS / ENGINE ECU / NO AOA CAL,
2026-09-02,14:49:16,21:49:16,-07:00,+39.0809521,-114.1003624,255,3D (GPS nav),337756.1,0.1,,-0,-0,-0.10,,98,131,5,175,312,-3,17.2,18,-1.00,0.54,-0.045,1.018,-0.039,,211,,,,30.07,122.700,118.350 RX,GPS1,,,,,,,,,ENR,,,,,Fail,,,,,,,,,,,,,-12.8,28.0,1712,,,,080037FE N100 A0 * 01000000,280037FE N100 X0,0.0,0.2,29,18,,,1200,ALT,12,20.5,2820,54,95,121,91,0,12,10,2.0,49.2,-1,13.5,13.9,13.9,5,10,12.0,3,1170,1210,1250,1210,0,0,0,0,0,1,0,CHECK FUEL / FUEL PRESS / ENGINE ECU / NO AOA CAL,
2026-09-02,14:49:17,21:49:17,-07:00,+39.0809538,-114.1003611,258,3D (GPS nav),337757.0,0.1,,-0,-0,-0.05,,98,131,5,175,312,8,17.3,18,-1.14,0.53,0.005,0.980,-0.012,,211,,,,30.07,122.700,118.350 RX,GPS1,,,,,,,,,ENR,,,,,Fail,,,,,,,,,,,,,-12.8,28.0,1713,,,,080037FE N100 A0 * 01000000,280037FE N100 X0,0.2,0.3,31,25,,,1200,ALT,12,20.5,2810,54,95,121,90,0,12,10,2.0,49.2,-1,13.5,13.9,13.9,5,10,12.0,3,1170,1210,1255,1210,0,0,0,0,0,1,0,CHECK FUEL / FUEL PRESS / ENGINE ECU / NO AOA CAL,
2026-09-02,14:49:18,21:49:18,-07:00,+39.0809555,-114.1003597,259,3D (GPS nav),337758.0,0.1,,-0,0,0.10,,98,131,5,175,313,19,17.9,18,-1.16,0.55,-0.064,1.001,+0.012,,211,,,,30.07,122.700,118.350 RX,GPS1,,,,,,,,,ENR,,,,,Fail,,,,,,,,,,,,,-12.8,28.0,1713,,,,080037FE N100 A0 * 01000000,280037FE N100 X0,0.2,0.3,37,23,,,1200,ALT,12,20.5,2780,54,95,122,90,0,12,10,2.0,49.0,-1,13.5,13.9,13.9,5,10,12.0,3,1170,1215,1260,1215,0,0,0,0,0,1,0,CHECK FUEL / FUEL PRESS / ENGINE ECU / NO AOA CAL,
2026-09-02,14:49:19,21:49:19,-07:00,+39.0809563,-114.1003586,260,3D (GPS nav),337759.1,0.1,,0,0,0.03,,98,131,5,173,312,-7,17.5,18,-0.94,0.75,-0.008,1.018,+0.023,,211,,,,30.07,122.700,118.350 RX,GPS1,,,,,,,,,ENR,,,,,Fail,,,,,,,,,,,,,-12.8,28.0,1712,,,,080037FE N100 A0 * 01000000,280037FE N100 X0,0.0,0.4,22,21,,,1200,ALT,12,20.6,2770,54,95,122,90,0,12,10,2.0,48.5,-2,13.5,13.9,13.9,5,10,12.0,3,1175,1215,1265,1220,0,0,0,0,0,1,0,CHECK FUEL / FUEL PRESS / ENGINE ECU / NO AOA CAL,
2026-09-02,14:49:20,21:49:20,-07:00,+39.0809610,-114.1003556,261,3D (GPS nav),337760.1,0.1,,-0,-0,0.09,,85,128,6,173,311,-24,16.9,17,-0.69,0.94,-0.023,1.011,+0.023,,211,,,,30.07,122.700,118.350 RX,GPS1,,,,,,,,,ENR,,,,,Fail,,,,,,,,,,,,,-12.8,28.0,1712,,,,080037FE N100 A0 * 01000000,280037FE N100 X0,0.3,0.6,28,23,,,1200,ALT,12,20.6,2760,54,95,123,90,0,12,10,2.0,48.2,-2,13.5,13.9,13.9,9,10,12.0,3,1175,1220,1265,1220,0,0,0,0,0,1,0,CHECK FUEL / FUEL PRESS / ENGINE ECU / NO AOA CAL,
2026-09-02,14:49:21,21:49:21,-07:00,+39.0809633,-114.1003541,263,3D (GPS nav),337761.0,0.1,,-0,0,0.09,,82,125,6,173,311,-27,16.8,17,-0.88,0.93,-0.053,0.990,+0.016,,211,,,,30.07,122.700,118.350 RX,GPS1,,,,,,,,,ENR,,,,,Fail,,,,,,,,,,,,,-12.8,28.0,1712,,,,080037FE N100 A0 * 01000000,280037FE N100 X0,0.1,0.6,26,25,,,1200,ALT,12,20.7,2760,54,95,124,90,0,12,10,2.0,48.0,-2,13.5,13.9,13.9,9,10,12.0,3,1175,1225,1275,1225,0,0,0,0,0,1,0,CHECK FUEL / FUEL PRESS / ENGINE ECU / NO AOA CAL,
2026-09-02,14:49:22,21:49:22,-07:00,+39.0809647,-114.1003533,264,3D (GPS nav),337762.1,0.1,,-0,0,-0.01,,82,125,6,172,310,-26,16.7,17,-1.06,0.66,0.027,0.990,+0.015,,211,,,,30.07,122.700,118.350 RX,GPS1,,,,,,,,,ENR,,,,,Fail,,,,,,,,,,,,,-12.8,28.0,1711,,,,080037FE N100 A0 * 01000000,280037FE N100 X0,0.1,0.4,23,27,,,1200,ALT,12,20.7,2780,54,95,125,90,0,12,10,2.0,47.9,-2,13.5,13.9,13.9,10,10,11.9,3,1180,1225,1280,1230,0,0,0,0,0,1,0,CHECK FUEL / FUEL PRESS / ENGINE ECU / NO AOA CAL,
2026-09-02,14:49:23,21:49:23,-07:00,+39.0809666,-114.1003510,265,3D (GPS nav),337763.1,0.1,,-0,-0,-0.09,,82,125,6,173,310,-31,16.4,17,-1.24,0.46,-0.016,0.987,+0.013,,211,,,,30.07,122.700,118.350 RX,GPS1,,,,,,,,,ENR,,,,,Fail,,,,,,,,,,,,,-12.8,28.0,1711,,,,080037FE N100 A0 * 01000000,280037FE N100 X0,0.3,0.2,28,22,,,1200,ALT,12,20.7,2780,54,95,125,90,0,12,10,2.0,47.8,-2,13.5,13.9,13.9,11,10,11.9,3,1180,1225,1280,1230,0,0,0,0,0,1,0,CHECK FUEL / FUEL PRESS / ENGINE ECU / NO AOA CAL,
2026-09-02,14:49:24,21:49:24,-07:00,+39.0809669,-114.1003510,267,3D (GPS nav),337764.1,0.1,,0,0,0.01,,82,125,6,172,310,-20,15.9,16,-1.29,0.41,-0.017,1.006,-0.001,,211,,,,30.07,122.700,118.350 RX,GPS1,,,,,,,,,ENR,,,,,Fail,,,,,,,,,,,,,-12.8,28.0,1712,,,,080037FE N100 A0 * 01000000,280037FE N100 X0,0.3,0.2,28,25,,,1200,ALT,12,20.7,2760,54,95,126,90,0,12,10,2.0,47.8,-2,13.5,13.9,13.9,5,10,11.9,3,1180,1230,1280,1235,0,0,0,0,0,1,0,CHECK FUEL / FUEL PRESS / ENGINE ECU / NO AOA CAL,
2026-09-02,14:49:25,21:49:25,-07:00,+39.0809688,-114.1003505,268,3D (GPS nav),337765.1,0.0,,-0,-0,-0.03,,82,125,6,174,310,-8,15.3,16,-1.38,0.51,-0.011,0.977,-0.032,,211,,,,30.07,122.700,118.350 RX,GPS1,,,,,,,,,ENR,,,,,Fail,,,,,,,,,,,,,-12.8,28.0,1712,,,,080037FE N100 A0 * 01000000,280037FE N100 X0,0.4,0.2,24,22,,,1200,ALT,12,20.7,2760,54,95,127,90,0,12,10,2.0,47.8,-1,13.5,13.9,13.9,5,10,11.8,3,1180,1230,1285,1240,0,0,0,0,0,1,0,CHECK FUEL / FUEL PRESS / ENGINE ECU / NO AOA CAL,
2026-09-02,14:49:26,21:49:26,-07:00,+39.0809749,-114.1003466,272,3D (GPS nav),337766.1,0.1,,0,-0,-0.05,,59,92,7,172,310,7,15.2,16,-1.33,0.40,-0.012,0.979,-0.059,,211,,,,30.07,122.700,118.350 RX,GPS1,,,,,,,,,ENR,,,,,Fail,,,,,,,,,,,,,-12.8,28.0,1713,,,,080037FE N100 A0 * 01000000,280037FE N100 X0,0.4,0.1,26,30,,,1200,ALT,12,20.8,2730,53,95,128,89,0,12,10,2.0,47.9,-1,13.5,13.9,13.9,5,10,11.8,3,1180,1230,1285,1245,0,0,0,0,0,1,0,CHECK FUEL / FUEL PRESS / ENGINE ECU / NO AOA CAL,
2026-09-02,14:49:27,21:49:27,-07:00,+39.0809783,-114.1003452,273,3D (GPS nav),337767.0,0.0,,0,-0,-0.05,,59,92,7,173,310,-2,15.3,16,-1.20,0.45,0.009,0.996,-0.091,,211,,,,30.07,122.700,118.350 RX,GPS1,,,,,,,,,ENR,,,,,Fail,,,,,,,,,,,,,-12.8,28.0,1712,,,,080037FE N100 A0 * 01000000,280037FE N100 X0,0.2,0.2,33,26,,,1200,ALT,12,20.8,2780,53,95,128,89,0,12,10,2.0,48.3,-2,13.5,13.9,13.9,5,10,11.8,3,1180,1230,1295,1245,0,0,0,0,0,1,0,CHECK FUEL / FUEL PRESS / ENGINE ECU / NO AOA CAL,
2026-09-02,14:49:28,21:49:28,-07:00,+39.0809769,-114.1003474,272,3D (GPS nav),337768.0,0.0,,0,0,0.01,,59,92,7,174,310,10,15.9,16,-1.15,0.61,-0.062,1.025,-0.112,,211,,,,30.07,122.700,118.350,GPS1,,,,,,,,,ENR,,,,,Fail,,,,,,,,,,,,,-12.8,28.0,1712,,,,080037FE N100 A0 * 01000000,280037FE N100 X0,0.2,0.3,41,25,,,1200,ALT,12,20.8,2790,53,96,130,89,0,12,10,2.0,48.7,-2,13.5,13.9,13.9,7,10,11.8,3,1180,1230,1290,1245,0,0,0,0,0,1,0,CHECK FUEL / FUEL PRESS / ENGINE ECU / NO AOA CAL,
2026-09-02,14:49:29,21:49:29,-07:00,+39.0809772,-114.1003483,272,3D (GPS nav),337769.1,0.1,,-0,-0,0.04,,56,92,7,174,311,20,16.2,17,-1.06,0.52,-0.025,1.001,-0.120,,211,,,,30.07,122.700,118.350,GPS1,,,,,,,,,ENR,,,,,Fail,,,,,,,,,,,,,-12.8,28.0,1713,,,,080037FE N100 A0 * 01000000,280037FE N100 X0,0.1,0.3,28,29,,,1200,ALT,12,20.8,2800,53,96,131,89,0,12,10,2.0,49.0,-2,13.5,13.9,13.9,8,10,11.8,3,1180,1235,1290,1250,0,0,0,0,0,1,0,CHECK FUEL / FUEL PRESS / ENGINE ECU / NO AOA CAL,
2026-09-02,14:49:30,21:49:30,-07:00,+39.0809780,-114.1003488,272,3D (GPS nav),337770.1,0.1,,0,0,0.05,,56,92,7,174,311,23,16.5,17,-1.14,0.65,0.035,1.017,-0.120,,211,,,,30.07,122.700,118.350 RX,GPS1,,,,,,,,,ENR,,,,,Fail,,,,,,,,,,,,,-12.8,28.0,1714,,,,080037FE N100 A0 * 01000000,280037FE N100 X0,0.1,0.4,39,21,,,1200,ALT,12,20.8,2810,53,96,132,89,0,12,10,2.0,49.1,-2,13.5,13.9,13.9,8,10,11.9,3,1185,1235,1285,1250,0,0,0,0,0,1,0,CHECK FUEL / FUEL PRESS / ENGINE ECU / NO AOA CAL,
2026-09-02,14:49:31,21:49:31,-07:00,+39.0809777,-114.1003505,272,3D (GPS nav),337771.1,0.1,,0,-0,0.00,,56,92,7,175,312,22,16.7,17,-1.18,0.64,-0.014,1.004,-0.121,,211,,,,30.07,122.700,118.350 RX,GPS1,,,,,,,,,ENR,,,,,Fail,,,,,,,,,,,,,-12.8,28.0,1714,,,,080037FE N100 A0 * 01000000,280037FE N100 X0,0.2,0.4,31,23,,,1200,ALT,12,20.7,2800,53,96,133,89,0,12,10,2.0,49.2,-2,13.5,13.9,13.9,8,10,11.9,3,1190,1235,1285,1250,0,0,0,0,0,1,0,CHECK FUEL / FUEL PRESS / ENGINE ECU / NO AOA CAL,
2026-09-02,14:49:32,21:49:32,-07:00,+39.0809789,-114.1003527,271,3D (GPS nav),337772.1,0.0,,-0,0,-0.07,,56,82,8,174,312,26,17.3,18,-1.08,0.63,0.019,0.983,-0.110,,211,,,,30.07,122.700,118.350 RX,GPS1,,,,,,,,,ENR,,,,,Fail,,,,,,,,,,,,,-12.8,28.0,1714,,,,080037FE N100 A0 * 01000000,280037FE N100 X0,0.0,0.4,28,23,,,1200,ALT,12,20.7,2780,53,96,134,89,0,12,10,2.0,49.2,-2,13.5,13.9,13.9,9,10,11.9,3,1190,1240,1285,1255,0,0,0,0,0,1,0,CHECK FUEL / FUEL PRESS / ENGINE ECU / NO AOA CAL,
2026-09-02,14:49:33,21:49:33,-07:00,+39.0809791,-114.1003536,272,3D (GPS nav),337773.1,0.1,,0,0,-0.03,,56,82,8,174,312,7,17.6,18,-1.25,0.44,0.008,1.012,-0.098,,211,,,,30.07,122.700,118.350 RX,GPS1,,,,,,,,,ENR,,,,,Fail,,,,,,,,,,,,,-12.8,28.0,1712,,,,080037FE N100 A0 * 01000000,280037FE N100 X0,0.2,0.2,25,20,,,1200,ALT,12,20.8,2780,53,96,135,89,0,12,10,2.0,49.2,-2,13.5,13.9,13.9,10,10,11.9,4,1195,1240,1290,1255,0,0,0,0,0,1,0,CHECK FUEL / FUEL PRESS / ENGINE ECU / NO AOA CAL,
2026-09-02,14:49:34,21:49:34,-07:00,+39.0809795,-114.1003549,272,3D (GPS nav),337774.1,0.1,,0,0,0.04,,56,82,8,175,312,-0,17.7,18,-1.38,0.34,-0.018,0.996,-0.082,,211,,,,30.07,122.700,118.350 RX,GPS1,,,,,,,,,ENR,,,,,Fail,,,,,,,,,,,,,-12.8,28.0,1712,,,,080037FE N100 A0 * 01000000,280037FE N100 X0,0.3,0.1,22,22,,,1200,ALT,12,20.8,2770,53,97,135,89,0,12,10,2.0,49.2,-2,13.5,13.9,13.9,5,10,11.9,4,1195,1240,1290,1255,0,0,0,0,0,1,0,CHECK FUEL / FUEL PRESS / ENGINE ECU / NO AOA CAL,
2026-09-02,14:49:35,21:49:35,-07:00,+39.0809797,-114.1003558,272,3D (GPS nav),337775.1,0.1,,0,0,-0.02,,56,82,8,173,311,-4,17.4,18,-1.30,0.27,-0.021,0.980,-0.071,,211,,,,30.07,122.700,118.350 RX,GPS1,,,,,,,,,ENR,,,,,Fail,,,,,,,,,,,,,-12.8,28.0,1712,,,,080037FE N100 A0 * 01000000,280037FE N100 X0,0.3,0.0,33,29,,,1200,ALT,12,20.8,2770,53,97,136,88,0,12,10,2.0,49.2,-2,13.5,13.9,13.9,5,10,11.9,4,1195,1240,1295,1260,0,0,0,0,0,0,0,CHECK FUEL / FUEL PRESS / ENGINE ECU / NO AOA CAL,
2026-09-02,14:49:36,21:49:36,-07:00,+39.0809802,-114.1003561,273,3D (GPS nav),337776.1,0.0,,0,0,-0.04,,56,82,8,174,311,-9,17.0,17,-1.10,0.33,-0.051,0.985,-0.056,,211,,,,30.07,122.700,118.350 RX,GPS1,,,,,,,,,ENR,,,,,Fail,,,,,,,,,,,,,-12.8,28.0,1711,,,,080037FE N100 A0 * 01000000,280037FE N100 X0,0.1,0.1,32,24,,,1200,ALT,11,20.6,2710,53,97,137,88,0,12,10,2.0,48.7,-2,13.5,13.9,13.9,5,10,12.1,4,1195,1240,1300,1260,0,0,0,0,0,0,0,FUEL PRESS / ENGINE ECU / NO AOA CAL,
2026-09-02,14:49:37,21:49:37,-07:00,+39.0809808,-114.1003572,273,3D (GPS nav),337777.1,0.0,,-0,-0,0.02,,56,82,8,175,312,3,16.8,17,-1.12,0.35,0.014,0.998,-0.043,,211,,,,30.07,122.700,118.350 RX,GPS1,,,,,,,,,ENR,,,,,Fail,,,,,,,,,,,,,-12.8,28.0,1711,,,,080037FE N100 A0 * 01000000,280037FE N100 X0,0.1,0.1,19,20,,,1200,ALT,10,20.3,2680,52,97,138,88,0,12,10,1.9,48.1,-2,13.5,13.9,13.9,5,10,12.4,4,1200,1245,1300,1260,0,0,0,0,0,0,0,FUEL PRESS / ENGINE ECU / NO AOA CAL,
2026-09-02,14:49:38,21:49:38,-07:00,+39.0809816,-114.1003578,274,3D (GPS nav),337778.1,0.1,,-0,-0,0.03,,56,82,8,176,312,16,16.9,17,-1.25,0.42,-0.023,0.988,-0.034,,211,,,,30.07,122.700,118.350 RX,GPS1,,,,,,,,,ENR,,,,,Fail,,,,,,,,,,,,,-12.8,28.0,1711,,,,080037FE N100 A0 * 01000000,280037FE N100 X0,0.2,0.2,28,23,,,1200,ALT,10,20.1,2670,52,97,139,88,0,12,10,1.8,47.7,-2,13.5,13.9,13.9,5,10,12.8,4,1200,1245,1305,1270,0,0,0,0,0,0,0,FUEL PRESS / ENGINE ECU / NO AOA CAL,
2026-09-02,14:49:39,21:49:39,-07:00,+39.0809816,-114.1003583,274,3D (GPS nav),337779.1,0.0,,-0,0,0.03,,56,82,8,175,312,18,17.2,18,-1.22,0.49,-0.026,1.014,-0.015,,211,,,,30.07,122.700,118.350 RX,GPS1,,,,,,,,,ENR,,,,,Fail,,,,,,,,,,,,,-12.8,28.0,1711,,,,080037FE N100 A0 * 01000000,280137FE N100 X0,0.2,0.2,24,25,,,1200,ALT,10,19.9,2720,52,98,139,88,0,12,10,1.8,47.6,-1,13.5,13.9,13.9,5,10,13.0,4,1200,1245,1310,1270,0,0,0,0,0,0,0,FUEL PRESS / ENGINE ECU / NO AOA CAL,
2026-09-02,14:49:40,21:49:40,-07:00,+39.0809819,-114.1003591,274,3D (GPS nav),337780.1,0.1,,0,-0,0.06,,56,82,8,175,312,9,17.4,18,-1.27,0.53,0.028,1.026,+0.005,,211,,,,30.07,122.700 RX,118.350 RX,GPS1,,,,,,,,,ENR,,,,,Fail,,,,,,,,,,,,,-12.8,28.0,1711,,,,080037FE N100 A0 * 01000000,280137FE N100 X0,0.2,0.3,26,24,,,1200,ALT,11,19.8,2760,52,98,140,88,0,12,10,1.8,47.6,-1,13.5,13.9,13.9,5,10,13.2,4,1205,1245,1315,1275,0,0,0,0,0,0,0,FUEL PRESS / ENGINE ECU / NO AOA CAL,
2026-09-02,14:49:41,21:49:41,-07:00,+39.0809822,-114.1003599,274,3D (GPS nav),337781.1,0.1,,0,-0,0.04,,56,82,8,174,312,-11,17.3,17,-1.03,0.74,0.022,1.014,+0.012,,211,,,,30.07,122.700 RX,118.350 RX,GPS1,,,,,,,,,ENR,,,,,Fail,,,,,,,,,,,,,-12.8,28.0,1710,,,,080037FE N100 A0 * 01000000,280137FE N100 X0,0.0,0.5,31,24,,,1200,ALT,11,19.8,2780,52,98,141,88,0,12,10,1.8,47.6,-1,13.5,13.9,13.9,7,10,13.3,4,1210,1250,1320,1275,0,0,0,0,0,0,0,FUEL PRESS / ENGINE ECU / NO AOA CAL,
2026-09-02,14:49:42,21:49:42,-07:00,+39.0809822,-114.1003608,274,3D (GPS nav),337782.1,0.0,,-0,0,-0.03,,56,82,8,176,312,-0,17.1,18,-0.97,0.68,-0.069,1.007,+0.018,,211,,,,30.07,122.700 RX,118.350 RX,GPS1,,,,,,,,,ENR,,,,,Fail,,,,,,,,,,,,,-12.8,28.0,1710,,,,080037FE N100 A0 * 01000000,280137FE N100 X0,0.1,0.5,43,23,,,1200,ALT,11,19.9,2780,52,98,142,88,0,12,10,1.8,47.5,-1,13.5,13.9,13.9,7,10,13.4,4,1210,1250,1320,1275,0,0,0,0,0,0,0,FUEL PRESS / ENGINE ECU / NO AOA CAL,
2026-09-02,14:49:43,21:49:43,-07:00,+39.0809827,-114.1003614,274,3D (GPS nav),337783.1,0.1,,-0,0,0.03,,56,82,8,175,312,7,17.3,18,-1.17,0.67,0.009,0.978,+0.024,,211,,,,30.07,122.700 RX,118.350 RX,GPS1,,,,,,,,,ENR,,,,,Fail,,,,,,,,,,,,,-12.8,28.0,1710,,,,080037FE N100 A0 * 01000000,280137FE N100 X0,0.1,0.5,23,33,,,1200,ALT,11,19.9,2730,52,99,143,88,0,12,10,1.8,47.5,-1,13.5,13.9,13.9,7,10,13.4,4,1210,1250,1315,1270,0,0,0,0,0,0,0,FUEL PRESS / ENGINE ECU / NO AOA CAL,
2026-09-02,14:49:44,21:49:44,-07:00,+39.0809830,-114.1003619,274,3D (GPS nav),337784.1,0.1,,-0,0,0.06,,56,82,8,176,313,10,17.6,18,-1.30,0.58,-0.000,0.995,+0.037,,211,,,,30.07,122.700 RX,118.350 RX,GPS1,,,,,,,,,ENR,,,,,Fail,,,,,,,,,,,,,-12.8,28.0,1710,,,,080037FE N100 A0 * 01000000,480137FE N100 X0,0.2,0.4,25,24,,,1200,ALT,11,20.0,2690,52,99,144,88,0,12,10,1.8,47.4,-1,13.5,13.9,13.9,8,10,13.5,4,1210,1250,1315,1270,0,0,0,0,0,0,0,FUEL PRESS / ENGINE ECU / NO AOA CAL,
2026-09-02,14:49:45,21:49:45,-07:00,+39.0809833,-114.1003624,274,3D (GPS nav),337785.1,0.0,,0,-0,-0.07,,56,82,8,174,312,-1,17.8,18,-1.29,0.54,-0.022,1.010,+0.040,,211,,,,30.07,122.700 RX,118.350 RX,GPS1,,,,,,,,,ENR,,,,,Fail,,,,,,,,,,,,,-12.8,28.0,1709,,,,080037FE N100 A0 * 01000000,480137FE N100 X0,0.2,0.3,28,23,,,1200,ALT,11,20.2,2680,52,99,145,88,0,12,10,1.8,47.4,-2,13.5,13.9,13.9,9,10,13.5,4,1210,1250,1320,1275,0,0,0,0,0,0,0,FUEL PRESS / ENGINE ECU / NO AOA CAL,
2026-09-02,14:49:46,21:49:46,-07:00,+39.0809833,-114.1003630,274,3D (GPS nav),337786.1,0.1,,0,0,-0.02,,56,82,8,174,312,-10,17.3,18,-1.30,0.61,0.031,1.011,+0.029,,211,,,,30.07,122.700 RX,118.350 RX,GPS1,,,,,,,,,ENR,,,,,Fail,,,,,,,,,,,,,-12.8,28.0,1708,,,,080037FE N100 A0 * 01000000,480137FE N100 X0,0.2,0.4,27,27,,,1200,ALT,11,20.3,2670,52,99,146,88,0,12,10,1.8,47.4,-1,13.5,13.9,13.9,10,10,13.5,4,1210,1255,1325,1280,0,0,0,0,0,0,0,FUEL PRESS / ENGINE ECU / NO AOA CAL,
2026-09-02,14:49:47,21:49:47,-07:00,+39.0809833,-114.1003635,274,3D (GPS nav),337787.1,0.0,,0,0,0.05,,56,82,8,174,312,-15,17.1,17,-1.28,0.44,-0.013,0.990,+0.012,,211,,,,30.07,122.700 RX,118.350 RX,GPS1,,,,,,,,,ENR,,,,,Fail,,,,,,,,,,,,,-12.8,27.9,1708,,,,080037FE N100 A0 * 01000000,480137FE N100 X0,0.2,0.2,26,25,,,1200,ALT,11,20.3,2720,52,100,147,88,0,12,10,1.8,47.4,-1,13.5,13.9,13.9,10,10,13.6,4,1210,1255,1330,1280,0,0,0,0,0,0,0,FUEL PRESS / ENGINE ECU / NO AOA CAL,
2026-09-02,14:49:48,21:49:48,-07:00,+39.0809833,-114.1003638,274,3D (GPS nav),337788.1,0.0,,0,0,0.08,,56,82,8,175,312,-5,17.0,17,-1.39,0.44,-0.041,0.980,+0.006,,211,,,,30.07,122.700,118.350 RX,GPS1,,,,,,,,,ENR,,,,,Fail,,,,,,,,,,,,,-12.8,27.9,1708,,,,080037FE N100 A0 * 01000000,480137FE N100 X0,0.3,0.2,56,39,,,1200,ALT,10,20.3,2580,52,100,148,88,0,12,10,1.8,47.4,-1,13.5,13.9,13.9,10,10,13.6,4,1210,1255,1330,1285,0,0,0,0,0,0,0,FUEL PRESS / ENGINE ECU / NO AOA CAL,
2026-09-02,14:49:49,21:49:49,-07:00,+39.0809836,-114.1003644,274,3D (GPS nav),337789.1,0.0,,0,0,0.07,,56,82,8,175,312,1,16.9,17,-1.32,0.47,0.026,1.013,+0.000,,211,,,,30.07,122.700,118.350 RX,GPS1,,,,,,,,,ENR,,,,,Fail,,,,,,,,,,,,,-12.8,27.9,1708,,,,080037FE N100 A0 * 01000000,480137FE N100 X0,0.2,0.2,28,27,,,1200,ALT,11,20.5,2680,52,100,148,88,0,12,10,1.8,47.4,-2,13.5,13.9,13.9,7,10,13.7,4,1205,1260,1310,1275,0,0,0,0,0,0,0,FUEL PRESS / ENGINE ECU / NO AOA CAL,
2026-09-02,14:49:50,21:49:50,-07:00,+39.0809835,-114.1003646,274,3D (GPS nav),337790.1,0.0,,0,-0,-0.01,,56,82,8,174,312,-1,16.8,17,-1.33,0.52,-0.020,0.987,-0.005,,211,,,,30.07,122.700,118.350 RX,GPS1,,,,,,,,,ENR,,,,,Fail,,,,,,,,,,,,,-12.8,27.9,1708,,,,080037FE N100 A0 * 01000000,480137FE N100 X0,0.2,0.3,31,22,,,1200,ALT,11,20.5,2720,52,100,149,87,0,12,10,1.9,47.4,-2,13.5,13.9,13.9,5,10,13.7,4,1195,1260,1295,1270,0,0,0,0,0,0,0,FUEL PRESS / ENGINE ECU / NO AOA CAL,
2026-09-02,14:49:51,21:49:51,-07:00,+39.0809836,-114.1003650,274,3D (GPS nav),337791.1,0.0,,0,-0,-0.01,,56,82,8,173,311,-12,16.5,17,-1.33,0.58,0.021,0.994,-0.011,,211,,,,30.07,122.700,118.350 RX,GPS1,,,,,,,,,ENR,,,,,Fail,,,,,,,,,,,,,-12.8,27.9,1707,,,,080037FE N100 A0 * 01000000,480137FE N100 X0,0.3,0.3,29,20,,,1200,ALT,11,20.4,2730,52,101,150,87,0,12,10,1.9,47.4,-2,13.5,13.9,13.9,5,10,13.7,4,1195,1260,1300,1270,0,0,0,0,0,0,0,FUEL PRESS / ENGINE ECU / NO AOA CAL,
2026-09-02,14:49:52,21:49:52,-07:00,+39.0809838,-114.1003650,275,3D (GPS nav),337792.1,0.0,,0,0,-0.02,,56,82,8,174,311,-12,16.5,17,-1.25,0.61,0.000,0.994,-0.021,,211,,,,30.07,122.700,118.350 RX,GPS1,,,,,,,,,ENR,,,,,Fail,,,,,,,,,,,,,-12.8,28.0,1707,,,,080037FE N100 A0 * 01000000,480137FE N100 X0,0.2,0.4,30,23,,,1200,ALT,12,20.3,2740,52,101,151,87,0,12,10,1.9,47.3,-2,13.5,13.9,13.9,5,10,13.7,4,1200,1260,1305,1270,0,0,0,0,0,0,0,FUEL PRESS / ENGINE ECU / NO AOA CAL,
2026-09-02,14:49:53,21:49:53,-07:00,+39.0809842,-114.1003650,275,3D (GPS nav),337793.1,0.1,,-0,0,0.01,,56,82,8,175,312,4,16.8,17,-1.34,0.44,0.016,0.975,-0.020,,211,,,,30.07,122.700,118.350 RX,GPS1,,,,,,,,,ENR,,,,,Fail,,,,,,,,,,,,,-12.8,28.0,1708,,,,080037FE N100 A0 * 01000000,480137FE N100 X0,0.2,0.2,25,24,,,1200,ALT,12,20.3,2770,52,101,152,87,0,12,10,1.9,47.2,-2,13.5,13.9,13.9,5,10,13.7,4,1200,1260,1305,1270,0,0,0,0,0,0,0,FUEL PRESS / NO AOA CAL,
2026-09-02,14:49:54,21:49:54,-07:00,+39.0809844,-114.1003650,275,3D (GPS nav),337794.1,0.0,,-0,-0,0.01,,56,82,8,175,312,16,17.0,17,-1.31,0.45,-0.034,0.983,-0.015,,211,,,,30.07,122.700,118.350 RX,GPS1,,,,,,,,,ENR,,,,,Fail,,,,,,,,,,,,,-12.8,28.0,1709,,,,080037FE N100 A0 * 01000000,480137FE N100 X0,0.2,0.2,23,18,,,1200,ALT,12,20.2,2790,52,101,153,87,0,12,10,1.9,47.2,-2,13.5,13.9,13.9,5,10,13.7,4,1200,1260,1305,1270,0,0,0,0,0,0,0,FUEL PRESS / NO AOA CAL,
2026-09-02,14:49:55,21:49:55,-07:00,+39.0809847,-114.1003652,275,3D (GPS nav),337795.1,0.1,,0,-0,0.05,,56,82,8,176,313,24,17.1,18,-1.28,0.50,-0.040,1.015,-0.004,,211,,,,30.07,122.700,118.350 RX,GPS1,,,,,,,,,ENR,,,,,Fail,,,,,,,,,,,,,-12.8,28.0,1710,,,,080037FE N100 A0 * 01000000,480137FE N100 X0,0.2,0.3,25,24,,,1200,ALT,12,20.1,2770,52,102,154,87,0,12,10,1.9,47.3,-1,13.5,13.9,13.9,5,10,13.7,4,1195,1255,1305,1270,0,0,0,0,0,0,0,FUEL PRESS / NO AOA CAL,
2026-09-02,14:49:56,21:49:56,-07:00,+39.0809853,-114.1003652,275,3D (GPS nav),337796.1,0.0,,0,0,0.00,,56,82,8,175,313,18,17.5,18,-1.35,0.53,-0.027,1.014,+0.005,,211,,,,30.07,122.700,118.350 RX,GPS1,,,,,,,,,ENR,,,,,Fail,,,,,,,,,,,,,-12.8,28.0,1710,,,,080037FE N100 A0 * 01000000,480137FE N100 X0,0.2,0.3,27,20,,,1200,ALT,12,20.1,2750,52,102,154,87,0,12,9,1.9,47.4,-1,13.5,13.9,13.9,5,10,13.7,4,1195,1255,1305,1270,0,0,0,0,0,0,0,FUEL PRESS / NO AOA CAL,
2026-09-02,14:49:57,21:49:57,-07:00,+39.0809861,-114.1003655,275,3D (GPS nav),337797.1,0.0,,0,-0,0.01,,56,82,8,173,312,-10,17.1,17,-1.51,0.29,-0.007,0.989,-0.007,,211,,,,30.07,122.700,118.350 RX,GPS1,,,,,,,,,ENR,,,,,Fail,,,,,,,,,,,,,-12.8,28.0,1709,,,,080037FE N100 A0 * 01000000,480137FE N100 X0,0.4,0.0,29,27,,,1200,ALT,12,20.1,2740,52,102,155,87,0,12,9,1.9,47.4,-2,13.5,13.9,13.9,5,10,13.7,4,1195,1255,1305,1270,0,0,0,0,0,0,0,FUEL PRESS / NO AOA CAL,
2026-09-02,14:49:58,21:49:58,-07:00,+39.0809869,-114.1003655,275,3D (GPS nav),337798.1,0.0,,0,0,0.01,,56,82,8,174,311,-28,16.0,16,-1.47,0.32,0.010,0.979,-0.040,,211,,,,30.07,122.700,118.350 RX,GPS1,,,,,,,,,ENR,,,,,Fail,,,,,,,,,,,,,-12.8,28.0,1708,,,,080037FE N100 A0 * 01000000,480137FE N100 X0,0.3,0.1,40,28,,,1200,ALT,12,20.2,2730,52,102,156,87,0,12,9,1.9,47.4,-2,13.5,13.9,13.9,5,10,13.7,4,1195,1250,1305,1270,0,0,0,0,0,0,0,FUEL PRESS / NO AOA CAL,
2026-09-02,14:49:59,21:49:59,-07:00,+39.0809874,-114.1003658,275,3D (GPS nav),337799.1,0.1,,0,0,-0.07,,56,82,8,173,311,-28,15.6,16,-1.24,0.38,0.019,0.993,-0.069,,211,,,,30.07,122.700,118.350 RX,GPS1,,,,,,,,,ENR,,,,,Fail,,,,,,,,,,,,,-12.8,28.0,1708,,,,080037FE N100 A0 * 01000000,480137FE N100 X0,0.2,0.2,24,30,,,1200,ALT,12,20.2,2730,52,103,156,87,0,12,9,1.9,47.4,-2,13.5,13.9,13.9,5,10,13.7,4,1195,1255,1305,1275,0,0,0,0,0,0,0,FUEL PRESS / NO AOA CAL,
2026-09-02,14:50:00,21:50:00,-07:00,+39.0809879,-114.1003655,276,3D (GPS nav),337800.1,0.0,,-0,-0,-0.03,,56,82,8,173,311,-23,15.1,15,-1.31,0.34,0.001,1.020,-0.097,,211,,,,30.07,122.700,118.350 RX,GPS1,,,,,,,,,ENR,,,,,Fail,,,,,,,,,,,,,-12.8,28.0,1708,,,,080037FE N100 A0 * 01000000,480137FE N100 X0,0.2,0.1,26,22,,,1200,ALT,12,20.2,2730,52,103,157,87,0,12,10,1.8,47.4,-1,13.5,13.9,13.9,5,10,13.7,4,1200,1260,1310,1280,0,0,0,0,0,0,0,FUEL PRESS / NO AOA CAL,
2026-09-02,14:50:01,21:50:01,-07:00,+39.0809884,-114.1003652,275,3D (GPS nav),337801.1,0.1,,0,0,-0.04,,56,82,8,174,311,-10,15.2,16,-1.37,0.25,-0.034,1.004,-0.111,,211,,,,30.07,122.700,118.350 RX,GPS1,,,,,,,,,ENR,,,,,Fail,,,,,,,,,,,,,-12.8,28.0,1709,,,,080037FE N100 A0 * 01000000,480137FE N100 X0,0.3,0.0,35,31,,,1200,ALT,11,20.2,2740,52,103,158,87,0,12,10,1.8,47.4,-1,13.5,13.9,13.9,5,10,13.7,4,1215,1270,1320,1290,0,0,0,0,0,0,0,FUEL PRESS / NO AOA CAL,
2026-09-02,14:50:02,21:50:02,-07:00,+39.0809886,-114.1003652,275,3D (GPS nav),337802.1,0.0,,0,0,0.06,,56,82,8,174,311,11,15.8,16,-1.45,0.30,-0.010,1.017,-0.102,,211,,,,30.07,122.700,118.350,GPS1,,,,,,,,,ENR,,,,,Fail,,,,,,,,,,,,,-12.8,28.0,1710,,,,080037FE N100 A0 * 01000000,480137FE N100 X0,0.3,0.1,24,24,,,1200,ALT,11,20.2,2720,52,103,159,87,0,12,10,1.8,47.4,-2,13.5,13.9,13.9,5,10,13.7,3,1225,1275,1325,1295,0,0,0,0,0,0,0,FUEL PRESS / NO AOA CAL,
2026-09-02,14:50:03,21:50:03,-07:00,+39.0809889,-114.1003652,275,3D (GPS nav),337803.1,0.1,,0,0,0.09,,56,82,8,172,311,-2,15.7,16,-1.39,0.30,0.001,1.014,-0.099,,211,,,,30.07,122.700,118.350,GPS1,,,,,,,,,ENR,,,,,Fail,,,,,,,,,,,,,-12.8,28.0,1710,,,,080037FE N100 A0 * 01000000,480137FE N100 X0,0.3,0.1,32,23,,,1200,ALT,12,20.4,2780,52,104,159,87,0,12,10,1.8,47.4,-2,13.5,13.9,13.9,7,10,13.7,3,1230,1280,1325,1300,0,0,0,0,0,0,0,FUEL PRESS / NO AOA CAL,
2026-09-02,14:50:04,21:50:04,-07:00,+39.0809889,-114.1003650,275,3D (GPS nav),337804.1,0.0,,-0,0,-0.01,,56,82,8,173,310,-17,15.6,16,-1.37,0.20,-0.010,0.996,-0.103,,211,,,,30.07,122.700,118.350,GPS1,,,,,,,,,ENR,,,,,Fail,,,,,,,,,,,,,-12.8,28.0,1709,,,,080037FE N100 A0 * 01000000,480137FE N100 X0,0.2,0.0,24,30,,,1200,ALT,13,20.6,2870,52,104,160,87,0,12,10,1.8,47.4,-2,13.5,13.9,13.9,7,10,13.7,3,1235,1285,1330,1300,0,0,0,0,0,0,0,FUEL PRESS / NO AOA CAL,
2026-09-02,14:50:05,21:50:05,-07:00,+39.0809894,-114.1003646,275,3D (GPS nav),337805.1,0.1,,0,-0,-0.02,,56,82,8,175,311,-3,15.4,16,-1.31,0.26,-0.002,1.009,-0.124,,211,,,,30.07,122.700,118.350 RX,GPS1,,,,,,,,,ENR,,,,,Fail,,,,,,,,,,,,,-12.8,28.0,1710,,,,080037FE N100 A0 * 01000000,480137FE N100 X0,0.2,0.1,27,23,,,1200,ALT,13,20.8,2880,53,104,161,87,0,12,10,1.9,47.2,-1,13.5,13.9,13.9,7,10,13.7,3,1240,1285,1325,1300,0,0,0,0,0,0,0,FUEL PRESS / NO AOA CAL,
2026-09-02,14:50:06,21:50:06,-07:00,+39.0809897,-114.1003644,275,3D (GPS nav),337806.1,0.1,,-0,0,-0.02,,56,82,8,174,311,15,15.2,15,-1.35,0.30,-0.019,0.991,-0.150,,211,,,,30.07,122.700,118.350 RX,GPS1,,,,,,,,,ENR,,,,,Fail,,,,,,,,,,,,,-12.8,28.0,1711,,,,080037FE N100 A0 * 01000000,480137FE N100 X0,0.2,0.1,35,23,,,1200,ALT,13,20.9,2850,53,105,161,87,0,12,10,1.9,47.0,-1,13.5,13.9,13.9,8,10,13.7,3,1240,1290,1320,1305,0,0,0,0,0,0,0,FUEL PRESS / NO AOA CAL,
2026-09-02,14:50:07,21:50:07,-07:00,+39.0809899,-114.1003641,275,3D (GPS nav),337807.1,0.1,,0,-0,-0.13,,56,82,8,173,311,9,15.2,16,-1.34,0.36,-0.023,0.997,-0.163,,211,,,,30.07,122.700,118.350 RX,GPS1,,,,,,,,,ENR,,,,,Fail,,,,,,,,,,,,,-12.8,28.0,1711,,,,080037FE N100 A0 * 01000000,480137FE N100 X0,0.2,0.1,20,20,,,1200,ALT,14,21.2,2940,53,105,162,87,0,12,10,2.0,46.8,-1,13.5,13.9,13.9,8,10,13.7,3,1245,1295,1320,1305,0,0,0,0,0,0,0,FUEL PRESS / NO AOA CAL,
2026-09-02,14:50:08,21:50:08,-07:00,+39.0809902,-114.1003635,275,3D (GPS nav),337808.1,0.0,,0,-0,0.06,,56,82,8,174,311,-5,15.2,16,-1.33,0.32,0.044,1.009,-0.184,,211,,,,30.07,122.700,118.350 RX,GPS1,,,,,,,,,ENR,,,,,Fail,,,,,,,,,,,,,-12.8,28.0,1711,,,,080037FE N100 A0 * 01000000,480137FE N100 X0,0.1,0.1,30,20,,,1200,ALT,16,21.7,3030,53,106,163,87,0,12,10,2.0,46.6,-1,13.5,13.9,13.8,10,10,13.7,3,1250,1300,1320,1310,0,0,0,0,0,0,0,FUEL PRESS / NO AOA CAL,
2026-09-02,14:50:09,21:50:09,-07:00,+39.0809908,-114.1003633,275,3D (GPS nav),337809.1,0.1,,-0,-0,0.05,,56,82,8,173,311,-7,15.3,16,-1.37,0.32,-0.003,0.982,-0.184,,211,,,,30.07,122.700,118.350 RX,GPS1,,,,,,,,,ENR,,,,,Fail,,,,,,,,,,,,,-12.8,28.0,1711,,,,080037FE N100 A0 * 01000000,480137FE N100 X0,0.2,0.1,27,18,,,1200,ALT,17,22.1,3100,53,106,163,87,0,12,10,2.1,46.6,-1,13.5,13.9,13.8,10,10,13.8,3,1250,1300,1320,1310,0,0,0,0,0,0,0,FUEL PRESS / NO AOA CAL,
2026-09-02,14:50:10,21:50:10,-07:00,+39.0809908,-114.1003629,275,3D (GPS nav),337810.1,0.1,,0,-0,-0.04,,56,82,8,175,311,0,15.6,16,-1.37,0.34,-0.038,0.990,-0.170,,211,,,,30.07,122.700,118.350 RX,GPS1,,,,,,,,,ENR,,,,,Fail,,,,,,,,,,,,,-12.8,28.0,1711,,,,080037FE N100 A0 * 01000000,480137FE N100 X0,0.1,0.2,29,19,,,1200,ALT,18,22.3,3150,54,106,164,87,0,12,10,2.2,46.4,-1,13.5,13.9,13.8,10,10,13.8,3,1255,1300,1330,1315,0,0,0,0,0,0,0,FUEL PRESS / NO AOA CAL,
2026-09-02,14:50:11,21:50:11,-07:00,+39.0809908,-114.1003627,275,3D (GPS nav),337811.1,0.0,,0,-0,-0.01,,56,82,8,175,312,19,16.9,17,-1.50,0.40,-0.037,0.995,-0.142,,211,,,,30.07,122.700,118.350 RX,GPS1,,,,,,,,,ENR,,,,,Fail,,,,,,,,,,,,,-12.8,28.0,1712,,,,080037FE N100 A0 * 01000000,480137FE N100 X0,0.2,0.2,32,21,,,1200,ALT,18,22.4,3170,54,107,165,87,0,12,10,2.2,46.4,-2,13.5,13.9,13.8,10,9,13.8,3,1260,1305,1335,1320,0,0,0,0,0,0,0,FUEL PRESS / NO AOA CAL,
2026-09-02,14:50:12,21:50:12,-07:00,+39.0809975,-114.1003599,275,3DDiff (GPS nav),337812.1,0.0,,0,0,-0.10,,46,79,11,174,311,9,16.9,17,-1.55,0.40,-0.031,0.993,-0.133,,211,,,,30.07,122.700,118.350 RX,GPS1,,,,,,,,,ENR,,,,,Fail,,,,,,,,,,,,,-12.8,28.0,1712,,,,080037FE N100 A0 * 01000000,480137FE N100 X0,0.3,0.2,26,21,,,1200,ALT,18,22.5,3190,54,107,165,87,0,12,10,2.3,46.4,-2,13.5,13.8,13.8,10,9,13.8,3,1260,1305,1340,1325,0,0,0,0,0,0,0,FUEL PRESS / NO AOA CAL,
2026-09-02,14:50:13,21:50:13,-07:00,+39.0810005,-114.1003594,276,3DDiff (GPS nav),337813.1,0.0,,-0,0,0.03,,43,79,11,177,312,11,17.2,18,-1.63,0.35,0.006,0.990,-0.128,,211,,,,30.07,122.700,118.350 RX,GPS1,,,,,,,,,ENR,,,,,Fail,,,,,,,,,,,,,-12.8,28.0,1713,,,,080037FE N100 A0 * 01000000,480137FE N100 X0,0.3,0.2,43,24,,,1200,ALT,19,22.7,3250,54,107,166,86,0,12,10,2.3,46.5,-2,13.5,13.8,13.8,10,9,13.8,3,1265,1305,1340,1330,0,0,0,0,0,0,0,FUEL PRESS / NO AOA CAL,
2026-09-02,14:50:14,21:50:14,-07:00,+39.0810019,-114.1003594,276,3DDiff (GPS nav),337814.1,0.0,,-0,-0,0.03,,43,79,11,176,313,28,17.4,17,-1.73,0.13,-0.016,0.998,-0.149,,211,,,,30.07,122.700,118.350 RX,GPS1,,,,,,,,,ENR,,,,,Fail,,,,,,,,,,,,,-12.8,28.0,1715,,,,080037FE N100 A0 * 01000000,480037FE N100 X0,0.4,0.0,32,30,,,1200,ALT,20,23.1,3330,54,108,166,86,0,12,10,2.4,46.5,-2,13.5,13.8,13.8,10,9,13.8,2,1270,1310,1345,1335,0,0,0,0,0,0,0,FUEL PRESS / NO AOA CAL,
2026-09-02,14:50:15,21:50:15,-07:00,+39.0810019,-114.1003583,276,3DDiff (GPS nav),337815.1,0.0,,-0,0,0.02,,39,79,11,176,313,28,17.9,18,-1.81,0.23,-0.012,1.011,-0.151,,211,,,,30.07,122.700,118.350 RX,GPS1,,,,,,,,,ENR,,,,,Fail,,,,,,,,,,,,,-12.8,28.0,1715,,,,080037FE N100 A0 * 01000000,480037FE N100 X0,0.5,0.0,33,25,,,1200,ALT,22,23.3,3430,54,108,167,86,0,12,10,2.5,46.5,-1,13.5,13.8,13.8,8,9,13.8,1,1275,1315,1345,1335,0,0,0,0,0,0,0,FUEL PRESS / NO AOA CAL,
2026-09-02,14:50:16,21:50:16,-07:00,+39.0810013,-114.1003586,275,3DDiff (GPS nav),337816.1,0.1,,-0,0,-0.06,,39,79,11,174,313,14,17.8,18,-1.80,0.22,0.019,0.992,-0.129,,211,,,,30.07,122.700,118.350 RX,GPS1,,,,,,,,,ENR,,,,,Fail,,,,,,,,,,,,,-12.8,28.0,1715,,,,080037FE N100 A0 * 01000000,480037FE N100 X0,0.5,0.0,39,29,,,1200,ALT,22,23.5,3480,55,109,168,86,0,12,10,2.6,46.6,-1,13.5,13.8,13.8,10,9,13.8,1,1280,1325,1345,1345,0,0,0,0,0,0,0,FUEL PRESS / NO AOA CAL,
2026-09-02,14:50:17,21:50:17,-07:00,+39.0810030,-114.1003574,274,3DDiff (GPS nav),337817.1,0.0,,0,-0,-0.04,,39,79,11,174,312,-12,17.1,17,-1.78,0.22,-0.001,0.994,-0.101,,211,,,,30.07,122.700,118.350 RX,GPS1,,,,,,,,,ENR,,,,,Fail,,,,,,,,,,,,,-12.8,28.0,1715,,,,080037FE N100 A0 * 01000000,480037FE N100 X0,0.4,0.0,47,30,,,1200,ALT,23,23.6,3490,55,109,169,86,0,12,10,2.6,46.6,-1,13.5,13.8,13.8,10,9,13.8,1,1285,1335,1350,1350,0,0,0,0,0,0,0,FUEL PRESS / NO AOA CAL,
2026-09-02,14:50:18,21:50:18,-07:00,+39.0810028,-114.1003575,274,3DDiff (GPS nav),337818.1,0.0,,0,0,-0.02,,39,79,11,176,312,-13,17.1,17,-1.65,0.32,-0.010,0.981,-0.068,,211,,,,30.07,122.700,118.350 RX,GPS1,,,,,,,,,ENR,,,,,Fail,,,,,,,,,,,,,-12.8,28.0,1715,,,,080037FE N100 A0 * 01000000,480037FE N100 X0,0.3,0.1,36,23,,,1200,ALT,25,23.8,3610,55,109,169,86,0,12,10,2.7,46.6,-1,13.5,13.8,13.8,11,9,13.8,0,1295,1340,1350,1360,0,0,0,0,0,0,0,FUEL PRESS / NO AOA CAL,
2026-09-02,14:50:19,21:50:19,-07:00,+39.0810024,-114.1003575,274,3DDiff (GPS nav),337819.1,0.0,,-0,0,0.01,,39,79,11,177,313,13,17.7,18,-1.58,0.32,0.002,0.998,-0.029,,211,,,,30.07,122.700,118.350 RX,GPS1,,,,,,,,,ENR,,,,,Fail,,,,,,,,,,,,,-12.8,28.0,1717,,,,080037FE N100 A0 * 01000000,480037FE N100 X0,0.2,0.1,38,23,,,1200,ALT,26,24.1,3720,55,110,170,86,0,12,10,2.9,46.7,-1,13.5,13.8,13.8,11,9,13.8,0,1310,1355,1360,1375,0,0,0,0,0,0,0,FUEL PRESS / NO AOA CAL,
2026-09-02,14:50:20,21:50:20,-07:00,+39.0810027,-114.1003572,274,3DDiff (GPS nav),337820.1,0.0,,0,-0,0.00,,39,79,11,176,313,21,17.9,18,-1.63,0.33,-0.009,0.995,+0.024,,211,,,,30.07,122.700,118.350 RX,GPS1,,,,,,,,,ENR,,,,,Fail,,,,,,,,,,,,,-12.8,28.0,1717,,,,080037FE N100 A0 * 01000000,480037FE N100 X0,0.2,0.1,56,26,,,1200,ALT,28,24.4,3800,56,110,171,86,0,12,10,3.0,46.9,-1,13.5,13.8,13.8,10,9,13.8,0,1325,1375,1370,1385,0,0,0,0,0,0,0,FUEL PRESS / NO AOA CAL,
2026-09-02,14:50:21,21:50:21,-07:00,+39.0810027,-114.1003572,274,3DDiff (GPS nav),337821.1,0.0,,0,-0,-0.09,,39,79,11,178,314,32,18.5,19,-1.53,0.34,-0.010,1.007,+0.069,,211,,,,30.07,122.700,118.350 RX,GPS1,,,,,,,,,ENR,,,,,Fail,,,,,,,,,,,,,-12.8,28.0,1718,,,,080037FE N100 A0 * 01000000,480037FE N100 X0,0.1,0.1,36,25,,,1200,ALT,29,24.6,3870,56,110,171,86,0,12,10,3.1,47.0,-2,13.5,13.8,13.8,10,9,13.8,0,1335,1385,1375,1395,0,0,0,0,0,0,0,FUEL PRESS / NO AOA CAL,
2026-09-02,14:50:22,21:50:22,-07:00,+39.0810036,-114.1003580,275,3DDiff (GPS nav),337822.1,0.0,,0,0,-0.05,,39,79,11,176,314,26,18.5,19,-1.54,0.31,-0.026,1.002,+0.112,,211,,,,30.07,122.700,118.350 RX,GPS1,,,,,,,,,ENR,,,,,Fail,,,,,,,,,,,,,-12.8,28.0,1716,,,,080037FE N100 A0 * 01000000,480037FE N100 X0,0.0,0.1,50,30,,,1200,ALT,29,24.7,3870,56,111,172,86,0,12,10,3.2,47.1,-1,13.5,13.8,13.8,10,9,13.7,0,1350,1395,1390,1410,0,0,0,0,0,0,0,FUEL PRESS / NO AOA CAL,
2026-09-02,14:50:23,21:50:23,-07:00,+39.0810034,-114.1003586,276,3DDiff (GPS nav),337823.1,0.1,,-0,0,-0.01,,39,79,11,177,314,16,18.4,19,-1.63,0.30,-0.001,0.994,+0.140,,211,,,,30.07,122.700,118.350 RX,GPS1,,,,,,,,,ENR,,,,,Fail,,,,,,,,,,,,,-12.8,27.9,1708,,,,080037FE N100 A0 * 01000000,480037FE N100 X0,0.2,0.1,46,27,,,1200,ALT,30,24.7,3900,56,111,172,86,0,12,10,3.2,47.2,-1,13.5,13.8,13.8,11,9,13.7,0,1360,1405,1395,1420,0,0,0,0,0,0,0,FUEL PRESS / NO AOA CAL,
2026-09-02,14:50:24,21:50:24,-07:00,+39.0810036,-114.1003586,276,3DDiff (GPS nav),337824.1,0.1,,0,0,-0.04,,39,79,11,176,314,-5,18.9,19,-1.65,0.40,-0.015,0.993,+0.152,,211,,,,30.07,122.700,118.350 RX,GPS1,,,,,,,,,ENR,,,,,Fail,,,,,,,,,,,,,-12.8,27.7,1686,,,,080037FE N100 A0 * 01000000,480037FE N100 X0,0.2,0.1,37,33,,,1200,ALT,30,24.7,3930,56,111,172,86,0,12,10,3.2,47.2,-1,13.5,13.8,13.8,11,9,13.7,0,1365,1410,1400,1420,0,0,0,0,0,0,0,FUEL PRESS / NO AOA CAL,
2026-09-02,14:50:25,21:50:25,-07:00,+39.0810039,-114.1003588,276,3DDiff (GPS nav),337825.1,0.1,,0,-0,-0.03,,39,79,11,177,314,-3,19.2,20,-1.65,0.48,-0.029,0.984,+0.189,,211,,,,30.07,122.700,118.350 RX,GPS1,,,,,,,,,ENR,,,,,Fail,,,,,,,,,,,,,-12.8,27.6,1673,,,,080037FE N100 A0 * 01000000,480037FE N100 X0,0.2,0.2,45,32,,,1200,ALT,30,24.7,3900,56,112,172,86,0,12,10,3.3,47.2,-1,13.5,13.8,13.8,5,9,13.7,0,1375,1415,1405,1430,0,0,0,0,0,0,0,FUEL PRESS / NO AOA CAL,
2026-09-02,14:50:26,21:50:26,-07:00,+39.0810039,-114.1003588,276,3DDiff (GPS nav),337826.1,0.1,,-0,-0,0.05,,39,79,11,178,314,10,19.5,20,-1.57,0.32,-0.021,0.988,+0.207,,211,,,,30.07,122.700,118.350 RX,GPS1,,,,,,,,,ENR,,,,,Fail,,,,,,,,,,,,,-12.8,27.6,1669,,,,080037FE N100 A0 * 01000000,480037FE N100 X0,0.1,0.1,44,23,,,1200,ALT,30,24.8,3880,56,112,172,86,0,12,10,3.3,47.2,-1,13.5,13.8,13.8,5,9,13.7,0,1375,1420,1410,1435,0,0,0,0,0,0,0,FUEL PRESS / NO AOA CAL,
2026-09-02,14:50:27,21:50:27,-07:00,+39.0810041,-114.1003597,276,3DDiff (GPS nav),337827.1,0.1,,0,-0,-0.02,,39,79,11,175,314,-4,19.3,19,-1.56,0.32,-0.024,1.000,+0.200,,211,,,,30.07,122.700,118.350 RX,GPS1,,,,,,,,,ENR,,,,,Fail,,,,,,,,,,,,,-12.8,27.6,1668,,,,080037FE N100 A0 * 01000000,480037FE N100 X0,0.1,0.1,35,38,,,1200,ALT,30,25.0,3860,56,112,172,86,0,12,10,3.3,47.2,-1,13.5,13.8,13.8,5,9,13.7,0,1380,1420,1410,1440,0,0,0,0,0,0,0,FUEL PRESS / NO AOA CAL,
2026-09-02,14:50:28,21:50:28,-07:00,+39.0810039,-114.1003588,275,3DDiff (GPS nav),337828.1,0.0,,0,0,-0.03,,39,79,11,174,312,-35,18.5,19,-1.59,0.36,0.001,0.972,+0.184,,211,,,,30.07,122.700,118.350 RX,GPS1,,,,,,,,,ENR,,,,,Fail,,,,,,,,,,,,,-12.8,27.6,1667,,,,080037FE N100 A0 * 01000000,480037FE N100 X0,0.1,0.1,40,19,,,1200,ALT,30,25.1,3860,56,113,172,86,0,12,10,3.3,47.2,-1,13.5,13.8,13.8,5,9,13.7,0,1385,1420,1410,1440,0,0,0,0,0,0,0,FUEL PRESS / NO AOA CAL,
2026-09-02,14:50:29,21:50:29,-07:00,+39.0810047,-114.1003583,274,3DDiff (GPS nav),337829.1,0.1,,0,-0,-0.04,,39,79,11,174,312,-40,17.8,18,-1.70,0.40,0.011,0.994,+0.167,,211,,,,30.07,122.700,118.350 RX,GPS1,,,,,,,,,ENR,,,,,Fail,,,,,,,,,,,,,-12.8,27.6,1667,,,,080037FE N100 A0 * 01000000,480037FE N100 X0,0.2,0.1,57,35,,,1200,ALT,30,25.2,3860,56,113,172,86,0,12,10,3.3,47.2,-1,13.5,13.8,13.8,5,9,13.7,0,1385,1425,1410,1440,0,0,0,0,0,0,0,FUEL PRESS / NO AOA CAL,
2026-09-02,14:50:30,21:50:30,-07:00,+39.0810047,-114.1003583,274,3DDiff (GPS nav),337830.1,0.0,,0,0,-0.01,,39,79,11,174,312,-27,16.7,17,-1.68,0.38,-0.004,0.977,+0.138,,211,,,,30.07,122.700,118.350 RX,GPS1,,,,,,,,,ENR,,,,,Fail,,,,,,,,,,,,,-12.8,27.6,1669,,,,080037FE N100 A0 * 01000000,480037FE N100 X0,0.2,0.1,34,42,,,1200,ALT,31,25.3,3860,56,113,172,86,0,12,10,3.3,47.2,-2,13.5,13.8,13.8,5,9,13.7,0,1385,1425,1410,1445,0,0,0,0,0,0,0,FUEL PRESS / NO AOA CAL,
2026-09-02,14:50:31,21:50:31,-07:00,+39.0810046,-114.1003583,274,3DDiff (GPS nav),337831.1,0.1,,-0,-0,-0.10,,39,79,11,174,311,-23,15.8,16,-1.64,0.48,-0.018,1.009,+0.083,,211,,,,30.07,122.700,118.350 RX,GPS1,,,,,,,,,ENR,,,,,Fail,,,,,,,,,,,,,-12.8,27.6,1667,,,,080037FE N100 A0 * 01000000,480037FE N100 X0,0.1,0.2,44,23,,,1200,ALT,31,25.5,3860,56,114,172,86,0,12,9,3.4,47.2,-1,13.5,13.8,13.8,5,9,13.7,0,1385,1430,1410,1445,0,0,0,0,0,0,0,FUEL PRESS / NO AOA CAL,
2026-09-02,14:50:32,21:50:32,-07:00,+39.0810049,-114.1003583,274,3DDiff (GPS nav),337832.1,0.1,,0,0,-0.05,,39,79,11,174,311,-19,15.2,15,-1.82,0.45,-0.004,0.993,+0.019,,211,,,,30.07,122.700,118.350 RX,GPS1,,,,,,,,,ENR,,,,,Fail,,,,,,,,,,,,,-12.8,27.6,1665,,,,080037FE N100 A0 * 01000000,480037FE N100 X0,0.2,0.2,42,39,,,1200,ALT,31,25.7,3830,56,114,172,86,0,12,9,3.4,47.2,-1,13.5,13.8,13.8,5,9,13.7,0,1390,1430,1410,1445,0,0,0,0,0,0,0,FUEL PRESS / NO AOA CAL,
2026-09-02,14:50:33,21:50:33,-07:00,+39.0810047,-114.1003569,273,3DDiff (GPS nav),337833.1,0.1,,0,0,0.02,,39,79,11,172,310,-32,15.8,16,-1.79,0.44,0.010,0.980,-0.081,,211,,,,30.07,122.700,118.350 RX,GPS1,,,,,,,,,ENR,,,,,Fail,,,,,,,,,,,,,-12.8,27.6,1663,,,,080037FE N100 A0 * 01000000,480037FE N100 X0,0.3,0.3,43,35,,,1200,ALT,31,25.9,3820,56,114,172,86,0,12,9,3.4,47.2,-2,13.5,13.8,13.8,4,9,13.7,0,1390,1435,1410,1450,0,0,0,0,0,0,0,FUEL PRESS / NO AOA CAL,
2026-09-02,14:50:34,21:50:34,-07:00,+39.0810052,-114.1003577,274,3DDiff (GPS nav),337834.1,0.1,,0,0,0.00,,39,79,11,176,311,-8,16.0,16,-1.91,0.43,-0.024,0.973,-0.161,,211,,,,30.07,122.700,118.350 RX,GPS1,,,,,,,,,ENR,,,,,Fail,,,,,,,,,,,,,-12.8,27.6,1664,,,,080037FE N100 A0 * 01000000,480037FE N100 X0,0.2,0.2,42,30,,,1200,ALT,32,26.1,3880,56,115,172,86,0,12,9,3.4,47.2,-2,13.5,13.8,13.8,4,9,13.7,0,1390,1435,1410,1450,0,0,0,0,0,0,0,FUEL PRESS / NO AOA CAL,
2026-09-02,14:50:35,21:50:35,-07:00,+39.0810044,-114.1003583,274,3DDiff (GPS nav),337835.1,0.1,,0,-0,0.09,,36,79,11,179,314,50,16.9,17,-1.97,0.42,-0.022,1.033,-0.213,,211,,,,30.07,122.700,118.350 RX,GPS1,,,,,,,,,ENR,,,,,Fail,,,,,,,,,,,,,-12.8,27.6,1667,,,,080037FE N100 A0 * 01000000,480037FE N100 X0,0.3,0.2,36,36,,,1200,ALT,34,26.5,3940,56,115,172,86,0,12,9,3.5,47.2,-2,13.5,13.8,13.8,5,9,13.7,0,1390,1435,1415,1450,0,0,0,0,0,0,0,FUEL PRESS / NO AOA CAL,
2026-09-02,14:50:36,21:50:36,-07:00,+39.0810044,-114.1003583,274,3DDiff (GPS nav),337836.1,0.0,,0,0,-0.02,,36,79,11,175,314,57,16.1,16,-1.94,0.39,-0.012,0.984,-0.216,,211,,,,30.07,122.700,118.350 RX,GPS1,,,,,,,,,ENR,,,,,Fail,,,,,,,,,,,,,-12.8,27.6,1667,,,,080037FE N100 A0 * 01000000,480037FE N100 X0,0.3,0.2,45,42,,,1200,ALT,36,26.9,4030,57,116,173,86,0,12,9,3.6,47.1,-2,13.5,13.8,13.8,5,9,13.7,0,1395,1435,1420,1455,0,0,0,0,0,0,0,FUEL PRESS / NO AOA CAL,
2026-09-02,14:50:37,21:50:37,-07:00,+39.0810041,-114.1003579,274,3DDiff (GPS nav),337837.1,0.1,,0,0,-0.02,,39,79,11,177,314,33,17.0,17,-1.88,0.35,-0.003,0.997,-0.175,,211,,,,30.07,122.700,118.350,GPS1,,,,,,,,,ENR,,,,,Fail,,,,,,,,,,,,,-12.8,27.6,1668,,,,080037FE N100 A0 * 01000000,480037FE N100 X0,0.2,0.2,60,46,,,1200,ALT,38,27.2,4120,57,116,173,86,0,12,9,3.8,47.1,-2,13.5,13.8,13.8,5,9,13.8,0,1400,1435,1425,1455,0,0,0,0,0,0,0,FUEL PRESS / NO AOA CAL,
2026-09-02,14:50:38,21:50:38,-07:00,+39.0810044,-114.1003567,274,3DDiff (GPS nav),337838.1,0.2,,0,0,0.13,,39,79,11,177,314,30,17.6,18,-1.94,0.32,-0.026,1.006,-0.101,,211,,,,30.07,122.700,118.350,GPS1,,,,,,,,,ENR,,,,,Fail,,,,,,,,,,,,,-12.8,27.6,1669,,,,080037FE N100 A0 * 01000000,280137FE N100 X0,0.2,0.2,53,39,,,1200,ALT,37,27.3,4060,57,116,173,86,0,12,9,3.9,47.1,-3,13.5,13.8,13.8,5,9,13.8,0,1405,1435,1430,1460,0,0,0,0,0,0,0,FUEL PRESS / NO AOA CAL,
2026-09-02,14:50:39,21:50:39,-07:00,+39.0810050,-114.1003559,275,3DDiff (GPS nav),337839.1,0.3,,0,0,0.00,,39,79,11,176,314,12,18.0,18,-1.96,0.39,-0.019,0.962,-0.022,,211,,,,30.07,122.700,118.350,GPS1,,,,,,,,,ENR,,,,,Fail,,,,,,,,,,,,,-12.8,27.6,1669,,,,080037FE N100 A0 * 01000000,280137FE N100 X0,0.2,0.3,45,41,,,1200,ALT,35,27.1,3930,57,117,173,86,0,12,9,3.9,47.1,-2,13.5,13.8,13.8,5,9,13.8,0,1405,1435,1430,1460,0,0,0,0,0,0,0,FUEL PRESS / NO AOA CAL,
2026-09-02,14:50:40,21:50:40,-07:00,+39.0810042,-114.1003535,274,3DDiff (GPS nav),337840.1,0.2,,0,0,-0.01,,39,79,11,177,314,7,17.8,18,-2.11,0.36,-0.003,1.012,+0.006,,211,,,,30.07,122.700,118.350 RX,GPS1,,,,,,,,,ENR,,,,,Fail,,,,,,,,,,,,,-12.8,27.6,1670,,,,080037FE N100 A0 * 01000000,280137FE N100 X0,0.3,0.2,52,30,,,1200,ALT,34,27.0,3950,57,117,174,86,0,12,9,3.8,47.1,-5,13.5,13.8,13.8,5,9,13.8,0,1405,1440,1430,1460,0,0,0,0,0,0,0,FUEL PRESS / NO AOA CAL,
2026-09-02,14:50:41,21:50:41,-07:00,+39.0810058,-114.1003525,274,3DDiff (GPS nav),337841.1,0.1,,0,0,0.03,,36,79,11,177,314,3,18.0,18,-2.23,0.32,0.011,0.991,+0.009,,211,,,,30.07,122.700 RX,118.350 RX,GPS1,,,,,,,,,ENR,,,,,Fail,,,,,,,,,,,,,-12.8,27.6,1670,,,,080037FE N100 A0 * 01000000,280137FE N100 X0,0.4,0.3,40,34,,,1200,ALT,34,26.9,3920,57,117,174,86,0,12,9,3.7,47.1,-2,13.5,13.8,13.8,5,9,13.8,0,1405,1440,1430,1465,0,0,0,0,0,0,0,FUEL PRESS / NO AOA CAL,
2026-09-02,14:50:42,21:50:42,-07:00,+39.0810058,-114.1003527,274,3DDiff (GPS nav),337842.1,0.1,,0,0,0.04,,36,79,11,179,315,18,17.7,18,-2.10,0.22,-0.008,0.994,-0.017,,211,,,,30.07,122.700 RX,118.350 RX,GPS1,,,,,,,,,ENR,,,,,Fail,,,,,,,,,,,,,-12.8,27.6,1672,,,,080037FE N100 A0 * 01000000,280137FE N100 X0,0.3,0.2,31,29,,,1200,ALT,33,26.8,3890,57,118,174,86,0,12,9,3.7,47.1,-2,13.5,13.8,13.8,5,9,13.8,0,1405,1440,1430,1465,0,0,0,0,0,0,0,FUEL PRESS / NO AOA CAL,
2026-09-02,14:50:43,21:50:43,-07:00,+39.0810060,-114.1003527,274,3DDiff (GPS nav),337843.1,0.1,,0,-0,-0.03,,36,79,11,176,315,7,16.1,16,-1.96,0.15,-0.020,0.990,-0.060,,211,,,,30.07,122.700 RX,118.350 RX,GPS1,,,,,,,,,ENR,,,,,Fail,,,,,,,,,,,,,-12.8,27.6,1675,,,,080037FE N100 A0 * 01000000,280137FE N100 X0,0.1,0.2,41,27,,,1200,ALT,33,26.8,3870,57,118,175,86,0,12,9,3.6,47.1,-2,13.5,13.8,13.8,5,9,13.8,0,1405,1440,1430,1465,0,0,0,0,0,0,0,FUEL PRESS / NO AOA CAL,
2026-09-02,14:50:44,21:50:44,-07:00,+39.0810064,-114.1003527,275,3DDiff (GPS nav),337844.1,0.0,,0,0,0.06,,36,79,11,176,314,-17,15.5,15,-1.88,0.17,-0.018,0.998,-0.092,,211,,,,30.07,122.700 RX,118.350 RX,GPS1,,,,,,,,,ENR,,,,,Fail,,,,,,,,,,,,,-12.8,27.7,1677,,,,080037FE N100 A0 * 01000000,280137FE N100 X0,0.1,0.2,36,27,,,1200,ALT,34,26.8,3920,57,118,175,86,0,12,10,3.6,47.1,-2,13.5,13.8,13.8,5,9,13.8,0,1405,1440,1430,1465,0,0,0,0,0,0,0,FUEL PRESS / NO AOA CAL,
2026-09-02,14:50:45,21:50:45,-07:00,+39.0810063,-114.1003536,275,3DDiff (GPS nav),337845.1,0.1,,0,-0,0.01,,36,79,11,177,313,-22,15.5,15,-2.10,0.18,-0.001,0.990,-0.111,,211,,,,30.07,122.700 RX,118.350 RX,GPS1,,,,,,,,,ENR,,,,,Fail,,,,,,,,,,,,,-12.8,27.7,1678,,,,080037FE N100 A0 * 01000000,280137FE N100 X0,0.1,0.1,48,35,,,1200,ALT,37,26.9,4030,57,119,176,86,0,12,10,3.6,47.1,-3,13.5,13.8,13.8,5,9,13.8,0,1405,1440,1430,1465,0,0,0,0,0,0,0,FUEL PRESS / NO AOA CAL,
2026-09-02,14:50:46,21:50:46,-07:00,+39.0810061,-114.1003536,275,3DDiff (GPS nav),337846.1,0.1,,0,0,0.04,,36,79,11,180,315,11,16.1,16,-2.22,0.15,0.003,0.975,-0.080,,211,,,,30.07,122.700 RX,118.350 RX,GPS1,,,,,,,,,ENR,,,,,Fail,,,,,,,,,,,,,-12.8,27.7,1680,,,,080037FE N100 A0 * 01000000,280137FE N100 X0,0.2,0.1,55,54,,,1200,ALT,41,27.6,4230,58,119,177,86,0,12,10,3.9,47.1,-4,13.5,13.8,13.8,5,9,13.8,0,1405,1440,1435,1465,0,0,0,0,0,0,0,FUEL PRESS / NO AOA CAL,
2026-09-02,14:50:47,21:50:47,-07:00,+39.0810058,-114.1003534,275,3DDiff (GPS nav),337847.1,0.2,,0,0,0.02,,36,79,11,178,316,42,17.5,18,-2.12,0.15,-0.047,0.977,-0.046,,211,,,,30.07,122.700 RX,118.350 RX,GPS1,,,,,,,,,ENR,,,,,Fail,,,,,,,,,,,,,-12.8,27.7,1682,,,,080037FE N100 A0 * 01000000,280137FE N100 X0,0.1,0.2,39,49,,,1200,ALT,42,28.0,4240,58,119,177,86,0,12,10,4.1,47.1,-5,13.5,13.8,13.8,5,9,13.8,0,1415,1440,1440,1465,0,0,0,0,0,0,0,FUEL PRESS / NO AOA CAL,
2026-09-02,14:50:48,21:50:48,-07:00,+39.0810061,-114.1003509,275,3DDiff (GPS nav),337848.0,0.4,,0,0,-0.02,,36,79,11,176,315,18,17.3,17,-2.00,0.08,0.011,0.993,+0.073,,211,,,,30.07,122.700 RX,118.350 RX,GPS1,,,,,,,,,ENR,,,,,Fail,,,,,,,,,,,,,-12.8,27.7,1682,,,,080037FE N100 A0 * 01000000,280137FE N100 X0,0.1,0.1,53,33,,,1200,ALT,43,28.2,4250,58,120,178,86,0,12,10,4.3,47.0,-4,13.5,13.8,13.8,5,9,13.8,0,1415,1435,1440,1470,0,0,0,0,0,0,0,FUEL PRESS / NO AOA CAL,
2026-09-02,14:50:49,21:50:49,-07:00,+39.0810072,-114.1003457,275,3DDiff (GPS nav),337849.0,0.9,,1,0,-0.04,,36,79,11,178,315,1,18.2,18,-1.81,0.02,-0.007,1.014,+0.209,,211,,,,30.07,122.700,118.350 RX,GPS1,,,,,,,,,ENR,,,,,Fail,,,,,,,,,,,,,-12.8,27.7,1683,,,,080037FE N100 A0 * 01000000,280137FE N100 X0,0.1,0.1,48,34,,,1200,ALT,42,28.3,4220,58,120,178,86,0,12,10,4.3,47.0,-5,13.5,13.8,13.8,5,9,13.8,0,1420,1435,1440,1470,0,0,0,0,0,0,0,FUEL PRESS / NO AOA CAL,
2026-09-02,14:50:50,21:50:50,-07:00,+39.0810092,-114.1003394,275,3DDiff (GPS nav),337850.0,1.2,,1,0,-0.06,,36,79,11,177,315,-4,18.5,19,-1.46,-0.28,0.004,1.015,+0.262,,211,,,,30.07,122.700,118.350 RX,GPS1,,,,,,,,,ENR,,,,,Fail,,,,,,,,,,,,,-12.8,27.7,1683,,,,080037FE N100 A0 * 01000000,280137FE N100 X0,0.1,0.1,33,24,,,1200,ALT,38,28.0,4050,58,120,179,86,0,12,10,4.3,47.0,-4,13.5,13.8,13.8,5,9,13.8,0,1420,1435,1440,1470,0,0,0,0,0,0,0,FUEL PRESS / NO AOA CAL,
2026-09-02,14:50:51,21:50:51,-07:00,+39.0810123,-114.1003291,275,3DDiff (GPS nav),337851.0,1.5,,1,0,-0.01,,36,79,11,179,315,-1,18.6,19,-1.26,-0.20,-0.024,1.007,+0.283,,211,,,,30.07,122.700,118.350 RX,GPS1,,,,,,,,,ENR,,,,,Fail,,,,,,,,,,,,,-12.8,27.7,1683,,,,080037FE N100 A0 * 01000000,280137FE N100 X0,0.2,0.2,49,47,,,1200,ALT,37,27.8,4050,58,121,179,86,0,12,10,4.1,47.0,-4,13.5,13.8,13.8,5,9,13.8,0,1420,1435,1440,1470,0,0,0,0,0,0,0,FUEL PRESS / NO AOA CAL,
2026-09-02,14:50:52,21:50:52,-07:00,+39.0810162,-114.1003205,275,3DDiff (GPS nav),337852.0,1.6,,1,0,0.00,,36,79,11,176,314,-10,17.9,18,-1.32,-0.43,0.065,0.993,+0.283,,211,,,,30.07,122.700,118.350 RX,GPS1,,,,,,,,,ENR,,,,,Fail,,,,,,,,,,,,,-12.8,27.7,1682,,,,080037FE N100 A0 * 01000000,280137FE N100 X0,0.0,0.2,52,51,,,1200,ALT,35,27.4,3960,58,121,180,86,0,12,10,3.9,47.1,-2,13.5,13.8,13.8,5,9,13.8,0,1420,1435,1440,1470,0,0,0,0,0,0,0,FUEL PRESS / NO AOA CAL,
2026-09-02,14:50:53,21:50:53,-07:00,+39.0810193,-114.1003110,275,3DDiff (GPS nav),337853.0,1.6,,1,0,-0.11,,36,79,11,178,315,-2,17.8,18,-1.33,-0.03,-0.034,0.994,+0.249,,211,,,,30.07,122.700,118.350 RX,GPS1,,,,,,,,,ENR,,,,,Fail,,,,,,,,,,,,,-12.8,27.7,1684,,,,080037FE N100 A0 * 01000000,280137FE N100 X0,0.1,0.1,48,43,,,1200,ALT,32,26.9,3890,58,121,181,86,0,12,10,3.8,47.1,-2,13.5,13.8,13.8,5,9,13.8,0,1415,1435,1440,1470,0,0,0,0,0,0,0,FUEL PRESS / NO AOA CAL,
2026-09-02,14:50:54,21:50:54,-07:00,+39.0810223,-114.1003034,275,3DDiff (GPS nav),337854.0,1.4,,1,0,0.01,,36,79,11,176,315,-5,17.6,18,-1.39,0.08,-0.004,1.016,+0.203,,211,,,,30.07,122.700,118.350 RX,GPS1,,,,,,,,,ENR,,,,,Fail,,,,,,,,,,,,,-12.8,27.7,1685,,,,080037FE N100 A0 * 01000000,280137FE N100 X0,0.0,0.0,37,43,,,1200,ALT,27,26.1,3710,58,122,181,86,0,12,10,3.5,47.1,-2,13.5,13.8,13.8,5,9,13.8,0,1410,1435,1440,1470,0,0,0,0,0,0,0,FUEL PRESS / NO AOA CAL,
2026-09-02,14:50:55,21:50:55,-07:00,+39.0810239,-114.1002984,274,3DDiff (GPS nav),337855.0,0.9,,0,0,-0.06,,36,79,11,175,313,-26,17.3,18,-1.37,0.27,0.011,1.018,+0.171,,211,,,,30.07,122.700,118.350 RX,GPS1,,,,,,,,,ENR,,,,,Fail,,,,,,,,,,,,,-12.8,27.7,1684,,,,080037FE N100 A0 * 01000000,280137FE N100 X0,0.2,0.2,47,28,,,1200,ALT,24,25.0,3490,58,122,182,86,0,12,10,3.2,47.2,-2,13.5,13.8,13.8,5,9,13.7,0,1400,1425,1425,1455,0,0,0,0,0,0,0,FUEL PRESS / NO AOA CAL,
2026-09-02,14:50:56,21:50:56,-07:00,+39.0810241,-114.1002971,274,3DDiff (GPS nav),337856.0,0.3,,0,0,0.06,,36,79,11,175,312,-46,16.4,17,-1.43,0.34,0.015,1.007,+0.144,,211,,,,30.07,122.700,118.350 RX,GPS1,,,,,,,,,ENR,,,,,Fail,,,,,,,,,,,,,-12.8,27.7,1683,,,,080037FE N100 A0 * 01000000,280137FE N100 X0,0.3,0.3,39,37,,,1200,ALT,23,24.4,3420,57,123,182,86,0,12,10,2.9,47.3,-2,13.5,13.8,13.8,5,9,13.7,0,1385,1410,1415,1440,0,0,0,0,0,0,0,FUEL PRESS / NO AOA CAL,
2026-09-02,14:50:57,21:50:57,-07:00,+39.0810238,-114.1002988,275,3DDiff (GPS nav),337857.0,0.1,,0,0,-0.04,,36,79,11,176,312,-34,16.5,17,-1.40,0.32,-0.024,1.001,+0.099,,211,,,,30.07,122.700,118.350 RX,GPS1,,,,,,,,,ENR,,,,,Fail,,,,,,,,,,,,,-12.8,27.7,1683,,,,080037FE N100 A0 * 01000000,280137FE N100 X0,0.2,0.3,33,19,,,1200,ALT,22,24.1,3450,57,123,183,86,0,12,10,2.8,47.3,-2,13.5,13.8,13.8,5,9,13.7,0,1375,1400,1410,1435,0,0,0,0,0,0,0,FUEL PRESS / NO AOA CAL,
2026-09-02,14:50:58,21:50:58,-07:00,+39.0810238,-114.1002983,274,3DDiff (GPS nav),337858.0,0.1,,-0,-0,0.02,,36,75,11,178,314,11,17.6,18,-1.22,0.30,-0.029,0.988,+0.083,,211,,,,30.07,122.700,118.350 RX,GPS1,,,,,,,,,ENR,,,,,Fail,,,,,,,,,,,,,-12.8,27.7,1685,,,,080037FE N100 A0 * 01000000,280137FE N100 X0,0.1,0.2,34,31,,,1200,ALT,21,23.7,3370,57,124,184,86,0,12,9,2.7,47.3,-1,13.5,13.8,13.8,5,9,13.6,0,1360,1390,1400,1425,0,0,0,0,0,0,0,FUEL PRESS / NO AOA CAL,
2026-09-02,14:50:59,21:50:59,-07:00,+39.0810233,-114.1002988,275,3DDiff (GPS nav),337859.0,0.1,,-0,-0,-0.01,,36,75,11,176,314,21,18.1,18,-1.15,0.27,0.008,1.000,+0.085,,211,,,,30.07,122.700,118.350 RX,GPS1,,,,,,,,,ENR,,,,,Fail,,,,,,,,,,,,,-12.8,27.7,1685,,,,080037FE N100 A0 * 01000000,280137FE N100 X0,0.0,0.1,35,26,,,1200,ALT,20,23.4,3300,57,124,184,86,0,12,9,2.6,47.3,-1,13.5,13.8,13.8,6,9,13.6,0,1350,1375,1400,1415,0,0,0,0,0,0,0,FUEL PRESS / NO AOA CAL,
2026-09-02,14:51:00,21:51:00,-07:00,+39.0810231,-114.1002988,275,3DDiff (GPS nav),337860.0,0.1,,0,0,0.03,,36,79,11,175,313,-4,18.1,19,-1.20,0.48,-0.008,0.987,+0.076,,211,,,,30.07,122.700,118.350 RX,GPS1,,,,,,,,,ENR,,,,,Fail,,,,,,,,,,,,,-12.8,27.7,1683,,,,080037FE N100 A0 * 01000000,280137FE N100 X0,0.1,0.4,24,22,,,1200,ALT,18,23.0,3230,57,125,185,86,0,12,9,2.5,47.4,-1,13.5,13.8,13.8,6,9,13.6,0,1340,1370,1395,1410,0,0,0,0,0,0,0,FUEL PRESS / NO AOA CAL,
2026-09-02,14:51:01,21:51:01,-07:00,+39.0810227,-114.1002986,275,3DDiff (GPS nav),337861.0,0.0,,0,-0,-0.02,,36,79,11,175,313,-14,18.0,18,-1.22,0.46,-0.007,0.991,+0.065,,211,,,,30.07,122.700,118.350 RX,GPS1,,,,,,,,,ENR,,,,,Fail,,,,,,,,,,,,,-12.8,27.7,1683,,,,080037FE N100 A0 * 01000000,280137FE N100 X0,0.1,0.3,23,17,,,1200,ALT,17,22.5,3190,56,125,186,86,0,12,9,2.4,47.4,-1,13.5,13.8,13.8,10,9,13.6,0,1330,1360,1395,1405,0,0,0,0,0,0,0,FUEL PRESS / NO AOA CAL,
2026-09-02,14:51:02,21:51:02,-07:00,+39.0810227,-114.1002986,275,3DDiff (GPS nav),337862.0,0.0,,0,-0,0.03,,36,79,11,175,313,-13,17.0,17,-1.13,0.51,-0.035,0.996,+0.056,,211,,,,30.07,122.700,118.350 RX,GPS1,,,,,,,,,ENR,,,,,Fail,,,,,,,,,,,,,-12.8,27.7,1683,,,,080037FE N100 A0 * 01000000,280137FE N100 X0,0.1,0.4,31,18,,,1200,ALT,16,22.0,3110,56,126,187,86,0,12,9,2.2,47.4,-1,13.5,13.8,13.8,10,9,13.6,0,1320,1350,1395,1400,0,0,0,0,0,0,0,FUEL PRESS / NO AOA CAL,
2026-09-02,14:51:03,21:51:03,-07:00,+39.0810225,-114.1002963,274,3DDiff (GPS nav),337863.0,0.0,,0,0,-0.02,,36,79,11,175,312,-15,16.9,17,-1.11,0.51,0.019,0.991,+0.040,,211,,,,30.07,122.700,118.350 RX,GPS1,,,,,,,,,ENR,,,,,Fail,,,,,,,,,,,,,-12.8,27.7,1682,,,,080037FE N100 A0 * 01000000,280137FE N100 X0,0.0,0.4,21,19,,,1200,ALT,15,21.7,3040,56,126,187,86,0,12,9,2.2,47.5,-1,13.5,13.8,13.8,10,9,13.6,0,1315,1350,1390,1395,0,0,0,0,0,0,0,FUEL PRESS / NO AOA CAL,
2026-09-02,14:51:04,21:51:04,-07:00,+39.0810214,-114.1002963,273,3DDiff (GPS nav),337864.0,0.0,,0,-0,-0.02,,36,75,11,175,312,-19,17.0,17,-1.14,0.55,-0.015,1.000,+0.030,,211,,,,30.07,122.700,118.350 RX,GPS1,,,,,,,,,ENR,,,,,Fail,,,,,,,,,,,,,-12.8,27.7,1681,,,,080037FE N100 A0 * 01000000,280137FE N100 X0,0.1,0.4,21,21,,,1200,ALT,15,21.5,3010,56,127,188,86,0,12,9,2.1,47.5,-1,13.5,13.8,13.8,10,9,13.5,0,1305,1350,1380,1385,0,0,0,0,0,0,0,FUEL PRESS / NO AOA CAL,
2026-09-02,14:51:05,21:51:05,-07:00,+39.0810216,-114.1002950,273,3DDiff (GPS nav),337865.0,0.0,,-0,-0,-0.01,,36,75,11,176,313,7,17.6,18,-1.18,0.41,0.004,1.046,+0.027,,211,,,,30.07,122.700,118.350 RX,GPS1,,,,,,,,,ENR,,,,,Fail,,,,,,,,,,,,,-12.8,27.7,1682,,,,080037FE N100 A0 * 01000000,280137FE N100 X0,0.1,0.2,25,20,,,1200,ALT,14,21.3,2990,56,127,189,86,0,12,10,2.1,47.5,-1,13.6,13.8,13.8,10,9,13.5,0,1295,1350,1370,1380,0,0,0,0,0,0,0,FUEL PRESS / NO AOA CAL,
2026-09-02,14:51:06,21:51:06,-07:00,+39.0810214,-114.1002946,273,3DDiff (GPS nav),337866.0,0.0,,0,0,0.00,,36,79,11,175,313,5,17.2,18,-1.09,0.36,0.031,1.007,+0.010,,211,,,,30.07,122.700,118.350 RX,GPS1,,,,,,,,,ENR,,,,,Fail,,,,,,,,,,,,,-12.8,27.7,1681,,,,080037FE N100 A0 * 01000000,280137FE N100 X0,0.0,0.2,25,21,,,1200,ALT,14,21.2,2960,55,128,190,86,0,12,10,2.0,47.5,-1,13.6,13.8,13.8,10,9,13.5,0,1295,1345,1365,1375,0,0,0,0,0,0,0,FUEL PRESS / NO AOA CAL,
2026-09-02,14:51:07,21:51:07,-07:00,+39.0810210,-114.1002944,272,3DDiff (GPS nav),337867.0,0.0,,0,-0,-0.03,,36,79,11,174,312,-1,17.2,18,-1.03,0.45,-0.013,0.990,-0.001,,211,,,,30.07,122.700,118.350 RX,GPS1,,,,,,,,,ENR,,,,,Fail,,,,,,,,,,,,,-12.8,27.7,1682,,,,080037FE N100 A0 * 01000000,280137FE N100 X0,0.0,0.3,34,19,,,1200,ALT,14,21.1,2930,55,128,191,86,0,12,10,2.0,47.5,-2,13.6,13.8,13.8,10,9,13.5,0,1285,1345,1355,1370,0,0,0,0,0,0,0,FUEL PRESS / NO AOA CAL,
2026-09-02,14:51:08,21:51:08,-07:00,+39.0810210,-114.1002944,272,3DDiff (GPS nav),337868.0,0.1,,0,0,-0.09,,36,79,11,174,312,-11,16.6,17,-1.06,0.49,0.027,1.002,-0.008,,211,,,,30.07,122.700,118.350 RX,GPS1,,,,,,,,,ENR,,,,,Fail,,,,,,,,,,,,,-12.8,27.7,1682,,,,080037FE N100 A0 * 01000000,280137FE N100 X0,0.0,0.3,24,24,,,1200,ALT,13,20.8,2850,55,129,193,86,0,12,10,1.9,47.5,-2,13.6,13.8,13.8,9,9,13.5,0,1280,1345,1350,1365,0,0,0,0,0,0,0,FUEL PRESS / NO AOA CAL,
2026-09-02,14:51:09,21:51:09,-07:00,+39.0810205,-114.1002964,273,3DDiff (GPS nav),337869.0,0.0,,-0,0,-0.04,,36,79,11,175,312,-16,16.3,17,-1.02,0.44,0.025,1.005,-0.018,,211,,,,30.07,122.700,118.350 RX,GPS1,,,,,,,,,ENR,,,,,Fail,,,,,,,,,,,,,-12.8,27.7,1682,,,,080037FE N100 A0 * 01000000,280037FE N100 X0,0.0,0.3,27,29,,,1200,ALT,12,20.6,2820,55,129,193,86,0,12,10,1.9,47.5,-1,13.6,13.8,13.8,9,9,13.5,0,1280,1340,1350,1365,0,0,0,0,0,0,0,FUEL PRESS / NO AOA CAL,
2026-09-02,14:51:10,21:51:10,-07:00,+39.0810221,-114.1002966,274,3DDiff (GPS nav),337870.0,0.0,,0,-0,0.02,,36,75,11,174,311,-19,16.0,16,-1.03,0.40,-0.008,0.976,-0.033,,211,,,,30.07,122.700,118.350 RX,GPS1,,,,,,,,,ENR,,,,,Fail,,,,,,,,,,,,,-12.8,27.7,1682,,,,080037FE N100 A0 * 01000000,280037FE N100 X0,0.0,0.2,26,28,,,1200,ALT,11,20.4,2780,55,130,195,86,0,12,10,1.8,47.5,-1,13.6,13.8,13.8,9,9,13.5,0,1280,1340,1350,1360,0,0,0,0,0,0,0,FUEL PRESS / NO AOA CAL,
2026-09-02,14:51:11,21:51:11,-07:00,+39.0810233,-114.1002975,275,3DDiff (GPS nav),337871.0,0.0,,-0,-0,-0.02,,36,75,11,175,312,-6,15.9,16,-1.10,0.20,0.007,0.980,-0.044,,211,,,,30.07,122.700,118.350 RX,GPS1,,,,,,,,,ENR,,,,,Fail,,,,,,,,,,,,,-12.8,27.7,1682,,,,080037FE N100 A0 * 01000000,280037FE N100 X0,0.1,0.0,23,27,,,1200,ALT,11,20.1,2750,55,130,196,86,0,12,10,1.8,47.5,-2,13.6,13.8,13.8,9,9,13.5,0,1280,1340,1350,1360,0,0,0,0,0,0,0,FUEL PRESS / NO AOA CAL,
2026-09-02,14:51:12,21:51:12,-07:00,+39.0810236,-114.1002975,275,3DDiff (GPS nav),337872.0,0.1,,-0,0,0.04,,36,75,11,174,312,-5,16.5,17,-1.08,0.11,-0.032,0.980,-0.042,,211,,,,30.07,122.700,118.350,GPS1,,,,,,,,,ENR,,,,,Fail,,,,,,,,,,,,,-12.8,27.7,1681,,,,080037FE N100 A0 * 01000000,280037FE N100 X0,0.1,0.1,31,26,,,1200,ALT,11,20.0,2780,55,131,196,86,0,12,10,1.7,47.5,-3,13.6,13.8,13.8,8,9,13.5,0,1280,1340,1350,1355,0,0,0,0,0,0,0,FUEL PRESS / NO AOA CAL,
2026-09-02,14:51:13,21:51:13,-07:00,+39.0810236,-114.1002977,276,3DDiff (GPS nav),337873.0,0.1,,-0,-0,-0.05,,36,79,11,174,311,-4,16.8,17,-1.10,0.07,0.019,1.001,-0.025,,211,,,,30.07,122.700,118.350,GPS1,,,,,,,,,ENR,,,,,Fail,,,,,,,,,,,,,-12.8,27.7,1681,,,,080037FE N100 A0 * 01000000,280037FE N100 X0,0.2,0.1,26,24,,,1200,ALT,11,19.9,2730,55,131,198,86,0,12,10,1.7,47.5,-4,13.6,13.8,13.8,7,9,13.5,0,1280,1340,1355,1355,0,0,0,0,0,0,0,FUEL PRESS / NO AOA CAL,
2026-09-02,14:51:14,21:51:14,-07:00,+39.0810238,-114.1002983,276,3DDiff (GPS nav),337874.0,0.0,,-0,-0,0.05,,36,79,11,172,311,-17,16.4,17,-1.09,0.23,-0.022,1.005,-0.015,,211,,,,30.07,122.700,118.350,GPS1,,,,,,,,,ENR,,,,,Fail,,,,,,,,,,,,,-12.8,27.7,1680,,,,080037FE N100 A0 * 01000000,280037FE N100 X0,0.2,0.0,27,27,,,1200,ALT,11,19.9,2730,54,131,199,86,0,12,10,1.7,47.5,-4,13.6,13.8,13.8,6,9,13.5,0,1280,1340,1355,1355,0,0,0,0,0,0,0,FUEL PRESS / NO AOA CAL,
2026-09-02,14:51:15,21:51:15,-07:00,+39.0810241,-114.1002961,275,3DDiff (GPS nav),337875.0,0.0,,-0,-0,-0.02,,36,79,11,174,311,-18,16.6,17,-1.21,0.17,-0.003,1.002,-0.022,,211,,,,30.07,122.700,118.350 RX,GPS1,,,,,,,,,ENR,,,,,Fail,,,,,,,,,,,,,-12.8,27.7,1680,,,,080037FE N100 A0 * 01000000,280037FE N100 X0,0.3,0.0,25,22,,,1200,ALT,10,19.8,2700,54,132,200,86,0,12,10,1.7,47.5,-3,13.6,13.8,13.8,5,9,13.5,0,1280,1335,1355,1355,0,0,0,0,0,0,0,FUEL PRESS / NO AOA CAL,
2026-09-02,14:51:16,21:51:16,-07:00,+39.0810233,-114.1002966,274,3DDiff (GPS nav),337876.0,0.0,,0,0,0.03,,36,75,11,173,311,-3,16.8,17,-1.14,0.23,-0.029,1.008,-0.016,,211,,,,30.07,122.700,118.350 RX,GPS1,,,,,,,,,ENR,,,,,Fail,,,,,,,,,,,,,-12.8,27.7,1680,,,,080037FE N100 A0 * 01000000,280037FE N100 X0,0.2,0.0,24,25,,,1200,ALT,10,19.7,2610,54,132,201,86,0,12,10,1.6,47.5,-3,13.6,13.8,13.8,5,9,13.5,0,1280,1335,1360,1360,0,0,0,0,0,0,0,FUEL PRESS / NO AOA CAL,
2026-09-02,14:51:17,21:51:17,-07:00,+39.0810227,-114.1002961,274,3DDiff (GPS nav),337877.0,0.0,,0,-0,-0.06,,36,75,11,173,311,-8,16.2,17,-1.08,0.29,-0.025,0.999,-0.034,,211,,,,30.07,122.700,118.350 RX,GPS1,,,,,,,,,ENR,,,,,Fail,,,,,,,,,,,,,-12.8,27.7,1680,,,,080037FE N100 A0 * 01000000,280037FE N100 X0,0.1,0.1,24,21,,,1200,ALT,10,19.6,2580,54,133,201,86,0,12,10,1.6,47.5,-3,13.6,13.8,13.8,5,9,13.5,0,1280,1330,1355,1360,0,0,0,0,0,0,0,FUEL PRESS / NO AOA CAL,
2026-09-02,14:51:18,21:51:18,-07:00,+39.0810227,-114.1002963,274,3DDiff (GPS nav),337878.0,0.0,,-0,-0,-0.02,,36,75,11,175,312,13,16.5,17,-1.04,0.33,0.011,0.999,-0.039,,211,,,,30.07,122.700,118.350 RX,GPS1,,,,,,,,,ENR,,,,,Fail,,,,,,,,,,,,,-12.8,27.7,1681,,,,080037FE N100 A0 * 01000000,280037FE N100 X0,0.1,0.2,26,24,,,1200,ALT,10,19.6,2570,54,133,202,86,0,12,10,1.6,47.4,-3,13.6,13.8,13.8,5,9,13.5,0,1280,1325,1355,1360,0,0,0,0,0,0,0,FUEL PRESS / NO AOA CAL,
2026-09-02,14:51:19,21:51:19,-07:00,+39.0810231,-114.1002966,274,3DDiff (GPS nav),337879.0,0.0,,0,0,-0.07,,36,79,11,174,312,15,15.9,16,-1.04,0.33,0.005,0.986,-0.053,,211,,,,30.07,122.700,118.350 RX,GPS1,,,,,,,,,ENR,,,,,Fail,,,,,,,,,,,,,-12.8,27.7,1681,,,,080037FE N100 A0 * 01000000,280037FE N100 X0,0.1,0.2,22,28,,,1200,ALT,10,19.7,2560,54,134,203,86,0,12,10,1.6,47.4,-3,13.6,13.8,13.8,5,9,13.5,0,1280,1320,1350,1355,0,0,0,0,0,0,0,FUEL PRESS / NO AOA CAL,
2026-09-02,14:51:20,21:51:20,-07:00,+39.0810230,-114.1002969,274,3DDiff (GPS nav),337880.0,0.0,,-0,-0,-0.05,,36,79,11,174,312,10,15.5,16,-1.05,0.41,0.017,0.986,-0.070,,211,,,,30.07,122.700,118.350 RX,GPS1,,,,,,,,,ENR,,,,,Fail,,,,,,,,,,,,,-12.8,27.7,1681,,,,080037FE N100 A0 * 01000000,280037FE N100 X0,0.1,0.2,23,23,,,1200,ALT,9,19.7,2550,54,134,204,86,0,12,10,1.6,47.4,-6,13.6,13.8,13.8,5,9,13.5,0,1280,1315,1345,1355,0,0,0,0,0,0,0,FUEL PRESS / NO AOA CAL,
2026-09-02,14:51:21,21:51:21,-07:00,+39.0810230,-114.1002994,274,3DDiff (GPS nav),337881.0,0.0,,-0,-0,-0.04,,36,79,11,174,311,-7,15.2,16,-1.15,0.44,-0.042,0.985,-0.109,,211,,,,30.07,122.700,118.350 RX,GPS1,,,,,,,,,ENR,,,,,Fail,,,,,,,,,,,,,-12.8,27.7,1681,,,,080037FE N100 A0 * 01000000,280037FE N100 X0,0.2,0.2,25,25,,,1200,ALT,9,19.7,2530,54,134,204,86,0,12,10,1.6,47.4,-3,13.6,13.8,13.8,5,9,13.5,0,1280,1315,1345,1350,0,0,0,0,0,0,0,FUEL PRESS / NO AOA CAL,
2026-09-02,14:51:22,21:51:22,-07:00,+39.0810233,-114.1002988,274,3DDiff (GPS nav),337882.0,0.0,,0,0,-0.06,,36,75,11,176,312,10,15.3,16,-1.13,0.41,-0.012,0.999,-0.137,,211,,,,30.07,122.700,118.350 RX,GPS1,,,,,,,,,ENR,,,,,Fail,,,,,,,,,,,,,-12.8,27.7,1682,,,,080037FE N100 A0 * 01000000,280037FE N100 X0,0.2,0.2,29,24,,,1200,ALT,9,19.5,2550,54,135,205,86,0,12,10,1.6,47.4,-2,13.6,13.8,13.8,5,9,13.5,0,1280,1310,1340,1350,0,0,0,0,0,0,0,FUEL PRESS / NO AOA CAL,
2026-09-02,14:51:23,21:51:23,-07:00,+39.0810231,-114.1003003,275,3DDiff (GPS nav),337883.0,0.0,,0,0,-0.04,,36,75,11,173,312,7,15.4,16,-1.06,0.32,0.016,1.014,-0.150,,211,,,,30.07,122.700,118.350 RX,GPS1,,,,,,,,,ENR,,,,,Fail,,,,,,,,,,,,,-12.8,27.7,1682,,,,080037FE N100 A0 * 01000000,280037FE N100 X0,0.1,0.1,24,23,,,1200,ALT,9,19.3,2520,54,135,206,86,0,12,10,1.5,47.4,-2,13.6,13.8,13.8,5,9,13.5,0,1275,1310,1335,1350,0,0,0,0,0,0,0,FUEL PRESS / NO AOA CAL,
2026-09-02,14:51:24,21:51:24,-07:00,+39.0810227,-114.1003008,275,3DDiff (GPS nav),337884.0,0.0,,-0,-0,0.03,,36,75,11,175,311,-7,15.9,16,-1.00,0.34,0.002,0.994,-0.152,,211,,,,30.07,122.700,118.350 RX,GPS1,,,,,,,,,ENR,,,,,Fail,,,,,,,,,,,,,-12.8,27.7,1681,,,,080037FE N100 A0 * 01000000,280037FE N100 X0,0.1,0.1,28,25,,,1200,ALT,8,19.1,2530,54,135,207,86,0,12,10,1.5,47.4,-1,13.6,13.8,13.8,5,9,13.5,0,1275,1310,1335,1345,0,0,0,0,0,0,0,FUEL PRESS / NO AOA CAL,
2026-09-02,14:51:25,21:51:25,-07:00,+39.0810227,-114.1003011,275,3DDiff (GPS nav),337885.0,0.0,,0,0,0.02,,36,75,11,175,312,11,17.0,17,-1.07,0.39,-0.007,0.992,-0.128,,211,,,,30.07,122.700,118.350 RX,GPS1,,,,,,,,,ENR,,,,,Fail,,,,,,,,,,,,,-12.8,27.7,1681,,,,080037FE N100 A0 * 01000000,280037FE N100 X0,0.2,0.2,23,25,,,1200,ALT,8,19.0,2540,54,136,208,86,0,12,10,1.5,47.4,-1,13.6,13.8,13.8,5,9,13.4,0,1275,1310,1335,1345,0,0,0,0,0,0,0,FUEL PRESS / NO AOA CAL,
2026-09-02,14:51:26,21:51:26,-07:00,+39.0810227,-114.1003016,275,3DDiff (GPS nav),337886.0,0.0,,-0,-0,0.02,,36,79,11,175,312,13,16.8,17,-0.97,0.46,-0.010,1.001,-0.102,,211,,,,30.07,122.700,118.350 RX,GPS1,,,,,,,,,ENR,,,,,Fail,,,,,,,,,,,,,-12.8,27.7,1681,,,,080037FE N100 A0 * 01000000,280037FE N100 X0,0.1,0.2,26,21,,,1200,ALT,8,18.8,2570,54,136,209,86,0,12,10,1.5,47.4,-1,13.6,13.8,13.8,5,9,13.4,0,1275,1310,1335,1345,0,0,0,0,0,0,0,FUEL PRESS / NO AOA CAL,
2026-09-02,14:51:27,21:51:27,-07:00,+39.0810227,-114.1002997,274,3DDiff (GPS nav),337887.0,0.0,,-0,0,0.01,,36,79,11,175,312,7,16.1,16,-0.93,0.42,0.013,0.990,-0.100,,211,,,,30.07,122.700,118.350 RX,GPS1,,,,,,,,,ENR,,,,,Fail,,,,,,,,,,,,,-12.8,27.7,1682,,,,080037FE N100 A0 * 01000000,280037FE N100 X0,0.0,0.2,25,22,,,1200,ALT,7,18.5,2520,54,136,210,86,0,12,10,1.4,47.4,-2,13.6,13.8,13.8,10,9,13.4,0,1275,1310,1335,1345,0,0,0,0,0,0,0,FUEL PRESS / NO AOA CAL,
2026-09-02,14:51:28,21:51:28,-07:00,+39.0810219,-114.1003000,274,3DDiff (GPS nav),337888.0,0.0,,-0,0,0.04,,36,75,11,175,312,7,16.2,17,-0.95,0.43,-0.006,0.971,-0.093,,211,,,,30.07,122.700,118.350 RX,GPS1,,,,,,,,,ENR,,,,,Fail,,,,,,,,,,,,,-12.8,27.7,1682,,,,080037FE N100 A0 * 01000000,280037FE N100 X0,0.0,0.2,24,24,,,1200,ALT,7,18.4,2430,54,137,211,86,0,12,10,1.4,47.4,-4,13.6,13.8,13.8,10,9,13.3,0,1275,1310,1335,1345,0,0,0,0,0,0,0,FUEL PRESS / NO AOA CAL,
2026-09-02,14:51:29,21:51:29,-07:00,+39.0810231,-114.1002992,273,3DDiff (GPS nav),337889.0,0.0,,-0,0,0.02,,36,75,11,175,312,6,16.5,17,-1.03,0.47,-0.006,1.023,-0.068,,211,,,,30.07,122.700,118.350 RX,GPS1,,,,,,,,,ENR,,,,,Fail,,,,,,,,,,,,,-12.8,27.7,1682,,,,080037FE N100 A0 * 01000000,280037FE N100 X0,0.1,0.2,22,23,,,1200,ALT,7,18.4,2430,53,137,211,86,0,12,10,1.4,47.2,-3,13.6,13.8,13.8,10,9,13.1,0,1275,1310,1330,1345,0,0,0,0,0,0,0,FUEL PRESS / NO AOA CAL,
2026-09-02,14:51:30,21:51:30,-07:00,+39.0810231,-114.1002992,273,3DDiff (GPS nav),337890.0,0.1,,-0,0,0.02,,36,75,11,174,312,-11,16.3,17,-0.98,0.48,0.001,0.999,-0.048,,211,,,,30.07,122.700,118.350 RX,GPS1,,,,,,,,,ENR,,,,,Fail,,,,,,,,,,,,,-12.8,27.7,1681,,,,080037FE N100 A0 * 01000000,280037FE N100 X0,0.1,0.3,20,24,,,1200,ALT,7,18.5,2430,53,137,212,86,0,12,10,1.4,47.1,-3,13.6,13.8,13.8,10,9,13.1,0,1280,1310,1330,1345,0,0,0,0,0,0,0,FUEL PRESS / NO AOA CAL,
2026-09-02,14:51:31,21:51:31,-07:00,+39.0810233,-114.1002992,273,3DDiff (GPS nav),337891.0,0.1,,-0,0,0.02,,36,75,11,175,312,-11,16.3,17,-0.88,0.52,0.002,0.990,-0.034,,211,,,,30.07,122.700 RX,118.350 RX,GPS1,,,,,,,,,ENR,,,,,Fail,,,,,,,,,,,,,-12.8,27.7,1681,,,,080037FE N100 A0 * 01000000,280037FE N100 X0,0.0,0.3,23,23,,,1200,ALT,7,18.5,2450,53,138,212,86,0,12,10,1.4,47.2,-2,13.6,13.8,13.8,11,9,13.2,0,1280,1310,1325,1345,0,0,0,0,0,0,0,FUEL PRESS / NO AOA CAL,
2026-09-02,14:51:32,21:51:32,-07:00,+39.0810311,-114.1002980,282,3DDiff (GPS nav),337892.0,0.0,,0,0,-0.06,,36,69,12,174,312,-6,16.2,16,-0.88,0.49,0.031,1.001,-0.029,,211,,,,30.07,122.700 RX,118.350 RX,GPS1,,,,,,,,,ENR,,,,,Fail,,,,,,,,,,,,,-12.8,27.7,1681,,,,080037FE N100 A0 * 01000000,280037FE N100 X0,0.0,0.3,30,22,,,1200,ALT,7,18.5,2450,53,138,212,86,0,12,10,1.4,47.3,-2,13.6,13.8,13.8,11,9,13.3,0,1280,1310,1320,1345,0,0,0,0,0,0,0,FUEL PRESS / NO AOA CAL,
2026-09-02,14:51:33,21:51:33,-07:00,+39.0810305,-114.1003003,282,3DDiff (GPS nav),337893.0,0.0,,0,0,0.01,,36,69,12,175,312,-1,15.8,16,-0.90,0.58,-0.026,0.992,-0.047,,211,,,,30.07,122.700 RX,118.350 RX,GPS1,,,,,,,,,ENR,,,,,Fail,,,,,,,,,,,,,-12.8,27.7,1682,,,,080037FE N100 A0 * 01000000,280037FE N100 X0,0.0,0.3,23,24,,,1200,ALT,6,18.3,2370,53,139,211,86,0,12,10,1.3,47.4,-2,13.6,13.8,13.8,11,9,13.3,0,1275,1310,1320,1345,0,0,0,0,0,0,0,FUEL PRESS / NO AOA CAL,
2026-09-02,14:51:34,21:51:34,-07:00,+39.0810330,-114.1003005,285,3DDiff (GPS nav),337894.0,0.0,,0,0,0.07,,36,69,12,176,313,19,16.2,17,-0.81,0.49,0.003,1.000,-0.054,,211,,,,30.07,122.700 RX,118.350 RX,GPS1,,,,,,,,,ENR,,,,,Fail,,,,,,,,,,,,,-12.8,27.7,1683,,,,080037FE N100 A0 * 01000000,280037FE N100 X0,0.1,0.2,22,24,,,1200,ALT,6,18.2,2330,53,139,210,86,0,12,10,1.3,47.5,-2,13.6,13.8,13.8,11,9,13.3,0,1275,1315,1315,1340,0,0,0,0,0,0,0,FUEL PRESS / NO AOA CAL,
2026-09-02,14:51:35,21:51:35,-07:00,+39.0810333,-114.1003011,286,3DDiff (GPS nav),337895.0,0.0,,0,0,-0.08,,36,69,12,176,313,23,16.3,17,-0.91,0.43,0.020,0.994,-0.049,,211,,,,30.07,122.700 RX,118.350 RX,GPS1,,,,,,,,,ENR,,,,,Fail,,,,,,,,,,,,,-12.8,27.7,1684,,,,080037FE N100 A0 * 01000000,280037FE N100 X0,0.0,0.2,28,23,,,1200,ALT,6,18.1,2330,53,139,210,86,0,12,10,1.3,47.5,-2,13.6,13.8,13.8,11,9,13.3,0,1275,1315,1315,1335,0,0,0,0,0,0,0,FUEL PRESS / NO AOA CAL,
2026-09-02,14:51:36,21:51:36,-07:00,+39.0810344,-114.1003013,288,3DDiff (GPS nav),337896.0,0.0,,-0,-0,0.01,,36,69,12,174,313,9,15.8,16,-0.90,0.42,-0.020,1.000,-0.049,,211,,,,30.07,122.700,118.350 RX,GPS1,,,,,,,,,ENR,,,,,Fail,,,,,,,,,,,,,-12.8,27.7,1684,,,,080037FE N100 A0 * 01000000,280037FE N100 X0,0.0,0.2,28,24,,,1200,ALT,6,18.1,2330,53,139,210,86,0,12,10,1.3,47.5,-1,13.6,13.8,13.8,11,9,13.3,0,1280,1315,1310,1335,0,0,0,0,0,0,0,FUEL PRESS / NO AOA CAL,
2026-09-02,14:51:37,21:51:37,-07:00,+39.0810358,-114.1003011,289,3DDiff (GPS nav),337897.0,0.0,,-0,-0,-0.01,,36,69,12,175,312,-5,15.4,16,-0.99,0.41,0.000,1.009,-0.060,,211,,,,30.07,122.700,118.350 RX,GPS1,,,,,,,,,ENR,,,,,Fail,,,,,,,,,,,,,-12.8,27.7,1684,,,,080037FE N100 A0 * 01000000,280037FE N100 X0,0.1,0.2,22,24,,,1200,ALT,6,18.1,2340,53,140,209,86,0,12,10,1.3,47.4,-2,13.6,13.8,13.8,11,9,13.3,0,1280,1320,1310,1335,0,0,0,0,0,0,0,FUEL PRESS / NO AOA CAL,
2026-09-02,14:51:38,21:51:38,-07:00,+39.0810366,-114.1003013,291,3DDiff (GPS nav),337898.0,0.0,,-0,0,0.02,,36,69,12,175,312,-11,15.5,16,-1.04,0.33,-0.001,0.996,-0.076,,211,,,,30.07,122.700,118.350 RX,GPS1,,,,,,,,,ENR,,,,,Fail,,,,,,,,,,,,,-12.8,27.7,1684,,,,080037FE N100 A0 * 01000000,280037FE N100 X0,0.1,0.1,29,22,,,1200,ALT,5,18.0,2160,52,140,209,86,0,12,10,1.2,47.4,-2,13.6,13.8,13.8,11,9,13.3,0,1280,1320,1310,1330,0,0,0,0,0,0,0,FUEL PRESS / NO AOA CAL,
2026-09-02,14:51:39,21:51:39,-07:00,+39.0810372,-114.1002988,291,3DDiff (GPS nav),337899.0,0.0,,0,0,0.04,,36,69,12,175,312,-10,15.9,16,-1.00,0.39,-0.004,1.019,-0.085,,211,,,,30.07,122.700,118.350 RX,GPS1,,,,,,,,,ENR,,,,,Fail,,,,,,,,,,,,,-12.8,27.7,1684,,,,080037FE N100 A0 * 01000000,280037FE N100 X0,0.1,0.1,24,22,,,1200,ALT,6,18.4,2090,52,141,209,86,0,12,10,1.2,47.4,-3,13.6,13.8,13.8,11,9,13.3,0,1280,1320,1305,1325,0,0,0,0,0,0,0,FUEL PRESS / NO AOA CAL,
2026-09-02,14:51:40,21:51:40,-07:00,+39.0810358,-114.1002988,290,3DDiff (GPS nav),337900.0,0.0,,0,0,0.00,,36,69,12,175,312,-2,16.2,17,-0.94,0.41,-0.000,1.021,-0.081,,211,,,,30.07,122.700,118.350 RX,GPS1,,,,,,,,,ENR,,,,,Fail,,,,,,,,,,,,,-12.8,27.7,1685,,,,080037FE N100 A0 * 01000000,280037FE N100 X0,0.0,0.1,30,20,,,1200,ALT,6,18.7,2220,52,141,209,86,0,12,10,1.2,47.4,-2,13.6,13.8,13.8,11,9,13.4,0,1280,1315,1295,1320,0,0,0,0,0,0,0,FUEL PRESS / NO AOA CAL,
2026-09-02,14:51:41,21:51:41,-07:00,+39.0810360,-114.1002977,290,3DDiff (GPS nav),337901.0,0.0,,0,0,0.03,,36,69,12,175,312,2,16.5,17,-0.93,0.45,-0.009,1.001,-0.074,,211,,,,30.07,122.700,118.350 RX,GPS1,,,,,,,,,ENR,,,,,Fail,,,,,,,,,,,,,-12.8,27.7,1685,,,,080037FE N100 A0 * 01000000,280037FE N100 X0,0.0,0.2,24,17,,,1200,ALT,6,18.7,2150,52,141,210,86,0,12,10,1.2,47.4,-2,13.6,13.8,13.8,11,9,13.4,0,1280,1310,1290,1320,0,0,0,0,0,0,0,FUEL PRESS / NO AOA CAL,
2026-09-02,14:51:42,21:51:42,-07:00,+39.0810364,-114.1002977,290,3DDiff (GPS nav),337902.0,0.0,,0,0,0.07,,36,69,12,174,312,-6,16.6,17,-0.93,0.44,-0.002,1.005,-0.066,,211,,,,30.07,122.700,118.350 RX,GPS1,,,,,,,,,ENR,,,,,Fail,,,,,,,,,,,,,-12.8,27.7,1685,,,,080037FE N100 A0 * 01000000,280037FE N100 X0,0.0,0.2,25,19,,,1200,ALT,6,18.7,2120,51,142,210,86,0,12,10,1.2,47.4,-2,13.6,13.8,13.8,11,9,13.4,0,1280,1310,1285,1320,0,0,0,0,0,0,0,FUEL PRESS / NO AOA CAL,
2026-09-02,14:51:43,21:51:43,-07:00,+39.0810366,-114.1002975,291,3DDiff (GPS nav),337903.0,0.0,,-0,0,0.10,,36,69,12,174,312,-8,16.7,17,-0.76,0.48,-0.000,0.995,-0.059,,211,,,,30.07,122.700,118.350 RX,GPS1,,,,,,,,,ENR,,,,,Fail,,,,,,,,,,,,,-12.8,27.8,1685,,,,080037FE N100 A0 * 01000000,280037FE N100 X0,0.1,0.2,21,19,,,1200,ALT,6,18.9,2110,51,142,211,86,0,12,10,1.2,47.4,-2,13.6,13.8,13.8,11,9,13.4,0,1280,1310,1280,1315,0,0,0,0,0,0,0,FUEL PRESS / NO AOA CAL,
2026-09-02,14:51:44,21:51:44,-07:00,+39.0810366,-114.1002969,291,3DDiff (GPS nav),337904.0,0.0,,-0,0,0.02,,36,69,12,173,311,-14,16.5,17,-0.80,0.43,-0.021,0.986,-0.054,,211,,,,30.07,122.700,118.350 RX,GPS1,,,,,,,,,ENR,,,,,Fail,,,,,,,,,,,,,-12.8,27.8,1685,,,,080037FE N100 A0 * 01000000,280037FE N100 X0,0.1,0.2,19,17,,,1200,ALT,6,19.0,2170,51,143,212,86,0,12,10,1.2,47.4,-2,13.6,13.8,13.8,5,9,13.4,0,1280,1305,1275,1315,0,0,0,0,0,0,0,FUEL PRESS / NO AOA CAL,
2026-09-02,14:51:45,21:51:45,-07:00,+39.0810222,-114.1003011,274,3DDiff (GPS nav),337905.0,0.1,,-0,-0,0.04,,36,79,11,174,311,-20,16.5,17,-0.85,0.54,-0.007,0.999,-0.055,,211,,,,30.07,122.700,118.350 RX,GPS1,,,,,,,,,ENR,,,,,Fail,,,,,,,,,,,,,-12.8,27.8,1685,,,,080037FE N100 A0 * 01000000,280037FE N100 X0,0.0,0.3,30,19,,,1200,ALT,5,18.8,2120,51,143,213,86,0,12,10,1.2,47.4,-3,13.6,13.8,13.8,5,9,13.4,0,1280,1305,1275,1315,0,0,0,0,0,0,0,FUEL PRESS / NO AOA CAL,
2026-09-02,14:51:46,21:51:46,-07:00,+39.0810236,-114.1003008,274,3DDiff (GPS nav),337906.0,0.0,,-0,-0,-0.06,,36,75,11,174,311,-4,16.8,17,-0.82,0.52,-0.017,0.996,-0.040,,211,,,,30.07,122.700,118.350 RX,GPS1,,,,,,,,,ENR,,,,,Fail,,,,,,,,,,,,,-12.8,27.8,1685,,,,080037FE N100 A0 * 01000000,280037FE N100 X0,0.0,0.3,41,45,,,1200,ALT,6,19.0,1990,51,143,214,86,0,12,10,1.2,47.4,-1,13.6,13.8,13.8,5,9,13.4,0,1280,1300,1270,1310,0,0,0,0,0,0,0,FUEL PRESS / NO AOA CAL,
2026-09-02,14:51:47,21:51:47,-07:00,+39.0810241,-114.1003019,274,3DDiff (GPS nav),337907.0,0.0,,-0,0,0.06,,36,75,11,174,311,-1,16.8,17,-0.89,0.46,0.001,0.992,-0.022,,211,,,,30.07,122.700,118.350,GPS1,,,,,,,,,ENR,,,,,Fail,,,,,,,,,,,,,-12.8,27.8,1686,,,,080037FE N100 A0 * 01000000,280037FE N100 X0,0.0,0.2,28,36,,,1200,ALT,6,19.4,2090,51,143,215,86,0,12,10,1.2,47.3,-1,13.6,13.8,13.8,5,9,13.4,0,1275,1295,1265,1310,0,0,0,0,0,0,0,FUEL PRESS / NO AOA CAL,
2026-09-02,14:51:48,21:51:48,-07:00,+39.0810241,-114.1003022,274,3DDiff (GPS nav),337908.0,0.1,,0,-0,-0.04,,36,75,11,174,311,4,16.9,17,-0.89,0.57,-0.006,1.012,-0.003,,211,,,,30.07,122.700,118.350,GPS1,,,,,,,,,ENR,,,,,Fail,,,,,,,,,,,,,-12.8,27.8,1686,,,,080037FE N100 A0 * 01000000,280037FE N100 X0,0.0,0.3,22,23,,,1200,ALT,6,19.3,2190,51,144,215,86,0,12,10,1.2,47.3,-2,13.6,13.8,13.8,5,9,13.4,0,1270,1295,1265,1305,0,0,0,0,0,0,0,FUEL PRESS / NO AOA CAL,
2026-09-02,14:51:49,21:51:49,-07:00,+39.0810244,-114.1003019,274,3DDiff (GPS nav),337909.0,0.0,,-0,-0,-0.03,,36,75,11,174,311,-3,16.6,17,-0.95,0.49,0.001,0.986,+0.011,,211,,,,30.07,122.700,118.350,GPS1,,,,,,,,,ENR,,,,,Fail,,,,,,,,,,,,,-12.8,27.8,1686,,,,080037FE N100 A0 * 01000000,280037FE N100 X0,0.1,0.2,31,21,,,1200,ALT,6,18.9,2100,51,144,216,86,0,12,10,1.2,47.4,-3,13.6,13.8,13.8,5,9,13.4,0,1275,1300,1265,1305,0,0,0,0,0,0,0,FUEL PRESS / NO AOA CAL,
2026-09-02,14:51:50,21:51:50,-07:00,+39.0810244,-114.1003022,274,3DDiff (GPS nav),337910.0,0.0,,-0,-0,0.02,,36,75,11,174,311,-7,16.2,16,-0.89,0.46,-0.031,0.999,-0.002,,211,,,,30.07,122.700,118.350 RX,GPS1,,,,,,,,,ENR,,,,,Fail,,,,,,,,,,,,,-12.8,27.8,1686,,,,080037FE N100 A0 * 01000000,280037FE N100 X0,0.0,0.2,31,24,,,1200,ALT,6,18.9,2060,51,144,216,86,0,12,10,1.2,47.4,-4,13.6,13.8,13.8,5,9,13.4,0,1275,1300,1265,1305,0,0,0,0,0,0,0,FUEL PRESS / NO AOA CAL,
2026-09-02,14:51:51,21:51:51,-07:00,+39.0810246,-114.1003000,273,3DDiff (GPS nav),337911.0,0.0,,-0,0,0.10,,36,79,11,174,311,-10,16.1,17,-0.95,0.43,0.001,0.996,-0.011,,211,,,,30.07,122.700,118.350 RX,GPS1,,,,,,,,,ENR,,,,,Fail,,,,,,,,,,,,,-12.8,27.8,1686,,,,080037FE N100 A0 * 01000000,280037FE N100 X0,0.1,0.2,24,20,,,1200,ALT,6,18.9,2130,51,144,216,86,0,12,10,1.2,47.4,-3,13.6,13.8,13.8,5,9,13.4,0,1275,1300,1260,1305,0,0,0,0,0,0,0,FUEL PRESS / NO AOA CAL,
2026-09-02,14:51:52,21:51:52,-07:00,+39.0810227,-114.1002999,273,3DDiff (GPS nav),337912.0,0.0,,0,-0,-0.06,,36,75,11,174,311,-3,16.3,17,-0.97,0.46,-0.024,1.012,-0.006,,211,,,,30.07,122.700,118.350 RX,GPS1,,,,,,,,,ENR,,,,,Fail,,,,,,,,,,,,,-12.8,27.8,1686,,,,080037FE N100 A0 * 01000000,280037FE N100 X0,0.1,0.2,30,20,,,1200,ALT,6,18.9,2120,51,145,216,86,0,12,10,1.2,47.4,-2,13.6,13.8,13.8,5,9,13.4,0,1275,1300,1260,1305,0,0,0,0,0,0,0,FUEL PRESS / NO AOA CAL,
2026-09-02,14:51:53,21:51:53,-07:00,+39.0810233,-114.1002983,272,3DDiff (GPS nav),337913.1,0.0,,0,0,-0.04,,36,75,11,173,311,2,16.6,17,-0.91,0.44,-0.013,1.002,+0.008,,211,,,,30.07,122.700,118.350 RX,GPS1,,,,,,,,,ENR,,,,,Fail,,,,,,,,,,,,,-12.8,27.8,1687,,,,080037FE N100 A0 * 01000000,280037FE N100 X0,0.1,0.2,27,15,,,1200,ALT,6,18.8,2090,51,145,217,86,0,12,10,1.2,47.4,-3,13.6,13.8,13.8,5,9,13.4,0,1275,1300,1260,1305,0,0,0,0,0,0,0,FUEL PRESS / NO AOA CAL,
2026-09-02,14:51:54,21:51:54,-07:00,+39.0810233,-114.1002982,272,3DDiff (GPS nav),337914.1,0.0,,0,-0,-0.10,,36,75,11,175,311,5,16.7,17,-0.94,0.46,-0.010,1.000,+0.017,,211,,,,30.07,122.700,118.350 RX,GPS1,,,,,,,,,ENR,,,,,Fail,,,,,,,,,,,,,-12.8,27.8,1687,,,,080037FE N100 A0 * 01000000,280037FE N100 X0,0.1,0.2,45,38,,,1200,ALT,6,18.9,2020,51,145,217,86,0,12,10,1.2,47.4,-2,13.6,13.8,13.8,5,9,13.4,0,1275,1295,1260,1305,0,0,0,0,0,0,0,FUEL PRESS / NO AOA CAL,
2026-09-02,14:51:55,21:51:55,-07:00,+39.0810236,-114.1002980,272,3DDiff (GPS nav),337915.1,0.0,,-0,0,0.04,,36,75,11,175,312,12,16.9,17,-0.89,0.41,0.003,0.992,+0.031,,211,,,,30.07,122.700,118.350 RX,GPS1,,,,,,,,,ENR,,,,,Fail,,,,,,,,,,,,,-12.8,27.8,1688,,,,080037FE N100 A0 * 01000000,280037FE N100 X0,0.0,0.2,49,43,,,1200,ALT,6,19.3,1930,51,145,217,86,0,12,10,1.2,47.4,-1,13.6,13.8,13.8,6,9,13.4,0,1270,1290,1260,1300,0,0,0,0,0,0,0,FUEL PRESS / NO AOA CAL,
2026-09-02,14:51:56,21:51:56,-07:00,+39.0810236,-114.1002977,272,3DDiff (GPS nav),337916.0,0.0,,0,0,-0.01,,36,75,11,174,312,10,16.9,17,-0.92,0.34,0.004,0.994,+0.044,,211,,,,30.07,122.700,118.350 RX,GPS1,,,,,,,,,ENR,,,,,Fail,,,,,,,,,,,,,-12.8,27.8,1688,,,,080037FE N100 A0 * 01000000,280037FE N100 X0,0.0,0.1,37,42,,,1200,ALT,6,19.7,1970,50,146,217,87,0,12,10,1.2,47.4,-1,13.6,13.8,13.8,6,9,13.4,0,1260,1280,1255,1300,0,0,0,0,0,0,0,FUEL PRESS / NO AOA CAL,
2026-09-02,14:51:57,21:51:57,-07:00,+39.0810236,-114.1002997,272,3DDiff (GPS nav),337917.0,0.0,,-0,-0,0.02,,36,79,11,175,312,11,17.0,17,-0.95,0.27,0.018,1.001,+0.056,,211,,,,30.07,122.700,118.350 RX,GPS1,,,,,,,,,ENR,,,,,Fail,,,,,,,,,,,,,-12.8,27.8,1688,,,,080037FE N100 A0 * 01000000,280037FE N100 X0,0.1,0.0,28,18,,,1200,ALT,6,19.7,2100,50,146,217,87,0,12,10,1.2,47.4,-2,13.6,13.8,13.8,6,9,13.4,0,1255,1280,1255,1300,0,0,0,0,0,0,0,FUEL PRESS / NO AOA CAL,
2026-09-02,14:51:58,21:51:58,-07:00,+39.0810255,-114.1002994,273,3DDiff (GPS nav),337918.1,0.0,,0,0,0.06,,36,75,11,175,312,13,17.1,18,-0.97,0.34,-0.009,0.995,+0.067,,211,,,,30.07,122.700,118.350 RX,GPS1,,,,,,,,,ENR,,,,,Fail,,,,,,,,,,,,,-12.8,27.8,1689,,,,080037FE N100 A0 * 01000000,280037FE N100 X0,0.1,0.1,25,22,,,1200,ALT,5,19.3,2120,50,146,217,87,0,12,10,1.2,47.4,-2,13.6,13.8,13.8,8,9,13.4,0,1260,1280,1250,1300,0,0,0,0,0,0,0,FUEL PRESS / NO AOA CAL,
2026-09-02,14:51:59,21:51:59,-07:00,+39.0810252,-114.1003003,273,3DDiff (GPS nav),337919.1,0.0,,0,0,0.01,,36,75,11,174,312,2,17.2,18,-1.00,0.33,-0.013,1.000,+0.075,,211,,,,30.07,122.700,118.350 RX,GPS1,,,,,,,,,ENR,,,,,Fail,,,,,,,,,,,,,-12.8,27.8,1688,,,,080037FE N100 A0 * 01000000,280037FE N100 X0,0.1,0.1,28,23,,,1200,ALT,5,18.8,2160,50,146,218,87,0,12,10,1.2,47.4,-2,13.6,13.8,13.8,9,9,13.4,0,1265,1290,1250,1300,0,0,0,0,0,0,0,FUEL PRESS / NO AOA CAL,
2026-09-02,14:52:00,21:52:00,-07:00,+39.0810252,-114.1003005,273,3DDiff (GPS nav),337920.1,0.0,,-0,-0,-0.07,,36,75,11,174,311,-12,17.2,17,-0.89,0.42,-0.013,0.991,+0.075,,211,,,,30.07,122.700,118.350 RX,GPS1,,,,,,,,,ENR,,,,,Fail,,,,,,,,,,,,,-12.8,27.8,1688,,,,080037FE N100 A0 * 01000000,280037FE N100 X0,0.1,0.1,22,17,,,1200,ALT,5,18.5,2150,51,146,218,87,0,12,10,1.2,47.4,-2,13.6,13.8,13.8,9,9,13.4,0,1270,1295,1255,1300,0,0,0,0,0,0,0,FUEL PRESS / NO AOA CAL,
2026-09-02,14:52:01,21:52:01,-07:00,+39.0810255,-114.1003005,273,3DDiff (GPS nav),337921.0,0.0,,0,-0,-0.04,,36,75,11,175,311,-9,17.0,17,-0.86,0.47,-0.007,0.996,+0.066,,211,,,,30.07,122.700,118.350 RX,GPS1,,,,,,,,,ENR,,,,,Fail,,,,,,,,,,,,,-12.8,27.8,1688,,,,080037FE N100 A0 * 01000000,280037FE N100 X0,0.0,0.2,23,21,,,1200,ALT,5,18.4,2080,51,147,218,87,0,12,10,1.2,47.4,-3,13.6,13.8,13.8,9,9,13.4,0,1270,1300,1255,1300,0,0,0,0,0,0,0,FUEL PRESS / NO AOA CAL,
2026-09-02,14:52:02,21:52:02,-07:00,+39.0810255,-114.1003005,273,3DDiff (GPS nav),337922.0,0.0,,0,0,0.08,,36,75,11,175,312,9,17.1,17,-0.89,0.45,-0.003,1.008,+0.069,,211,,,,30.07,122.700,118.350 RX,GPS1,,,,,,,,,ENR,,,,,Fail,,,,,,,,,,,,,-12.8,27.8,1690,,,,080037FE N100 A0 * 01000000,280037FE N100 X0,0.0,0.1,23,22,,,1200,ALT,5,18.4,2080,51,147,218,87,0,12,10,1.2,47.4,-3,13.6,13.8,13.8,10,9,13.4,0,1270,1300,1255,1300,0,0,0,0,0,0,0,FUEL PRESS / NO AOA CAL,
2026-09-02,14:52:03,21:52:03,-07:00,+39.0810258,-114.1002986,273,3DDiff (GPS nav),337923.0,0.0,,-0,0,-0.01,,36,79,11,174,312,11,17.0,17,-0.86,0.42,-0.013,0.990,+0.069,,211,,,,30.07,122.700,118.350 RX,GPS1,,,,,,,,,ENR,,,,,Fail,,,,,,,,,,,,,-12.8,27.8,1690,,,,080037FE N100 A0 * 01000000,280037FE N100 X0,0.1,0.1,41,41,,,1200,ALT,5,18.5,1990,51,147,218,87,0,12,10,1.2,47.4,-3,13.6,13.8,13.8,10,9,13.4,0,1270,1295,1255,1300,0,0,0,0,0,0,0,FUEL PRESS / NO AOA CAL,
2026-09-02,14:52:04,21:52:04,-07:00,+39.0810244,-114.1002986,272,3DDiff (GPS nav),337924.1,0.0,,-0,0,-0.02,,36,75,11,174,312,-3,16.8,17,-0.88,0.33,0.003,1.005,+0.064,,211,,,,30.07,122.700,118.350 RX,GPS1,,,,,,,,,ENR,,,,,Fail,,,,,,,,,,,,,-12.8,27.8,1690,,,,080037FE N100 A0 * 01000000,280037FE N100 X0,0.1,0.0,49,35,,,1200,ALT,5,18.9,1880,50,147,217,87,0,12,10,1.2,47.4,-2,13.6,13.8,13.8,10,9,13.4,0,1265,1290,1255,1300,0,0,0,0,0,0,0,FUEL PRESS / NO AOA CAL,
2026-09-02,14:52:05,21:52:05,-07:00,+39.0810238,-114.1002977,272,3DDiff (GPS nav),337925.1,0.0,,0,-0,-0.12,,36,75,11,174,311,-15,16.5,17,-0.85,0.35,-0.011,0.992,+0.049,,211,,,,30.07,122.700,118.350 RX,GPS1,,,,,,,,,ENR,,,,,Fail,,,,,,,,,,,,,-12.8,27.8,1690,,,,080037FE N100 A0 * 01000000,280037FE N100 X0,0.0,0.1,43,33,,,1200,ALT,5,19.4,1870,50,147,216,87,0,12,10,1.2,47.4,-2,13.6,13.8,13.8,11,9,13.4,0,1260,1280,1250,1300,0,0,0,0,0,0,0,FUEL PRESS / NO AOA CAL,
2026-09-02,14:52:06,21:52:06,-07:00,+39.0810238,-114.1002977,272,3DDiff (GPS nav),337926.1,0.0,,0,-0,0.00,,36,75,11,174,311,-14,16.3,17,-0.89,0.36,-0.020,0.988,+0.034,,211,,,,30.07,122.700,118.350 RX,GPS1,,,,,,,,,ENR,,,,,Fail,,,,,,,,,,,,,-12.8,27.8,1690,,,,080037FE N100 A0 * 01000000,280037FE N100 X0,0.1,0.1,42,35,,,1200,ALT,5,19.7,1850,50,148,216,87,0,12,10,1.2,47.4,-2,13.6,13.8,13.8,10,9,13.4,0,1255,1275,1250,1295,0,0,0,0,0,0,0,FUEL PRESS / NO AOA CAL,
2026-09-02,14:52:07,21:52:07,-07:00,+39.0810236,-114.1002977,272,3DDiff (GPS nav),337927.1,0.0,,0,-0,-0.01,,36,75,11,174,311,-5,16.1,17,-0.89,0.42,0.001,0.989,+0.028,,211,,,,30.07,122.700,118.350 RX,GPS1,,,,,,,,,ENR,,,,,Fail,,,,,,,,,,,,,-12.8,27.8,1690,,,,080037FE N100 A0 * 01000000,280037FE N100 X0,0.1,0.1,39,39,,,1200,ALT,5,19.9,1860,49,148,215,87,0,12,10,1.2,47.4,-2,13.6,13.8,13.8,10,9,13.4,0,1250,1275,1250,1295,0,0,0,0,0,0,0,FUEL PRESS / NO AOA CAL,
2026-09-02,14:52:08,21:52:08,-07:00,+39.0810236,-114.1002975,272,3DDiff (GPS nav),337928.0,0.0,,-0,0,-0.02,,36,75,11,174,311,-1,16.1,17,-0.94,0.45,0.020,0.999,+0.028,,211,,,,30.07,122.700,118.350 RX,GPS1,,,,,,,,,ENR,,,,,Fail,,,,,,,,,,,,,-12.8,27.8,1690,,,,080037FE N100 A0 * 01000000,280037FE N100 X0,0.1,0.2,48,40,,,1200,ALT,5,20.0,1860,49,148,214,87,0,12,10,1.2,47.3,-2,13.6,13.8,13.8,10,9,13.4,0,1250,1270,1250,1295,0,0,0,0,0,0,0,FUEL PRESS / NO AOA CAL,
2026-09-02,14:52:09,21:52:09,-07:00,+39.0810236,-114.1002997,272,3DDiff (GPS nav),337929.0,0.0,,0,0,-0.05,,36,75,11,174,311,-1,16.3,17,-0.91,0.45,-0.037,0.998,+0.030,,211,,,,30.07,122.700,118.350 RX,GPS1,,,,,,,,,ENR,,,,,Fail,,,,,,,,,,,,,-12.8,27.8,1691,,,,080037FE N100 A0 * 01000000,280037FE N100 X0,0.1,0.2,37,34,,,1200,ALT,5,20.0,1880,49,148,214,87,0,12,10,1.2,47.3,-2,13.6,13.8,13.8,10,9,13.4,0,1245,1270,1245,1295,0,0,0,0,0,0,0,FUEL PRESS / NO AOA CAL,
2026-09-02,14:52:10,21:52:10,-07:00,+39.0810250,-114.1003000,274,3DDiff (GPS nav),337930.0,0.0,,0,-0,0.01,,36,75,11,174,311,-1,16.5,17,-0.96,0.45,-0.008,0.986,+0.030,,211,,,,30.07,122.700,118.350 RX,GPS1,,,,,,,,,ENR,,,,,Fail,,,,,,,,,,,,,-12.8,27.8,1691,,,,080037FE N100 A0 * 01000000,280037FE N100 X0,0.2,0.2,45,35,,,1200,ALT,5,20.0,1890,49,149,214,87,0,12,10,1.2,47.3,-2,13.6,13.8,13.8,6,9,13.4,0,1245,1265,1245,1295,0,0,0,0,0,0,0,FUEL PRESS / NO AOA CAL,
2026-09-02,14:52:11,21:52:11,-07:00,+39.0810252,-114.1003005,274,3DDiff (GPS nav),337931.1,0.0,,-0,0,-0.11,,36,75,11,174,311,-3,16.4,17,-0.92,0.43,-0.047,1.009,+0.029,,211,,,,30.07,122.700,118.350 RX,GPS1,,,,,,,,,ENR,,,,,Fail,,,,,,,,,,,,,-12.8,27.8,1691,,,,080037FE N100 A0 * 01000000,280037FE N100 X0,0.2,0.2,86,52,,,1200,ALT,,19.9,1960,49,149,213,87,0,12,10,1.2,47.3,-3,13.5,13.8,13.8,5,7,13.4,0,1245,1265,1245,1295,0,0,0,0,0,0,0,FUEL PRESS / NO AOA CAL,
