#airframe_info, log_version="1.03", log_content_version="1.02", Product="GIFD", airframe_name="Cirrus SF50", unit_software_part_number="006-B1177-7Q", unit_software_version="21.45", system_software_part_number="", system_id="000000000", mode=NORMAL, flightstream_header="000000000_0000", 
#yyy-mm-dd, hh:mm:ss,   hh:mm,  ident,      degrees,      degrees,      ft,  inch,  ft msl, deg C,     kt,     kt,     fpm,    deg,    deg,      G,      G,   deg,   deg, volts, volts,  amps,  amps,   gals,   gals,      gph,   deg F,     psi,     Hg,    rpm,       %,  ft lbs,       %,   deg C,       %,       %,      gph,     Hg,    rpm,  ft lbs,       %,   deg C,  ft wgs,  kt, enum,    deg,    MHz,    MHz,     MHz,     MHz,    fsd,    fsd,     kt,    deg,     nm,    deg,    deg,   bool,  enum,   enum,   deg,   deg,   fpm,   enum,   mt,    mt,     mt,    mt,     mt
  Lcl Date, Lcl Time, UTCOfst, AtvWpt,     Latitude,    Longitude,  AltInd, BaroA,  AltMSL,   OAT,    IAS, GndSpd,    VSpd,  Pitch,   Roll,  LatAc, NormAc,   HDG,   TRK, volt1, volt2,  amp1,  amp2,  FQtyL,  FQtyR, E1 FFlow, E1 OilT, E1 OilP, E1 MAP, E1 RPM, E1 %Pwr, E1 Torq,   E1 NG,  E1 ITT,   E1 N1,   E1 N2, E2 FFlow, E2 MAP, E2 RPM, E2 Torq,   E2 NG,  E2 ITT,  AltGPS, TAS, HSIS,    CRS,   NAV1,   NAV2,    COM1,    COM2,   HCDI,   VCDI, WndSpd,  WndDr, WptDst, WptBrg, MagVar, AfcsOn, RollM, PitchM, RollC, PichC, VSpdG, GPSfix,  HAL,   VAL, HPLwas, HPLfd, VPLwas
2024-08-10, 11:05:36,  -05:00, MANSEQ,   41.4235445, -108.3337287,  9221.3, 30.29,  9479.4,  17.0, 160.88, 189.78, 1515.60,   6.06,  -1.70,   0.00,   0.03, 271.1, 268.6,  27.8,  28.8,   4.5,  -1.1, 142.28, 143.36,    88.78,  187.72,   76.17,       ,       ,        ,        ,        ,  756.75,    0.93,    0.94,         ,       ,       ,        ,        ,        ,  9423.7, 190,  GPS,  350.0, 110.10, 110.10, 126.100, 121.800, 6887.837,       ,   3.12,   34.3,    5.0,       ,    7.5,      1,   HDG,    PIT,  -1.9,   6.3, 1736.2, 3DDiff, 1852,      ,      9,  13.0,     16
2024-08-10, 11:05:37,  -05:00, MANSEQ,   41.4236322, -108.3348502,  9248.3, 30.29,  9510.0,  17.0, 160.33, 189.19, 1566.90,   6.23,  -1.81,  -0.00,   0.00, 270.9, 268.4,  27.8,  28.8,   4.5,  -1.1, 142.29, 143.35,    88.51,  187.73,   75.99,       ,       ,        ,        ,        ,  756.75,    0.93,    0.94,         ,       ,       ,        ,        ,        ,  9454.3, 189,  GPS,  350.0, 110.10, 110.10, 126.100, 121.800, 6887.837,       ,   3.47,   31.0,    5.0,       ,    7.5,      1,   HDG, FLCIAS,  -1.8,   6.2, 1822.8, 3DDiff, 1852,      ,      9,  13.0,     16
2024-08-10, 11:05:38,  -05:00, MANSEQ,   41.4237200, -108.3359717,  9276.3, 30.29,  9541.8,  17.0, 159.87, 188.59, 1640.41,   6.17,  -1.60,  -0.00,  -0.04, 270.8, 268.2,  27.8,  28.8,   4.5,  -1.2, 142.27, 143.37,    88.10,  187.78,   76.05,       ,       ,        ,        ,        ,  757.12,    0.93,    0.94,         ,       ,       ,        ,        ,        ,  9486.1, 189,  GPS,  350.0, 110.10, 110.10, 126.100, 121.800, 6887.837,       ,   3.82,   28.2,    5.0,       ,    7.5,      1,   HDG, FLCIAS,  -1.6,   5.9, 1874.0, 3DDiff, 1852,      ,      9,  12.5,     16
2024-08-10, 11:05:39,  -05:00, MANSEQ,   41.4238039, -108.3370932,  9306.3, 30.29,  9573.5,  17.0, 159.93, 188.03, 1702.01,   5.99,  -1.67,   0.00,  -0.04, 270.8, 267.9,  27.8,  28.8,   4.6,  -1.3, 142.28, 143.37,    88.98,  187.83,   75.99,       ,       ,        ,        ,        ,  757.12,    0.93,    0.94,         ,       ,       ,        ,        ,        ,  9517.7, 189,  GPS,  350.0, 110.10, 110.10, 126.100, 121.800, 6887.837,       ,   4.17,   25.7,    5.0,       ,    7.5,      1,   HDG, FLCIAS,  -1.4,   5.5, 1862.2, 3DDiff, 1852,      ,      9,  12.5,     16
2024-08-10, 11:05:40,  -05:00, MANSEQ,   41.4238802, -108.3382148,  9335.3, 30.29,  9603.6,  16.8, 159.97, 187.60, 1726.27,   5.44,  -1.11,   0.00,  -0.08, 270.8, 267.9,  27.8,  28.8,   4.7,  -1.4, 142.26, 143.36,    88.35,  187.85,   75.90,       ,       ,        ,        ,        ,  756.88,    0.93,    0.94,         ,       ,       ,        ,        ,        ,  9547.8, 189,  GPS,  350.0, 110.10, 110.10, 126.100, 121.800, 6887.837,       ,   4.52,   23.5,    5.0,       ,    7.5,      1,   HDG, FLCIAS,  -1.3,   5.2, 1811.0, 3DDiff, 1852,      ,      9,  13.0,     16
2024-08-10, 11:05:41,  -05:00, MANSEQ,   41.4239641, -108.3393286,  9362.3, 30.29,  9631.0,  16.8, 159.49, 187.31, 1720.89,   4.98,  -0.75,  -0.00,  -0.08, 270.7, 267.6,  27.8,  28.8,   4.7,  -1.4, 142.23, 143.37,    88.35,  187.89,   76.04,       ,       ,        ,        ,        ,  756.88,    0.93,    0.94,         ,       ,       ,        ,        ,        ,  9575.2, 189,  GPS,  350.0, 110.10, 110.10, 126.100, 121.800, 6887.837,       ,   4.87,   21.4,    5.0,       ,    7.5,      1,   HDG, FLCIAS,  -1.2,   4.9, 1661.4, 3DDiff, 1852,      ,      9,  13.0,     16
2024-08-10, 11:05:42,  -05:00, MANSEQ,   41.4240404, -108.3404502,  9386.3, 30.29,  9655.6,  16.8, 158.44, 187.23, 1678.86,   4.25,  -0.89,  -0.00,  -0.11, 270.6, 267.7,  27.8,  28.8,   4.7,  -1.4, 142.21, 143.39,    88.91,  187.88,   75.90,       ,       ,        ,        ,        ,  756.75,    0.93,    0.94,         ,       ,       ,        ,        ,        ,  9599.8, 188,  GPS,  350.0, 110.10, 110.10, 126.100, 121.800, 6887.837,       ,   5.21,   19.4,    5.0,       ,    7.5,      1,   HDG, FLCIAS,  -1.1,   4.5, 1484.3, 3DDiff, 1852,      ,      9,  13.0,     16
2024-08-10, 11:05:43,  -05:00, MANSEQ,   41.4241167, -108.3415641,  9409.3, 30.29,  9675.7,  16.8, 159.74, 187.35, 1545.92,   3.80,  -1.42,   0.01,  -0.11, 270.7, 267.6,  27.8,  28.8,   4.7,  -1.2, 142.22, 143.41,    89.03,  187.92,   76.12,       ,       ,        ,        ,        ,  756.75,    0.93,    0.94,         ,       ,       ,        ,        ,        ,  9619.9, 189,  GPS,  350.0, 110.10, 110.10, 126.100, 121.800, 6887.837,       ,   5.55,   17.7,    5.0,       ,    7.5,      1,   HDG, FLCIAS,  -1.0,   4.1, 1283.5, 3DDiff, 1852,      ,      9,  13.0,     16
2024-08-10, 11:05:44,  -05:00, MANSEQ,   41.4241930, -108.3426856,  9428.3, 30.29,  9693.7,  16.8, 159.75, 187.58, 1369.72,   3.59,  -1.08,  -0.00,  -0.03, 270.6, 267.5,  27.8,  28.8,   4.6,  -1.0, 142.21, 143.37,    88.98,  187.94,   76.05,       ,       ,        ,        ,        ,  756.88,    0.93,    0.94,         ,       ,       ,        ,        ,        ,  9638.0, 189,  GPS,  350.0, 110.10, 110.10, 126.100, 121.800, 6887.837,       ,   5.89,   16.0,    5.0,       ,    7.5,      1,   HDG, FLCIAS,  -1.0,   3.8, 1126.0, 3DDiff, 1852,      ,      9,  13.0,     16
2024-08-10, 11:05:45,  -05:00, MANSEQ,   41.4242655, -108.3438147,  9446.3, 30.29,  9710.1,  16.5, 160.41, 187.85, 1197.02,   3.42,  -0.70,  -0.00,  -0.03, 270.5, 267.4,  27.8,  28.8,   4.6,  -1.0, 142.19, 143.41,    88.61,  187.95,   75.98,       ,       ,        ,        ,        ,  757.00,    0.93,    0.94,         ,       ,       ,        ,        ,        ,  9654.3, 190,  GPS,  350.0, 110.10, 110.10, 126.100, 121.800, 6887.837,       ,   6.23,   14.5,    5.0,       ,    7.5,      1,   HDG, FLCIAS,  -1.0,   3.6, 1047.2, 3DDiff, 1852,      ,      9,  13.0,     16
2024-08-10, 11:05:46,  -05:00, MANSEQ,   41.4243418, -108.3449363,  9462.3, 30.29,  9726.9,  16.5, 160.55, 188.14, 1069.07,   3.65,  -1.15,  -0.00,   0.03, 270.6, 267.3,  27.8,  28.8,   4.6,  -1.0, 142.20, 143.39,    88.88,  187.95,   76.06,       ,       ,        ,        ,        ,  757.25,    0.93,    0.94,         ,       ,       ,        ,        ,        ,  9671.1, 190,  GPS,  350.0, 110.10, 110.10, 126.100, 121.800, 6887.837,       ,   6.56,   13.0,    5.0,       ,    7.5,      1,   HDG, FLCIAS,  -0.9,   3.5, 1023.6, 3DDiff, 1852,      ,      9,  13.0,     16
2024-08-10, 11:05:47,  -05:00, MANSEQ,   41.4244142, -108.3460654,  9479.3, 30.29,  9744.0,  16.5, 161.13, 188.40,  991.84,   3.60,  -1.01,  -0.00,  -0.02, 270.6, 267.2,  27.8,  28.8,   4.6,  -1.0, 142.17, 143.42,    88.33,  187.96,   75.93,       ,       ,        ,        ,        ,  757.38,    0.93,    0.94,         ,       ,       ,        ,        ,        ,  9688.2, 191,  GPS,  350.0, 110.10, 110.10, 126.100, 121.800, 6887.837,       ,   6.89,   11.6,    5.0,       ,    7.5,      1,   HDG, FLCIAS,  -0.9,   3.4, 1035.4, 3DDiff, 1852,      ,      9,  13.0,     16
2024-08-10, 11:05:48,  -05:00, MANSEQ,   41.4244829, -108.3471869,  9495.3, 30.29,  9761.0,  16.5, 160.90, 188.65,  971.35,   3.53,  -0.62,   0.00,  -0.02, 270.4, 267.1,  27.8,  28.8,   4.6,  -1.0, 142.19, 143.42,    88.34,  187.96,   75.95,       ,       ,        ,        ,        ,  757.38,    0.93,    0.94,         ,       ,       ,        ,        ,        ,  9705.2, 191,  GPS,  350.0, 110.10, 110.10, 126.100, 121.800, 6887.837,       ,   7.21,   10.2,    5.0,       ,    7.5,      1,   HDG, FLCIAS,  -0.9,   3.4, 1035.4, 3DDiff, 1852,      ,      9,  13.0,     16
2024-08-10, 11:05:49,  -05:00, MANSEQ,   41.4245516, -108.3483161,  9512.3, 30.29,  9779.4,  16.2, 161.38, 188.90,  955.80,   3.52,  -0.91,  -0.01,  -0.03, 270.5, 267.1,  27.8,  28.8,   4.6,  -1.1, 142.19, 143.41,    89.15,  187.96,   75.97,       ,       ,        ,        ,        ,  757.50,    0.93,    0.94,         ,       ,       ,        ,        ,        ,  9723.6, 191,  GPS,  350.0, 110.10, 110.10, 126.100, 121.800, 6887.837,       ,   7.53,    8.9,    5.0,       ,    7.5,      1,   HDG, FLCIAS,  -0.8,   3.3, 1039.4, 3DDiff, 1852,      ,      9,  13.0,     16
2024-08-10, 11:05:50,  -05:00, MANSEQ,   41.4246202, -108.3494529,  9529.3, 30.29,  9797.1,  16.2, 161.58, 189.16,  957.57,   3.38,  -0.78,  -0.01,  -0.02, 270.5, 267.0,  27.8,  28.8,   4.6,  -1.0, 142.18, 143.38,    88.36,  187.96,   75.81,       ,       ,        ,        ,        ,  757.50,    0.93,    0.94,         ,       ,       ,        ,        ,        ,  9741.3, 192,  GPS,  350.0, 110.10, 110.10, 126.100, 121.800, 6887.837,       ,   7.84,    7.7,    5.0,       ,    7.5,      1,   HDG, FLCIAS,  -0.7,   3.3, 1043.3, 3DDiff, 1852,      ,      9,  12.5,     16
2024-08-10, 11:05:51,  -05:00, MANSEQ,   41.4246851, -108.3505744,  9545.3, 30.29,  9814.8,  16.2, 161.70, 189.47,  959.28,   3.43,  -0.69,  -0.01,   0.03, 270.5, 266.9,  27.8,  28.8,   4.6,  -1.0, 142.18, 143.36,    88.52,  187.97,   75.91,       ,       ,        ,        ,        ,  757.50,    0.93,    0.94,         ,       ,       ,        ,        ,        ,  9759.0, 192,  GPS,  350.0, 110.10, 110.10, 126.100, 121.800, 6887.837,       ,   8.15,    6.6,    5.0,       ,    7.5,      1,   HDG, FLCIAS,  -0.7,   3.4, 1023.6, 3DDiff, 1852,      ,      9,  12.5,     16
2024-08-10, 11:05:52,  -05:00, MANSEQ,   41.4247499, -108.3517112,  9561.3, 30.29,  9832.4,  16.2, 161.82, 189.78,  936.34,   3.33,  -0.77,   0.00,  -0.01, 270.7, 266.8,  27.8,  28.8,   4.6,  -1.0, 142.13, 143.36,    88.36,  188.00,   76.02,       ,       ,        ,        ,        ,  757.62,    0.93,    0.94,         ,       ,       ,        ,        ,        ,  9776.6, 192,  GPS,  350.0, 110.10, 110.10, 126.100, 121.800, 6887.837,       ,   8.46,    5.5,    5.0,       ,    7.5,      1,   HDG, FLCIAS,  -0.8,   3.4, 1051.2, 3DDiff, 1852,      ,      9,  13.0,     16
2024-08-10, 11:05:53,  -05:00, MANSEQ,   41.4248148, -108.3528479,  9579.3, 30.29,  9850.3,  16.2, 162.07, 190.05,  956.96,   3.45,  -0.37,  -0.01,   0.02, 270.6, 266.8,  27.8,  28.8,   4.6,  -1.0, 142.11, 143.34,    88.42,  187.99,   75.98,       ,       ,        ,        ,        ,  757.75,    0.93,    0.94,         ,       ,       ,        ,        ,        ,  9794.5, 192,  GPS,  350.0, 110.10, 110.10, 126.100, 121.800, 6887.837,       ,   8.77,    4.5,    5.0,       ,    7.5,      1,   HDG, FLCIAS,  -0.9,   3.4, 1066.9, 3DDiff, 1852,      ,      9,  13.0,     16
2024-08-10, 11:05:54,  -05:00, MANSEQ,   41.4248796, -108.3539847,  9596.3, 30.29,  9868.9,  16.0, 161.92, 190.32,  970.59,   3.50,  -0.89,   0.01,  -0.00, 270.4, 266.7,  27.8,  28.8,   4.6,  -1.0, 142.09, 143.32,    88.45,  188.02,   75.84,       ,       ,        ,        ,        ,  758.00,    0.93,    0.94,         ,       ,       ,        ,        ,        ,  9813.1, 192,  GPS,  350.0, 110.10, 110.10, 126.100, 121.800, 6887.837,       ,   9.08,    3.6,    5.0,       ,    7.5,      1,   HDG, FLCIAS,  -0.9,   3.4, 1102.4, 3DDiff, 1852,      ,      9,  13.0,     16
2024-08-10, 11:05:55,  -05:00, MANSEQ,   41.4249445, -108.3551291,  9614.3, 30.29,  9886.4,  16.0, 162.40, 190.57,  986.28,   3.49,  -0.65,   0.00,  -0.01, 270.2, 266.7,  27.8,  28.8,   4.5,  -1.0, 142.09, 143.28,    88.19,  188.07,   75.89,       ,       ,        ,        ,        ,  757.88,    0.93,    0.94,         ,       ,       ,        ,        ,        ,  9830.6, 193,  GPS,  350.0, 110.10, 110.10, 126.100, 121.800, 6887.837,       ,   9.38,    2.8,    5.0,       ,    7.5,      1,   HDG, FLCIAS,  -0.8,   3.4, 1106.3, 3DDiff, 1852,      ,      9,  13.0,     16
2024-08-10, 11:05:56,  -05:00, MANSEQ,   41.4250093, -108.3562583,  9632.3, 30.29,  9904.1,  16.0, 163.13, 190.79,  998.15,   3.60,  -0.46,   0.00,   0.01, 270.1, 266.6,  27.8,  28.8,   4.6,  -1.0, 142.09, 143.17,    88.18,  188.02,   75.96,       ,       ,        ,        ,        ,  757.75,    0.93,    0.94,         ,       ,       ,        ,        ,        ,  9848.4, 194,  GPS,  350.0, 110.10, 110.10, 126.100, 121.800, 6887.837,       ,   9.67,    2.0,    5.0,       ,    7.5,      1,   HDG, FLCIAS,  -0.6,   3.5, 1086.6, 3DDiff, 1852,      ,      9,  12.5,     16
2024-08-10, 11:05:57,  -05:00, MANSEQ,   41.4250742, -108.3574103,  9649.3, 30.29,  9921.5,  16.0, 163.20, 190.98,  996.03,   3.61,  -0.71,  -0.00,  -0.01, 270.2, 266.6,  27.8,  28.8,   4.6,  -1.0, 142.03, 143.14,    88.11,  187.99,   75.94,       ,       ,        ,        ,        ,  757.88,    0.93,    0.94,         ,       ,       ,        ,        ,        ,  9865.7, 194,  GPS,  350.0, 110.10, 110.10, 126.100, 121.800, 6887.837,       ,   9.94,    1.2,    5.0,       ,    7.5,      1,   HDG, FLCIAS,  -0.4,   3.6, 1078.7, 3DDiff, 1852,      ,      9,  12.5,     16
2024-08-10, 11:05:58,  -05:00, MANSEQ,   41.4251390, -108.3585471,  9664.3, 30.29,  9939.4,  16.0, 162.62, 191.16,  998.54,   3.71,  -0.35,  -0.00,   0.01, 270.2, 266.6,  27.8,  28.8,   4.5,  -1.1, 142.02, 143.10,    88.57,  188.02,   76.03,       ,       ,        ,        ,        ,  757.62,    0.93,    0.94,         ,       ,       ,        ,        ,        ,  9883.6, 193,  GPS,  350.0, 110.10, 110.10, 126.100, 121.800, 6887.837,       ,  10.21,    0.6,    5.0,       ,    7.5,      1,   HDG, FLCIAS,  -0.3,   3.7, 1078.7, 3DDiff, 1852,      ,      9,  13.0,     16
2024-08-10, 11:05:59,  -05:00, MANSEQ,   41.4252001, -108.3596915,  9682.3, 30.29,  9957.7,  15.8, 162.99, 191.31,  994.82,   3.67,  -0.56,   0.00,  -0.02, 270.2, 266.5,  27.8,  28.8,   4.5,  -1.1, 142.01, 143.08,    88.18,  188.01,   75.90,       ,       ,        ,        ,        ,  757.75,    0.93,    0.94,         ,       ,       ,        ,        ,        ,  9901.9, 194,  GPS,  350.0, 110.10, 110.10, 126.100, 121.800, 6887.837,       ,  10.46,   -0.1,    5.0,       ,    7.5,      1,   HDG, FLCIAS,  -0.2,   3.7, 1110.2, 3DDiff, 1852,      ,      9,  12.5,     16
2024-08-10, 11:06:00,  -05:00, MANSEQ,   41.4252611, -108.3608435,  9700.3, 30.29,  9976.2,  15.8, 163.04, 191.49, 1013.13,   3.67,  -0.32,   0.00,  -0.01, 270.2, 266.5,  27.8,  28.8,   4.5,  -1.1, 142.04, 143.03,    88.30,  187.99,   76.01,       ,       ,        ,        ,        ,  757.75,    0.93,    0.94,         ,       ,       ,        ,        ,        ,  9920.5, 194,  GPS,  350.0, 110.10, 110.10, 126.100, 121.800, 6887.837,       ,  10.69,   -0.6,    5.0,       ,    7.5,      1,   HDG, FLCIAS,  -0.3,   3.6, 1118.1, 3DDiff, 1852,      ,      9,  13.0,     16
2024-08-10, 11:06:01,  -05:00, MANSEQ,   41.4253221, -108.3619803,  9717.3, 30.29,  9996.1,  15.8, 163.01, 191.64, 1023.47,   3.64,  -0.10,   0.00,  -0.01, 270.1, 266.5,  27.8,  28.8,   4.5,  -1.1, 142.04, 142.98,    88.33,  188.04,   75.96,       ,       ,        ,        ,        ,  757.88,    0.93,    0.94,         ,       ,       ,        ,        ,        ,  9940.3, 194,  GPS,  350.0, 110.10, 110.10, 126.100, 121.800, 6887.837,       ,  10.92,   -1.2,    5.0,       ,    7.5,      1,   HDG, FLCIAS,  -0.3,   3.6, 1126.0, 3DDiff, 1852,      ,      9,  12.5,     16
2024-08-10, 11:06:02,  -05:00, MANSEQ,   41.4253832, -108.3631324,  9735.3, 30.29, 10015.1,  15.8, 163.12, 191.80, 1037.10,   3.63,  -0.09,  -0.00,  -0.02, 270.1, 266.5,  27.8,  28.8,   4.5,  -1.1, 142.03, 142.96,    88.78,  188.08,   75.85,       ,       ,        ,        ,        ,  758.00,    0.93,    0.94,         ,       ,       ,        ,        ,        ,  9959.3, 194,  GPS,  350.0, 110.10, 110.10, 126.100, 121.800, 6887.837,       ,  11.13,   -1.6,    5.0,       ,    7.5,      1,   HDG, FLCIAS,  -0.2,   3.6, 1122.0, 3DDiff, 1852,      ,      9,  12.5,     16
2024-08-10, 11:06:03,  -05:00, MANSEQ,   41.4254404, -108.3642844,  9752.3, 30.29, 10033.6,  15.8, 163.15, 191.97, 1039.21,   3.64,  -0.33,  -0.00,  -0.03, 270.2, 266.4,  27.8,  28.8,   4.5,  -1.2, 142.01, 142.92,    87.96,  188.09,   75.87,       ,       ,        ,        ,        ,  758.00,    0.93,    0.94,         ,       ,       ,        ,        ,        ,  9977.8, 194,  GPS,  350.0, 110.10, 110.10, 126.100, 121.800, 6887.837,       ,  11.33,   -2.1,    5.0,       ,    7.6,      1,   HDG, FLCIAS,  -0.2,   3.6, 1094.5, 3DDiff, 1852,      ,      8,  12.5,     16
2024-08-10, 11:06:04,  -05:00, MANSEQ,   41.4255014, -108.3654288,  9770.3, 30.29, 10051.1,  15.8, 163.08, 192.17, 1039.97,   3.56,  -0.27,   0.00,  -0.02, 270.2, 266.3,  27.8,  28.8,   4.5,  -1.1, 142.00, 142.89,    87.97,  188.08,   75.79,       ,       ,        ,        ,        ,  758.00,    0.93,    0.94,         ,       ,       ,        ,        ,        ,  9995.4, 194,  GPS,  350.0, 110.10, 110.10, 126.100, 121.800, 6887.837,       ,  11.51,   -2.5,    5.0,       ,    7.6,      1,   HDG, FLCIAS,  -0.2,   3.6, 1055.1, 3DDiff, 1852,      ,      9,  12.5,     16
2024-08-10, 11:06:05,  -05:00, MANSEQ,   41.4255663, -108.3665808,  9785.3, 30.29, 10068.0,  15.8, 162.97, 192.36, 1014.77,   3.44,  -0.21,  -0.00,  -0.02, 270.2, 266.3,  27.8,  28.8,   4.6,  -1.1, 142.03, 142.86,    87.59,  188.09,   75.89,       ,       ,        ,        ,        ,  758.00,    0.93,    0.94,         ,       ,       ,        ,        ,        , 10012.2, 194,  GPS,  350.0, 110.10, 110.10, 126.100, 121.800, 6887.837,       ,  11.69,   -2.8,    5.0,       ,    7.6,      1,   HDG, FLCIAS,  -0.3,   3.5, 1015.7, 3DDiff, 1852,      ,      9,  12.5,     16
2024-08-10, 11:06:06,  -05:00, MANSEQ,   41.4256235, -108.3677329,  9801.3, 30.29, 10084.5,  15.8, 162.92, 192.60,  983.31,   3.42,  -0.21,   0.00,  -0.01, 270.3, 266.3,  27.8,  28.8,   4.5,  -1.1, 142.04, 142.86,    88.21,  188.09,   75.82,       ,       ,        ,        ,        ,  757.88,    0.93,    0.94,         ,       ,       ,        ,        ,        , 10028.7, 194,  GPS,  350.0, 110.10, 110.10, 126.100, 121.800, 6887.837,       ,  11.85,   -3.0,    5.0,       ,    7.6,      1,   HDG, FLCIAS,  -0.3,   3.4, 984.3, 3DDiff, 1852,      ,      9,  13.0,     16
2024-08-10, 11:06:07,  -05:00, MANSEQ,   41.4256845, -108.3688849,  9816.3, 30.29, 10099.7,  15.5, 162.96, 192.83,  939.85,   3.32,  -0.21,   0.00,  -0.02, 270.3, 266.3,  27.8,  28.8,   4.5,  -1.1, 142.03, 142.83,    87.54,  188.08,   75.85,       ,       ,        ,        ,        ,  758.00,    0.93,    0.94,         ,       ,       ,        ,        ,        , 10043.9, 194,  GPS,  350.0, 110.10, 110.10, 126.100, 121.800, 6887.837,       ,  12.01,   -3.2,    5.0,       ,    7.6,      1,   HDG, FLCIAS,  -0.4,   3.4, 968.5, 3DDiff, 1852,      ,      9,  13.0,     16
2024-08-10, 11:06:08,  -05:00, MANSEQ,   41.4257456, -108.3700370,  9832.3, 30.29, 10115.0,  15.5, 163.43, 193.12,  917.07,   3.28,  -0.46,   0.00,  -0.02, 270.2, 266.3,  27.8,  28.8,   4.5,  -1.1, 142.03, 142.86,    87.51,  188.06,   75.94,       ,       ,        ,        ,        ,  758.00,    0.93,    0.94,         ,       ,       ,        ,        ,        , 10059.2, 195,  GPS,  350.0, 110.10, 110.10, 126.100, 121.800, 6887.837,       ,  12.16,   -3.4,    5.0,       ,    7.6,      1,   HDG, FLCIAS,  -0.4,   3.3, 944.9, 3DDiff, 1852,      ,      9,  12.5,     16
2024-08-10, 11:06:09,  -05:00, MANSEQ,   41.4258066, -108.3711966,  9846.3, 30.29, 10130.1,  15.5, 163.46, 193.37,  888.70,   3.35,  -0.32,  -0.00,   0.01, 270.1, 266.3,  27.8,  28.8,   4.6,  -1.1, 142.07, 142.84,    87.79,  188.06,   75.95,       ,       ,        ,        ,        ,  758.12,    0.93,    0.94,         ,       ,       ,        ,        ,        , 10074.4, 195,  GPS,  350.0, 110.10, 110.10, 126.100, 121.800, 6887.837,       ,  12.30,   -3.5,    5.0,       ,    7.6,      1,   HDG, FLCIAS,  -0.4,   3.3, 929.1, 3DDiff, 1852,      ,      8,  12.5,     16
2024-08-10, 11:06:10,  -05:00, MANSEQ,   41.4258676, -108.3723487,  9861.3, 30.29, 10146.1,  15.5, 163.71, 193.63,  862.22,   3.33,  -0.44,   0.00,   0.00, 270.2, 266.2,  27.8,  28.8,   4.5,  -1.1, 142.04, 142.82,    87.93,  188.11,   75.88,       ,       ,        ,        ,        ,  758.38,    0.93,    0.94,         ,       ,       ,        ,        ,        , 10090.4, 195,  GPS,  350.0, 110.10, 110.10, 126.100, 121.800, 6887.837,       ,  12.43,   -3.6,    5.0,       ,    7.6,      1,   HDG, FLCIAS,  -0.3,   3.3, 960.6, 3DDiff, 1852,      ,      9,  12.5,     16
2024-08-10, 11:06:11,  -05:00, MANSEQ,   41.4259287, -108.3735160,  9877.3, 30.29, 10161.8,  15.5, 163.90, 193.86,  864.42,   3.47,  -0.33,  -0.00,   0.01, 270.1, 266.2,  27.8,  28.8,   4.5,  -1.1, 142.04, 142.80,    88.10,  188.14,   76.05,       ,       ,        ,        ,        ,  758.38,    0.93,    0.94,         ,       ,       ,        ,        ,        , 10106.1, 195,  GPS,  350.0, 110.10, 110.10, 126.100, 121.800, 6887.837,       ,  12.55,   -3.6,    5.0,       ,    7.6,      1,   HDG, FLCIAS,  -0.3,   3.4, 976.4, 3DDiff, 1852,      ,      9,  12.5,     16
2024-08-10, 11:06:12,  -05:00, MANSEQ,   41.4259897, -108.3746833,  9892.3, 30.29, 10178.3,  15.5, 164.10, 194.05,  877.07,   3.48,  -0.34,   0.00,   0.02, 270.2, 266.2,  27.8,  28.8,   4.6,  -1.1, 142.04, 142.77,    88.00,  188.14,   75.87,       ,       ,        ,        ,        ,  758.50,    0.93,    0.94,         ,       ,       ,        ,        ,        , 10122.5, 196,  GPS,  350.0, 110.10, 110.10, 126.100, 121.800, 6887.837,       ,  12.66,   -3.6,    5.0,       ,    7.6,      1,   HDG, FLCIAS,  -0.2,   3.5, 992.1, 3DDiff, 1852,      ,      9,  13.0,     16
2024-08-10, 11:06:13,  -05:00, MANSEQ,   41.4260469, -108.3758353,  9908.3, 30.29, 10196.6,  15.5, 164.01, 194.25,  899.67,   3.41,  -0.09,  -0.01,  -0.02, 270.1, 266.2,  27.8,  28.8,   4.5,  -1.0, 142.04, 142.77,    87.97,  188.11,   75.87,       ,       ,        ,        ,        ,  758.50,    0.93,    0.94,         ,       ,       ,        ,        ,        , 10140.9, 196,  GPS,  350.0, 110.10, 110.10, 126.100, 121.800, 6887.837,       ,  12.76,   -3.6,    5.0,       ,    7.6,      1,   HDG,   ALTS,  -0.2,   3.5, 1031.5, 3DDiff, 1852,      ,      9,  13.0,     16
2024-08-10, 11:06:14,  -05:00, MANSEQ,   41.4261080, -108.3770026,  9925.3, 30.29, 10214.2,  15.2, 164.20, 194.46,  922.82,   3.04,  -0.24,   0.00,  -0.07, 270.1, 266.1,  27.8,  28.8,   4.5,  -1.0, 142.03, 142.75,    87.94,  188.12,   76.01,       ,       ,        ,        ,        ,  758.25,    0.93,    0.94,         ,       ,       ,        ,        ,        , 10158.4, 196,  GPS,  350.0, 110.10, 110.10, 126.100, 121.800, 6887.837,       ,  12.86,   -3.6,    5.0,       ,    7.6,      1,   HDG,   ALTS,  -0.2,   3.2, 1023.6, 3DDiff, 1852,      ,      9,  12.5,     16
2024-08-10, 11:06:15,  -05:00, MANSEQ,   41.4261614, -108.3781623,  9942.3, 30.29, 10229.1,  15.2, 164.68, 194.77,  937.43,   2.75,  -0.20,   0.00,  -0.06, 270.0, 266.1,  27.8,  28.8,   4.5,  -1.1, 142.04, 142.71,    87.93,  188.13,   75.81,       ,       ,        ,        ,        ,  758.50,    0.93,    0.94,         ,       ,       ,        ,        ,        , 10173.3, 197,  GPS,  350.0, 110.10, 110.10, 126.100, 121.800, 6887.837,       ,  12.95,   -3.5,    5.0,       ,    7.6,      1,   HDG,   ALTS,  -0.2,   2.9, 925.2, 3DDiff, 1852,      ,      8,  12.5,     16
2024-08-10, 11:06:16,  -05:00, MANSEQ,   41.4262186, -108.3793296,  9956.3, 30.29, 10242.1,  15.2, 164.92, 195.20,  903.05,   2.33,  -0.11,  -0.00,  -0.07, 270.0, 266.1,  27.8,  28.8,   4.6,  -1.1, 142.04, 142.70,    88.21,  188.13,   75.85,       ,       ,        ,        ,        ,  758.62,    0.93,    0.94,         ,       ,       ,        ,        ,        , 10186.3, 197,  GPS,  350.0, 110.10, 110.10, 126.100, 121.800, 6887.837,       ,  13.03,   -3.5,    5.0,       ,    7.6,      1,   HDG,    ALT,  -0.1,   2.5, 799.2, 3DDiff, 1852,      ,      9,  12.5,     16
2024-08-10, 11:06:17,  -05:00, MANSEQ,   41.4262796, -108.3804969,  9969.3, 30.29, 10253.0,  15.2, 165.53, 195.73,  824.90,   1.93,   0.04,  -0.00,  -0.07, 270.0, 266.1,  27.8,  28.8,   4.6,  -1.1, 142.06, 142.66,    87.36,  188.21,   75.85,       ,       ,        ,        ,        ,  758.50,    0.93,    0.94,         ,       ,       ,        ,        ,        , 10197.2, 198,  GPS,  350.0, 110.10, 110.10, 126.100, 121.800, 6887.837,       ,  13.10,   -3.4,    5.0,       ,    7.6,      1,   HDG,    ALT,  -0.0,   2.1, 673.2, 3DDiff, 1852,      ,      9,  13.0,     16
2024-08-10, 11:06:18,  -05:00, MANSEQ,   41.4263407, -108.3816794,  9979.3, 30.29, 10261.8,  15.2, 165.77, 196.35,  724.90,   1.56,   0.10,   0.00,  -0.07, 270.0, 266.3,  27.8,  28.8,   4.6,  -1.1, 142.09, 142.65,    87.37,  188.21,   75.84,       ,       ,        ,        ,        ,  758.25,    0.93,    0.94,         ,       ,       ,        ,        ,        , 10206.0, 198,  GPS,  350.0, 110.10, 110.10, 126.100, 121.800, 6887.837,       ,  13.16,   -3.4,    5.0,       ,    7.6,      1,   HDG,    ALT,   0.0,   1.7, 543.3, 3DDiff, 1852,      ,      9,  13.0,     16
2024-08-10, 11:06:19,  -05:00, MANSEQ,   41.4263979, -108.3828543,  9988.3, 30.29, 10267.2,  15.2, 166.34, 197.09,  606.30,   1.27,   0.19,   0.00,  -0.04, 270.0, 266.2,  27.8,  28.8,   4.6,  -1.1, 142.09, 142.63,    88.12,  188.23,   76.02,       ,       ,        ,        ,        ,  758.12,    0.93,    0.94,         ,       ,       ,        ,        ,        , 10211.5, 199,  GPS,  350.0, 110.10, 110.10, 126.100, 121.800, 6887.837,       ,  13.22,   -3.3,    5.0,       ,    7.6,      1,   HDG,    ALT,   0.0,   1.3, 405.5, 3DDiff, 1852,      ,      9,  13.0,     16
2024-08-10, 11:06:20,  -05:00, MANSEQ,   41.4264589, -108.3840369,  9995.3, 30.29, 10271.6,  15.0, 167.09, 197.90,  473.94,   1.00,   0.02,   0.00,  -0.06, 269.9, 266.2,  27.8,  28.8,   4.6,  -1.1, 142.12, 142.61,    88.09,  188.27,   76.09,       ,       ,        ,        ,        ,  758.50,    0.93,    0.94,         ,       ,       ,        ,        ,        , 10215.8, 200,  GPS,  350.0, 110.10, 110.10, 126.100, 121.800, 6887.837,       ,  13.26,   -3.2,    5.0,       ,    7.6,      1,   HDG,    ALT,   0.0,   1.0, 307.1, 3DDiff, 1852,      ,      9,  12.5,     16
2024-08-10, 11:06:21,  -05:00, MANSEQ,   41.4265238, -108.3852347, 10000.3, 30.29, 10274.9,  15.0, 167.53, 198.76,  366.25,   0.83,  -0.27,   0.00,  -0.04, 270.0, 266.2,  27.8,  28.8,   4.6,  -1.1, 142.14, 142.59,    88.16,  188.28,   76.13,       ,       ,        ,        ,        ,  758.50,    0.93,    0.94,         ,       ,       ,        ,        ,        , 10219.1, 200,  GPS,  350.0, 110.10, 110.10, 126.100, 121.800, 6887.837,       ,  13.30,   -3.2,    5.0,       ,    7.6,      1,   HDG,    ALT,   0.1,   0.8, 208.7, 3DDiff, 1852,      ,      8,  12.5,     16
2024-08-10, 11:06:22,  -05:00, MANSEQ,   41.4265848, -108.3864249, 10004.3, 30.29, 10276.9,  15.0, 168.28, 199.71,  267.90,   0.64,  -0.14,   0.00,  -0.03, 269.8, 266.2,  27.8,  28.8,   4.6,  -1.1, 142.13, 142.57,    88.02,  188.29,   75.92,       ,       ,        ,        ,        ,  758.62,    0.93,    0.94,         ,       ,       ,        ,        ,        , 10221.1, 201,  GPS,  350.0, 110.10, 110.10, 126.100, 121.800, 6887.837,       ,  13.33,   -3.1,    5.0,       ,    7.6,      1,   HDG,    ALT,   0.1,   0.6, 133.9, 3DDiff, 1852,      ,      9,  13.0,     16
2024-08-10, 11:06:23,  -05:00, MANSEQ,   41.4266458, -108.3876227, 10008.3, 30.29, 10277.9,  15.0, 169.15, 200.66,  171.12,   0.58,   0.02,  -0.00,  -0.05, 269.8, 266.3,  27.8,  28.8,   4.6,  -1.1, 142.14, 142.56,    87.78,  188.31,   76.02,       ,       ,        ,        ,        ,  759.00,    0.93,    0.94,         ,       ,       ,        ,        ,        , 10222.1, 202,  GPS,  350.0, 110.10, 110.10, 126.100, 121.800, 6887.837,       ,  13.35,   -3.0,    5.0,       ,    7.6,      1,   HDG,    ALT,   0.2,   0.5,  78.7, 3DDiff, 1852,      ,      9,  13.0,     16
2024-08-10, 11:06:24,  -05:00, MANSEQ,   41.4267107, -108.3888358, 10010.3, 30.29, 10277.9,  15.0, 170.14, 201.63,  101.90,   0.69,   0.11,   0.00,  -0.01, 269.8, 266.3,  27.8,  28.8,   4.5,  -1.1, 142.14, 142.52,    87.91,  188.33,   75.95,       ,       ,        ,        ,        ,  759.25,    0.93,    0.94,         ,       ,       ,        ,        ,        , 10222.1, 203,  GPS,  350.0, 110.10, 110.10, 126.100, 121.800, 6887.837,       ,  13.36,   -2.9,    5.0,       ,    7.6,      1,   HDG,    ALT,   0.3,   0.6,  19.7, 3DDiff, 1852,      ,      9,  13.0,     16
2024-08-10, 11:06:25,  -05:00, MANSEQ,   41.4267717, -108.3900412, 10011.3, 30.29, 10279.3,  14.8, 170.53, 202.57,   38.79,   0.49,   0.48,  -0.00,  -0.01, 269.8, 266.3,  27.8,  28.8,   4.5,  -1.0, 142.14, 142.48,    87.57,  188.32,   75.85,       ,       ,        ,        ,        ,  759.12,    0.93,    0.94,         ,       ,       ,        ,        ,        , 10223.6, 204,  GPS,  350.0, 110.10, 110.10, 126.100, 121.800, 6887.837,       ,  13.36,   -2.8,    5.0,       ,    7.6,      1,   HDG,    ALT,   0.3,   0.5,  15.7, 3DDiff, 1852,      ,      9,  13.0,     16
2024-08-10, 11:06:26,  -05:00, MANSEQ,   41.4268404, -108.3912619, 10012.3, 30.29, 10279.7,  14.8, 171.85, 203.52,    1.15,   0.37,   0.66,   0.00,  -0.00, 269.8, 266.5,  27.8,  28.8,   4.5,  -1.0, 142.13, 142.46,    87.99,  188.30,   75.96,       ,       ,        ,        ,        ,  759.12,    0.93,    0.94,         ,       ,       ,        ,        ,        , 10223.9, 205,  GPS,  350.0, 110.10, 110.10, 126.100, 121.800, 6887.837,       ,  13.35,   -2.7,    5.0,       ,    7.6,      1,   HDG,    ALT,   0.3,   0.3,   0.0, 3DDiff, 1852,      ,      9,  12.5,     16
2024-08-10, 11:06:27,  -05:00, MANSEQ,   41.4269052, -108.3924903, 10013.3, 30.29, 10278.9,  14.8, 172.76, 204.49,  -31.47,   0.30,   0.23,   0.00,  -0.05, 269.8, 266.4,  27.8,  28.8,   4.5,  -1.0, 142.14, 142.43,    87.85,  188.27,   75.96,       ,       ,        ,        ,        ,  759.12,    0.93,    0.94,         ,       ,       ,        ,        ,        , 10223.1, 206,  GPS,  350.0, 110.10, 110.10, 126.100, 121.800, 6887.837,       ,  13.33,   -2.6,    5.0,       ,    7.6,      1,   HDG,    ALT,   0.3,   0.1,  -7.9, 3DDiff, 1852,      ,      8,  12.5,     16
2024-08-10, 11:06:28,  -05:00, MANSEQ,   41.4269701, -108.3937186, 10014.3, 30.29, 10278.5,  14.8, 173.87, 205.44,  -48.80,   0.23,   0.16,  -0.00,  -0.02, 269.8, 266.5,  27.8,  28.8,   4.5,  -1.0, 142.13, 142.38,    87.75,  188.24,   75.89,       ,       ,        ,        ,        ,  759.25,    0.93,    0.94,         ,       ,       ,        ,        ,        , 10222.7, 207,  GPS,  350.0, 110.10, 110.10, 126.100, 121.800, 6887.837,       ,  13.30,   -2.6,    5.0,       ,    7.6,      1,   HDG,    ALT,   0.3,   0.1, -23.6, 3DDiff, 1852,      ,      9,  13.0,     16
2024-08-10, 11:06:29,  -05:00, MANSEQ,   41.4270388, -108.3949469, 10015.3, 30.29, 10277.8,  14.5, 174.76, 206.42,  -61.66,   0.11,   0.45,  -0.00,  -0.01, 269.9, 266.5,  27.8,  28.8,   4.5,  -1.1, 142.12, 142.34,    87.92,  188.23,   76.17,       ,       ,        ,        ,        ,  759.50,    0.93,    0.94,         ,       ,       ,        ,        ,        , 10222.1, 209,  GPS,  350.0, 110.10, 110.10, 126.100, 121.800, 6887.837,       ,  13.27,   -2.5,    5.0,       ,    7.6,      1,   HDG,    ALT,   0.3,   0.0, -23.6, 3DDiff, 1852,      ,      9,  13.5,     16
2024-08-10, 11:06:30,  -05:00, MANSEQ,   41.4271112, -108.3961982, 10016.3, 30.29, 10277.2,  14.5, 175.73, 207.41,  -65.17,  -0.09,   0.45,  -0.00,  -0.02, 269.8, 266.7,  27.8,  28.8,   4.5,  -1.1, 142.12, 142.32,    88.13,  188.22,   76.12,       ,       ,        ,        ,        ,  759.75,    0.93,    0.94,         ,       ,       ,        ,        ,        , 10221.4, 210,  GPS,  350.0, 110.10, 110.10, 126.100, 121.800, 6887.837,       ,  13.23,   -2.5,    5.0,       ,    7.6,      1,   HDG,    ALT,   0.2,  -0.1, -35.4, 3DDiff, 1852,      ,      9,  13.5,     16
2024-08-10, 11:06:31,  -05:00, MANSEQ,   41.4271799, -108.3974417, 10015.3, 30.29, 10275.2,  14.5, 176.19, 208.42,  -78.20,  -0.24,  -0.12,  -0.00,  -0.03, 270.0, 266.6,  27.8,  28.8,   4.6,  -1.1, 142.11, 142.30,    87.70,  188.21,   75.99,       ,       ,        ,        ,        ,  759.88,    0.93,    0.94,         ,       ,       ,        ,        ,        , 10219.4, 210,  GPS,  350.0, 110.10, 110.10, 126.100, 121.800, 6887.837,       ,  13.19,   -2.5,    5.0,       ,    7.6,      1,   HDG,    ALT,   0.2,  -0.2, -55.1, 3DDiff, 1852,      ,      9,  13.5,     16
2024-08-10, 11:06:32,  -05:00, MANSEQ,   41.4272524, -108.3986853, 10016.3, 30.29, 10273.3,  14.5, 177.33, 209.43,  -81.23,  -0.20,   0.13,  -0.01,   0.01, 269.9, 266.6,  27.8,  28.8,   4.5,  -1.1, 142.08, 142.24,    87.59,  188.21,   76.03,       ,       ,        ,        ,        ,  760.12,    0.93,    0.94,         ,       ,       ,        ,        ,        , 10217.5, 212,  GPS,  350.0, 110.10, 110.10, 126.100, 121.800, 6887.837,       ,  13.14,   -2.5,    5.0,       ,    7.6,      1,   HDG,    ALT,   0.1,  -0.2, -86.6, 3DDiff, 1852,      ,     10,  13.0,     16
2024-08-10, 11:06:33,  -05:00, MANSEQ,   41.4273249, -108.3999518, 10015.3, 30.29, 10272.8,  14.5, 178.27, 210.46, -108.96,  -0.22,  -0.16,   0.00,  -0.01, 270.0, 266.6,  27.8,  28.8,   4.5,  -1.1, 142.06, 142.20,    88.18,  188.24,   76.19,       ,       ,        ,        ,        ,  760.12,    0.93,    0.94,         ,       ,       ,        ,        ,        , 10217.0, 213,  GPS,  350.0, 110.10, 110.10, 126.100, 121.800, 6887.837,       ,  13.10,   -2.6,    5.0,       ,    7.6,      1,   HDG,    ALT,   0.1,  -0.3, -82.7, 3DDiff, 1852,      ,      9,  13.0,     16
2024-08-10, 11:06:34,  -05:00, MANSEQ,   41.4273973, -108.4012107, 10014.3, 30.29, 10270.6,  14.2, 179.13, 211.45, -126.38,  -0.14,   0.05,  -0.01,   0.04, 269.9, 266.6,  27.8,  28.8,   4.6,  -1.3, 142.03, 142.14,    87.62,  188.26,   75.98,       ,       ,        ,        ,        ,  760.12,    0.93,    0.94,         ,       ,       ,        ,        ,        , 10215.4, 214,  GPS,  350.0, 110.10, 110.10, 126.100, 121.800, 6887.837,       ,  13.05,   -2.6,    5.0,       ,    7.6,      1,   HDG,    ALT,   0.1,  -0.2, -90.6, 3DDiff, 1852,      ,      9,  13.5,     16
2024-08-10, 11:06:35,  -05:00, MANSEQ,   41.4274736, -108.4024771, 10014.3, 30.29, 10269.3,  14.2, 180.09, 212.40, -141.29,  -0.10,   0.08,   0.00,   0.04, 269.9, 266.6,  27.8,  28.8,   4.7,  -1.4, 141.99, 142.15,    88.06,  188.27,   76.00,       ,       ,        ,        ,        ,  760.12,    0.93,    0.94,         ,       ,       ,        ,        ,        , 10214.1, 215,  GPS,  350.0, 110.10, 110.10, 126.100, 121.800, 6887.837,       ,  13.01,   -2.7,    5.0,       ,    7.6,      1,   HDG,    ALT,   0.1,  -0.1, -78.7, 3DDiff, 1852,      ,      9,  13.5,     16
2024-08-10, 11:06:36,  -05:00, MANSEQ,   41.4275499, -108.4037665, 10014.3, 30.29, 10268.5,  14.2, 181.16, 213.34, -125.40,  -0.29,  -0.10,   0.00,  -0.06, 269.9, 266.7,  27.8,  28.8,   4.6,  -1.1, 141.97, 142.08,    88.51,  188.29,   75.94,       ,       ,        ,        ,        ,  760.12,    0.93,    0.94,         ,       ,       ,        ,        ,        , 10213.3, 216,  GPS,  350.0, 110.10, 110.10, 126.100, 121.800, 6887.837,       ,  12.97,   -2.8,    5.0,       ,    7.6,      1,   HDG,    ALT,   0.1,  -0.3, -47.2, 3DDiff, 1852,      ,      9,  13.5,     16
2024-08-10, 11:06:37,  -05:00, MANSEQ,   41.4276186, -108.4050406, 10013.3, 30.29, 10268.0,  14.2, 181.97, 214.23, -123.76,  -0.12,   0.29,  -0.00,   0.01, 269.8, 266.7,  27.8,  28.8,   4.7,  -1.0, 141.93, 142.04,    88.11,  188.29,   76.23,       ,       ,        ,        ,        ,  759.88,    0.93,    0.94,         ,       ,       ,        ,        ,        , 10212.8, 217,  GPS,  350.0, 110.10, 110.10, 126.100, 121.800, 6887.837,       ,  12.92,   -2.9,    5.0,       ,    7.6,      1,   HDG,    ALT,   0.1,  -0.2, -94.5, 3DDiff, 1852,      ,      9,  13.5,     16
2024-08-10, 11:06:38,  -05:00, MANSEQ,   41.4276949, -108.4063224, 10012.3, 30.29, 10267.1,  14.2, 182.74, 215.11, -139.09,  -0.07,   0.35,   0.00,   0.01, 269.8, 266.7,  27.8,  28.8,   4.6,  -1.0, 141.92, 141.99,    88.09,  188.28,   76.08,       ,       ,        ,        ,        ,  760.12,    0.93,    0.94,         ,       ,       ,        ,        ,        , 10211.9, 218,  GPS,  350.0, 110.10, 110.10, 126.100, 121.800, 6887.837,       ,  12.87,   -3.0,    5.0,       ,    7.6,      1,   HDG,    ALT,   0.2,  -0.0, -78.7, 3DDiff, 1852,      ,     10,  13.0,     16
2024-08-10, 11:06:39,  -05:00, MANSEQ,   41.4277712, -108.4076117, 10012.3, 30.29, 10265.8,  14.0, 183.31, 215.96, -115.48,  -0.19,   0.35,   0.00,  -0.04, 270.0, 266.7,  27.8,  28.8,   4.5,  -1.0, 141.89, 141.94,    88.55,  188.30,   76.16,       ,       ,        ,        ,        ,  760.12,    0.93,    0.94,         ,       ,       ,        ,        ,        , 10210.6, 218,  GPS,  350.0, 110.10, 110.10, 126.100, 121.800, 6887.837,       ,  12.83,   -3.1,    5.0,       ,    7.6,      1,   HDG, FLCIAS,   0.3,  -0.3, -51.2, 3DDiff, 1852,      ,      9,  13.0,     16
2024-08-10, 11:06:40,  -05:00, MANSEQ,   41.4278475, -108.4089164, 10012.3, 30.29, 10263.6,  14.0, 184.09, 216.84,  -91.99,  -0.77,   0.41,  -0.00,  -0.10, 269.9, 266.8,  27.8,  28.8,   4.6,  -1.0, 141.87, 141.89,    88.29,  188.30,   76.02,       ,       ,        ,        ,        ,  760.38,    0.93,    0.94,         ,       ,       ,        ,        ,        , 10208.4, 219,  GPS,  350.0, 110.10, 110.10, 126.100, 121.800, 6887.837,       ,  12.78,   -3.3,    5.0,       ,    7.6,      1,   HDG, FLCIAS,   0.2,  -1.1, -126.0, 3DDiff, 1852,      ,      9,  13.5,     16
2024-08-10, 11:06:41,  -05:00, MANSEQ,   41.4279238, -108.4102134, 10009.3, 30.29, 10258.4,  14.0, 184.77, 217.75, -120.52,  -0.90,  -0.13,   0.00,  -0.00, 270.1, 266.8,  27.8,  28.8,   4.5,  -1.0, 141.89, 141.83,    88.38,  188.36,   76.10,       ,       ,        ,        ,        ,  760.25,    0.93,    0.94,         ,       ,       ,        ,        ,        , 10203.2, 220,  GPS,  350.0, 110.10, 110.10, 126.100, 121.800, 6887.837,       ,  12.73,   -3.5,    5.0,       ,    7.6,      1,   HDG, FLCIAS,   0.1,  -1.2, -287.4, 3DDiff, 1852,      ,      9,  13.5,     16
2024-08-10, 11:06:42,  -05:00, MANSEQ,   41.4280039, -108.4115256, 10003.3, 30.29, 10252.6,  14.0, 185.70, 218.76, -228.44,  -0.53,  -0.31,  -0.00,   0.09, 270.0, 267.0,  27.8,  28.8,   4.6,  -1.0, 141.87, 141.80,    88.12,  188.32,   76.14,       ,       ,        ,        ,        ,  760.25,    0.93,    0.94,         ,       ,       ,        ,        ,        , 10197.4, 221,  GPS,  350.0, 110.10, 110.10, 126.100, 121.800, 6887.837,       ,  12.69,   -3.6,    5.0,       ,    7.6,      1,   HDG, FLCIAS,   0.1,  -0.1, -338.6, 3DDiff, 1852,      ,      9,  13.5,     16
2024-08-10, 11:06:43,  -05:00, MANSEQ,   41.4280802, -108.4128302,  9999.3, 30.29, 10249.0,  14.0, 186.84, 219.69, -320.01,   0.20,  -0.05,   0.00,   0.12, 270.1, 266.8,  27.8,  28.8,   4.5,  -1.0, 141.86, 141.79,    88.52,  188.31,   76.25,       ,       ,        ,        ,        ,  760.00,    0.93,    0.94,         ,       ,       ,        ,        ,        , 10193.8, 223,  GPS,  350.0, 110.10, 110.10, 126.100, 121.800, 6887.837,       ,  12.64,   -3.8,    5.0,       ,    7.6,      1,   HDG, FLCIAS,   0.0,   1.2, -181.1, 3DDiff, 1852,      ,      9,  13.5,     16
2024-08-10, 11:06:44,  -05:00, MANSEQ,   41.4281603, -108.4141501,  9997.3, 30.29, 10250.6,  14.0, 187.30, 220.43, -296.36,   0.81,  -0.13,  -0.00,   0.14, 270.0, 266.8,  27.8,  28.8,   4.5,  -1.0, 141.83, 141.71,    88.36,  188.32,   76.16,       ,       ,        ,        ,        ,  759.88,    0.93,    0.94,         ,       ,       ,        ,        ,        , 10195.4, 223,  GPS,  350.0, 110.10, 110.10, 126.100, 121.800, 6887.837,       ,  12.61,   -4.0,    5.0,       ,    7.6,      1,   HDG, FLCIAS,  -0.0,   2.4,  82.7, 3DDiff, 1852,      ,     10,  13.0,     16
2024-08-10, 11:06:45,  -05:00, MANSEQ,   41.4282366, -108.4154776, 10000.3, 30.29, 10257.5,  14.0, 187.78, 220.90, -167.30,   1.72,  -0.15,   0.00,   0.14, 270.1, 266.8,  27.8,  28.8,   4.5,  -1.0, 141.80, 141.70,    88.27,  188.33,   76.16,       ,       ,        ,        ,        ,  759.75,    0.93,    0.94,         ,       ,       ,        ,        ,        , 10202.3, 224,  GPS,  350.0, 110.10, 110.10, 126.100, 121.800, 6887.837,       ,  12.57,   -4.2,    5.0,       ,    7.6,      1,   HDG, FLCIAS,  -0.0,   3.3, 374.0, 3DDiff, 1852,      ,      9,  13.5,     16
2024-08-10, 11:06:46,  -05:00, MANSEQ,   41.4283167, -108.4167975, 10008.3, 30.29, 10269.4,  14.0, 187.48, 221.03,   56.61,   2.48,   0.43,  -0.01,   0.13, 270.0, 266.8,  27.8,  28.8,   4.5,  -1.0, 141.78, 141.66,    87.92,  188.33,   76.03,       ,       ,        ,        ,        ,  760.00,    0.93,    0.94,         ,       ,       ,        ,        ,        , 10214.2, 223,  GPS,  350.0, 110.10, 110.10, 126.100, 121.800, 6887.837,       ,  12.55,   -4.3,    5.0,       ,    7.6,      1,   HDG, FLCIAS,  -0.1,   4.1, 677.2, 3DDiff, 1852,      ,      9,  13.5,     16
2024-08-10, 11:06:47,  -05:00, MANSEQ,   41.4283968, -108.4181098, 10020.3, 30.29, 10286.1,  14.0, 187.08, 220.88,  332.42,   3.18,  -0.20,   0.00,   0.16, 270.2, 266.8,  27.8,  28.8,   4.5,  -1.0, 141.73, 141.64,    88.15,  188.32,   75.99,       ,       ,        ,        ,        ,  760.00,    0.93,    0.94,         ,       ,       ,        ,        ,        , 10230.8, 223,  GPS,  350.0, 110.10, 110.10, 126.100, 121.800, 6887.837,       ,  12.53,   -4.5,    5.0,       ,    7.6,      1,   HDG, FLCIAS,  -0.1,   4.7, 964.6, 3DDiff, 1852,      ,      9,  13.5,     16
2024-08-10, 11:06:48,  -05:00, MANSEQ,   41.4284769, -108.4194373, 10037.3, 30.29, 10307.6,  14.0, 186.70, 220.49,  616.05,   3.92,   0.14,  -0.00,   0.14, 270.0, 266.8,  27.8,  28.8,   4.5,  -1.0, 141.69, 141.54,    87.93,  188.34,   76.12,       ,       ,        ,        ,        ,  760.00,    0.93,    0.94,         ,       ,       ,        ,        ,        , 10252.4, 223,  GPS,  350.0, 110.10, 110.10, 126.100, 121.800, 6887.837,       ,  12.51,   -4.6,    5.0,       ,    7.6,      1,   HDG, FLCIAS,  -0.2,   5.1, 1252.0, 3DDiff, 1852,      ,      9,  13.5,     16
2024-08-10, 11:06:49,  -05:00, MANSEQ,   41.4285532, -108.4207419, 10058.3, 30.29, 10335.1,  14.0, 186.39, 219.83,  887.96,   4.55,   0.11,  -0.00,   0.06, 270.1, 266.8,  27.8,  28.8,   4.5,  -1.1, 141.68, 141.50,    87.77,  188.41,   76.04,       ,       ,        ,        ,        ,  759.88,    0.93,    0.94,         ,       ,       ,        ,        ,        , 10279.9, 222,  GPS,  350.0, 110.10, 110.10, 126.100, 121.800, 6887.837,       ,  12.49,   -4.7,    5.0,       ,    7.6,      1,   HDG, FLCIAS,  -0.1,   5.3, 1527.6, 3DDiff, 1852,      ,      9,  13.5,     16
2024-08-10, 11:06:50,  -05:00, MANSEQ,   41.4286333, -108.4220542, 10082.3, 30.29, 10365.6,  14.0, 184.99, 218.94, 1152.58,   5.16,  -0.47,   0.00,   0.11, 270.1, 266.8,  27.8,  28.8,   4.6,  -1.0, 141.64, 141.42,    87.36,  188.40,   76.20,       ,       ,        ,        ,        ,  759.62,    0.93,    0.94,         ,       ,       ,        ,        ,        , 10310.4, 221,  GPS,  350.0, 110.10, 110.10, 126.100, 121.800, 6887.837,       ,  12.48,   -4.8,    5.0,       ,    7.6,      1,   HDG, FLCIAS,  -0.1,   5.4, 1767.7, 3DDiff, 1852,      ,     10,  13.5,     16
2024-08-10, 11:06:51,  -05:00, MANSEQ,   41.4287096, -108.4233588, 10111.3, 30.29, 10399.6,  14.0, 184.44, 217.89, 1432.01,   5.59,  -0.37,   0.00,   0.08, 270.0, 266.8,  27.8,  28.8,   4.6,  -1.0, 141.62, 141.41,    87.71,  188.39,   75.97,       ,       ,        ,        ,        ,  759.62,    0.93,    0.94,         ,       ,       ,        ,        ,        , 10344.4, 220,  GPS,  350.0, 110.10, 110.10, 126.100, 121.800, 6887.837,       ,  12.47,   -4.8,    5.0,       ,    7.6,      1,   HDG, FLCIAS,  -0.1,   5.5, 2007.9, 3DDiff, 1852,      ,      9,  13.5,     16
2024-08-10, 11:06:52,  -05:00, MANSEQ,   41.4287859, -108.4246482, 10144.3, 30.29, 10436.2,  14.2, 183.93, 216.70, 1670.51,   5.76,   0.00,   0.00,   0.05, 269.8, 266.7,  27.8,  28.8,   4.5,  -1.0, 141.61, 141.34,    87.16,  188.40,   75.94,       ,       ,        ,        ,        ,  759.62,    0.93,    0.94,         ,       ,       ,        ,        ,        , 10380.9, 220,  GPS,  350.0, 110.10, 110.10, 126.100, 121.800, 6887.837,       ,  12.46,   -4.9,    5.0,       ,    7.6,      1,   HDG, FLCIAS,  -0.1,   5.5, 2169.3, 3DDiff, 1852,      ,      9,  13.5,     16
2024-08-10, 11:06:53,  -05:00, MANSEQ,   41.4288584, -108.4259375, 10178.3, 30.29, 10473.8,  14.2, 183.21, 215.55, 1861.54,   5.71,   0.33,  -0.01,   0.01, 269.8, 266.7,  27.8,  28.8,   4.6,  -1.0, 141.61, 141.31,    87.49,  188.44,   76.04,       ,       ,        ,        ,        ,  759.12,    0.93,    0.94,         ,       ,       ,        ,        ,        , 10418.6, 219,  GPS,  350.0, 110.10, 110.10, 126.100, 121.800, 6887.837,       ,  12.45,   -4.9,    5.0,       ,    7.6,      1,   HDG, FLCIAS,   0.1,   5.7, 2244.1, 3DDiff, 1852,      ,      9,  13.5,     16
2024-08-10, 11:06:54,  -05:00, MANSEQ,   41.4289308, -108.4272193, 10212.3, 30.29, 10512.5,  14.2, 181.81, 214.43, 2009.15,   5.62,  -0.48,   0.01,   0.00, 269.8, 266.7,  27.8,  28.8,   4.5,  -1.1, 141.59, 141.28,    87.29,  188.48,   75.89,       ,       ,        ,        ,        ,  758.88,    0.93,    0.94,         ,       ,       ,        ,        ,        , 10457.3, 218,  GPS,  350.0, 110.10, 110.10, 126.100, 121.800, 6887.837,       ,  12.44,   -5.0,    5.0,       ,    7.6,      1,   HDG, FLCIAS,   0.3,   5.8, 2279.5, 3DDiff, 1852,      ,      9,  13.5,     16
2024-08-10, 11:06:55,  -05:00, MANSEQ,   41.4290071, -108.4284858, 10247.3, 30.29, 10549.6,  14.2, 180.67, 213.36, 2106.66,   5.90,   0.09,   0.01,  -0.03, 269.6, 266.7,  27.8,  28.8,   4.6,  -1.0, 141.59, 141.26,    86.99,  188.53,   75.93,       ,       ,        ,        ,        ,  758.50,    0.93,    0.94,         ,       ,       ,        ,        ,        , 10494.4, 216,  GPS,  350.0, 110.10, 110.10, 126.100, 121.800, 6887.837,       ,  12.42,   -5.1,    5.0,       ,    7.6,      1,   HDG, FLCIAS,   0.3,   5.8, 2299.2, 3DDiff, 1852,      ,      9,  13.5,     16
2024-08-10, 11:06:56,  -05:00, MANSEQ,   41.4290796, -108.4297599, 10282.3, 30.29, 10587.0,  14.5, 179.04, 212.33, 2173.06,   5.61,   0.99,   0.00,  -0.05, 269.4, 266.7,  27.8,  28.8,   4.5,  -1.1, 141.59, 141.23,    86.86,  188.58,   75.85,       ,       ,        ,        ,        ,  758.50,    0.93,    0.94,         ,       ,       ,        ,        ,        , 10531.8, 215,  GPS,  350.0, 110.10, 110.10, 126.100, 121.800, 6887.837,       ,  12.39,   -5.2,    5.0,       ,    7.6,      1,   HDG, FLCIAS,   0.5,   5.8, 2271.7, 3DDiff, 1852,      ,     10,  13.5,     16
2024-08-10, 11:06:57,  -05:00, MANSEQ,   41.4291521, -108.4310187, 10317.3, 30.29, 10623.4,  14.5, 178.55, 211.37, 2191.14,   5.81,   1.15,  -0.01,   0.07, 269.8, 266.7,  27.8,  28.8,   4.5,  -1.0, 141.62, 141.20,    86.59,  188.64,   75.81,       ,       ,        ,        ,        ,  758.25,    0.93,    0.94,         ,       ,       ,        ,        ,        , 10568.2, 214,  GPS,  350.0, 110.10, 110.10, 126.100, 121.800, 6887.837,       ,  12.35,   -5.4,    5.0,       ,    7.6,      1,   HDG, FLCIAS,   0.7,   5.7, 2181.1, 3DDiff, 1852,      ,      9,  13.5,     16
2024-08-10, 11:06:58,  -05:00, MANSEQ,   41.4292284, -108.4322776, 10348.3, 30.29, 10658.4,  14.5, 176.69, 210.50, 2144.47,   5.24,   0.34,   0.00,  -0.03, 270.1, 266.8,  27.8,  28.8,   4.6,  -1.0, 141.58, 141.19,    86.36,  188.71,   75.80,       ,       ,        ,        ,        ,  758.12,    0.93,    0.94,         ,       ,       ,        ,        ,        , 10603.2, 212,  GPS,  350.0, 110.10, 110.10, 126.100, 121.800, 6887.837,       ,  12.31,   -5.5,    5.0,       ,    7.6,      1,   HDG, FLCIAS,   0.7,   5.6, 2114.2, 3DDiff, 1852,      ,      9,  13.5,     16
2024-08-10, 11:06:59,  -05:00, MANSEQ,   41.4293047, -108.4335288, 10381.3, 30.29, 10692.1,  14.5, 176.53, 209.68, 2089.17,   5.36,   0.19,  -0.00,  -0.03, 270.0, 266.8,  27.8,  28.8,   4.6,  -1.0, 141.59, 141.18,    86.45,  188.76,   75.91,       ,       ,        ,        ,        ,  757.75,    0.93,    0.94,         ,       ,       ,        ,        ,        , 10636.9, 212,  GPS,  350.0, 110.10, 110.10, 126.100, 121.800, 6887.837,       ,  12.27,   -5.6,    5.0,       ,    7.6,      1,   HDG, FLCIAS,   0.4,   5.5, 2039.4, 3DDiff, 1852,      ,      9,  13.5,     16
2024-08-10, 11:07:00,  -05:00, MANSEQ,   41.4293772, -108.4347800, 10411.3, 30.29, 10725.4,  14.5, 175.74, 208.90, 2007.69,   5.39,  -0.41,  -0.00,  -0.02, 270.0, 266.8,  27.8,  28.8,   4.7,  -1.0, 141.58, 141.17,    86.73,  188.80,   75.91,       ,       ,        ,        ,        ,  757.38,    0.93,    0.94,         ,       ,       ,        ,        ,        , 10670.2, 211,  GPS,  350.0, 110.10, 110.10, 126.100, 121.800, 6887.837,       ,  12.23,   -5.7,    5.0,       ,    7.6,      1,   HDG, FLCIAS,   0.2,   5.5, 2003.9, 3DDiff, 1852,      ,      9,  13.5,     16
2024-08-10, 11:07:01,  -05:00, MANSEQ,   41.4294496, -108.4360236, 10441.3, 30.29, 10759.3,  14.8, 174.46, 208.13, 1954.71,   5.35,  -0.26,  -0.00,  -0.04, 270.0, 266.8,  27.8,  28.8,   4.7,  -1.0, 141.58, 141.13,    86.30,  188.86,   75.78,       ,       ,        ,        ,        ,  757.00,    0.93,    0.94,         ,       ,       ,        ,        ,        , 10704.1, 210,  GPS,  350.0, 110.10, 110.10, 126.100, 121.800, 6887.837,       ,  12.19,   -5.7,    5.0,       ,    7.6,      1,   HDG, FLCIAS,   0.1,   5.5, 1976.4, 3DDiff, 1852,      ,      9,  13.5,     16
2024-08-10, 11:07:02,  -05:00, MANSEQ,   41.4295221, -108.4372596, 10470.3, 30.29, 10791.5,  14.8, 172.98, 207.43, 1928.42,   5.25,   0.64,  -0.01,   0.03, 270.0, 266.8,  27.8,  28.8,   4.6,  -1.0, 141.59, 141.09,    86.69,  188.92,   75.90,       ,       ,        ,        ,        ,  756.75,    0.93,    0.94,         ,       ,       ,        ,        ,        , 10736.3, 208,  GPS,  350.0, 110.10, 110.10, 126.100, 121.800, 6887.837,       ,  12.15,   -5.8,    5.0,       ,    7.6,      1,   HDG, FLCIAS,   0.0,   5.4, 1909.4, 3DDiff, 1852,      ,     10,  13.5,     16
2024-08-10, 11:07:03,  -05:00, MANSEQ,   41.4295984, -108.4384955, 10500.3, 30.29, 10822.5,  14.8, 172.40, 206.75, 1890.39,   5.14,   0.43,   0.00,  -0.06, 269.8, 266.8,  27.8,  28.8,   4.6,  -1.1, 141.61, 141.07,    86.19,  188.96,   75.69,       ,       ,        ,        ,        ,  756.75,    0.93,    0.94,         ,       ,       ,        ,        ,        , 10767.2, 208,  GPS,  350.0, 110.10, 110.10, 126.100, 121.800, 6887.837,       ,  12.11,   -5.7,    5.0,       ,    7.6,      1,   HDG, FLCIAS,   0.0,   5.2, 1870.1, 3DDiff, 1852,      ,      9,  13.5,     16
2024-08-10, 11:07:04,  -05:00, MANSEQ,   41.4296709, -108.4397239, 10526.3, 30.29, 10851.9,  14.8, 171.49, 206.14, 1827.59,   5.09,  -0.31,  -0.00,  -0.01, 270.0, 266.8,  27.8,  28.8,   4.6,  -1.0, 141.64, 141.03,    86.24,  189.01,   75.90,       ,       ,        ,        ,        ,  756.75,    0.93,    0.94,         ,       ,       ,        ,        ,        , 10796.7, 207,  GPS,  350.0, 110.10, 110.10, 126.100, 121.800, 6887.837,       ,  12.07,   -5.6,    5.0,       ,    7.6,      1,   HDG, FLCIAS,   0.1,   5.1, 1779.5, 3DDiff, 1852,      ,      9,  13.5,     16
2024-08-10, 11:07:05,  -05:00, MANSEQ,   41.4297396, -108.4409522, 10554.3, 30.29, 10881.0,  14.8, 171.32, 205.58, 1765.22,   4.74,  -0.34,  -0.00,  -0.06, 270.0, 266.8,  27.8,  28.8,   4.6,  -1.0, 141.65, 140.99,    86.29,  189.06,   75.72,       ,       ,        ,        ,        ,  756.75,    0.93,    0.94,         ,       ,       ,        ,        ,        , 10825.8, 207,  GPS,  350.0, 110.10, 110.10, 126.100, 121.800, 6887.837,       ,  12.02,   -5.5,    5.0,       ,    7.6,      1,   HDG, FLCIAS,   0.1,   5.0, 1748.0, 3DDiff, 1852,      ,      9,  13.5,     16
2024-08-10, 11:07:06,  -05:00, MANSEQ,   41.4298159, -108.4421805, 10580.3, 30.29, 10908.8,  14.8, 170.57, 205.13, 1710.96,   4.82,   0.38,   0.00,  -0.04, 269.8, 266.8,  27.8,  28.8,   4.6,  -1.0, 141.65, 140.93,    86.42,  189.14,   75.89,       ,       ,        ,        ,        ,  756.50,    0.93,    0.94,         ,       ,       ,        ,        ,        , 10853.6, 206,  GPS,  350.0, 110.10, 110.10, 126.100, 121.800, 6887.837,       ,  11.98,   -5.3,    5.0,       ,    7.6,      1,   HDG, FLCIAS,   0.1,   5.0, 1665.4, 3DDiff, 1852,      ,      9,  13.5,     16
2024-08-10, 11:07:07,  -05:00, MANSEQ,   41.4298883, -108.4434012, 10605.3, 30.29, 10935.4,  14.8, 170.41, 204.65, 1629.46,   4.65,   0.26,   0.00,  -0.05, 269.6, 266.8,  27.8,  28.8,   4.6,  -1.0, 141.67, 140.92,    86.27,  189.21,   75.89,       ,       ,        ,        ,        ,  756.62,    0.93,    0.94,         ,       ,       ,        ,        ,        , 10880.2, 206,  GPS,  350.0, 110.10, 110.10, 126.100, 121.800, 6887.837,       ,  11.92,   -5.1,    5.0,       ,    7.6,      1,   HDG, FLCIAS,   0.2,   4.9, 1653.5, 3DDiff, 1852,      ,      9,  13.5,     16
2024-08-10, 11:07:08,  -05:00, MANSEQ,   41.4299608, -108.4446219, 10631.3, 30.29, 10962.3,  14.8, 169.77, 204.16, 1597.48,   4.97,   0.27,  -0.01,   0.02, 269.5, 266.8,  27.8,  28.8,   4.6,  -1.1, 141.71, 140.91,    86.31,  189.21,   75.78,       ,       ,        ,        ,        ,  756.50,    0.93,    0.94,         ,       ,       ,        ,        ,        , 10907.1, 205,  GPS,  350.0, 110.10, 110.10, 126.100, 121.800, 6887.837,       ,  11.86,   -4.9,    5.0,       ,    7.6,      1,   HDG, FLCIAS,   0.4,   4.9, 1637.8, 3DDiff, 1852,      ,     10,  13.5,     16
2024-08-10, 11:07:09,  -05:00, MANSEQ,   41.4300333, -108.4458350, 10655.3, 30.29, 10989.6,  14.8, 169.59, 203.68, 1554.29,   4.91,   0.31,  -0.00,  -0.01, 269.6, 266.8,  27.8,  28.8,   4.7,  -1.1, 141.74, 140.91,    86.25,  189.26,   75.85,       ,       ,        ,        ,        ,  756.50,    0.93,    0.94,         ,       ,       ,        ,        ,        , 10934.4, 205,  GPS,  350.0, 110.10, 110.10, 126.100, 121.800, 6887.837,       ,  11.79,   -4.6,    5.0,       ,    7.6,      1,   HDG, FLCIAS,   0.7,   4.8, 1645.7, 3DDiff, 1852,      ,      9,  13.5,     16
2024-08-10, 11:07:10,  -05:00, MANSEQ,   41.4301096, -108.4470557, 10680.3, 30.29, 11016.5,  14.8, 169.15, 203.19, 1538.58,   4.88,   0.73,   0.00,   0.00, 269.6, 266.9,  27.8,  28.8,   4.7,  -1.1, 141.72, 140.89,    85.82,  189.28,   75.77,       ,       ,        ,        ,        ,  756.50,    0.93,    0.94,         ,       ,       ,        ,        ,        , 10961.3, 204,  GPS,  350.0, 110.10, 110.10, 126.100, 121.800, 6887.837,       ,  11.72,   -4.4,    5.0,       ,    7.6,      1,   HDG, FLCIAS,   0.7,   4.8, 1626.0, 3DDiff, 1852,      ,      9,  13.5,     16
2024-08-10, 11:07:11,  -05:00, MANSEQ,   41.4301821, -108.4482611, 10705.3, 30.29, 11043.1,  14.5, 168.64, 202.74, 1543.07,   4.80,   0.98,   0.00,  -0.00, 269.7, 266.9,  27.8,  28.8,   4.7,  -1.1, 141.75, 140.90,    85.91,  189.34,   75.85,       ,       ,        ,        ,        ,  756.62,    0.93,    0.94,         ,       ,       ,        ,        ,        , 10987.9, 204,  GPS,  350.0, 110.10, 110.10, 126.100, 121.800, 6887.837,       ,  11.63,   -4.2,    5.0,       ,    7.6,      1,   HDG, FLCIAS,   0.6,   4.8, 1602.4, 3DDiff, 1852,      ,      9,  13.5,     16
2024-08-10, 11:07:12,  -05:00, MANSEQ,   41.4302584, -108.4494742, 10729.3, 30.29, 11068.8,  14.5, 168.38, 202.32, 1530.31,   4.94,   0.82,  -0.01,   0.05, 270.0, 267.0,  27.8,  28.8,   4.6,  -1.1, 141.75, 140.85,    86.69,  189.41,   75.92,       ,       ,        ,        ,        ,  756.75,    0.93,    0.94,         ,       ,       ,        ,        ,        , 11013.6, 204,  GPS,  350.0, 110.10, 110.10, 126.100, 121.800, 6887.837,       ,  11.55,   -4.0,    5.0,       ,    7.6,      1,   HDG, FLCIAS,   0.6,   4.7, 1555.1, 3DDiff, 1852,      ,      9,  13.5,     16
2024-08-10, 11:07:13,  -05:00, MANSEQ,   41.4303308, -108.4506720, 10752.3, 30.29, 11095.3,  14.5, 167.62, 201.91, 1503.52,   4.65,  -0.14,  -0.01,   0.06, 270.2, 267.0,  27.8,  28.8,   4.6,  -1.0, 141.75, 140.85,    86.01,  189.50,   75.66,       ,       ,        ,        ,        ,  756.88,    0.93,    0.94,         ,       ,       ,        ,        ,        , 11040.1, 203,  GPS,  350.0, 110.10, 110.10, 126.100, 121.800, 6887.837,       ,  11.46,   -3.7,    5.0,       ,    7.6,      1,   HDG, FLCIAS,   0.3,   4.5, 1543.3, 3DDiff, 1852,      ,     10,  13.5,     16
2024-08-10, 11:07:14,  -05:00, MANSEQ,   41.4304109, -108.4518851, 10775.3, 30.29, 11120.6,  14.5, 167.31, 201.58, 1492.31,   4.47,   0.33,  -0.00,  -0.01, 269.9, 267.2,  27.8,  28.8,   4.6,  -1.0, 141.74, 140.85,    86.41,  189.54,   75.70,       ,       ,        ,        ,        ,  756.75,    0.93,    0.94,         ,       ,       ,        ,        ,        , 11065.4, 203,  GPS,  350.0, 110.10, 110.10, 126.100, 121.800, 6887.837,       ,  11.38,   -3.5,    5.0,       ,    7.6,      1,   HDG, FLCIAS,  -0.0,   4.4, 1492.1, 3DDiff, 1852,      ,     10,  13.5,     16
2024-08-10, 11:07:15,  -05:00, MANSEQ,   41.4304872, -108.4530829, 10797.3, 30.29, 11144.8,  14.5, 167.43, 201.32, 1438.72,   4.12,   0.46,  -0.00,  -0.03, 269.8, 267.1,  27.8,  28.8,   4.5,  -1.1, 141.68, 140.82,    86.36,  189.56,   75.78,       ,       ,        ,        ,        ,  756.88,    0.93,    0.94,         ,       ,       ,        ,        ,        , 11089.6, 203,  GPS,  350.0, 110.10, 110.10, 126.100, 121.800, 6887.837,       ,  11.30,   -3.3,    5.0,       ,    7.6,      1,   HDG, FLCIAS,  -0.1,   4.2, 1440.9, 3DDiff, 1852,      ,      9,  13.5,     16
2024-08-10, 11:07:16,  -05:00, MANSEQ,   41.4305597, -108.4542884, 10819.3, 30.29, 11167.3,  14.5, 167.16, 201.15, 1389.51,   4.06,  -0.07,  -0.00,   0.00, 269.9, 267.1,  27.8,  28.8,   4.5,  -1.1, 141.67, 140.75,    86.39,  189.57,   75.81,       ,       ,        ,        ,        ,  756.88,    0.93,    0.94,         ,       ,       ,        ,        ,        , 11112.1, 203,  GPS,  350.0, 110.10, 110.10, 126.100, 121.800, 6887.837,       ,  11.22,   -3.1,    5.0,       ,    7.6,      1,   HDG, FLCIAS,   0.0,   4.2, 1366.1, 3DDiff, 1852,      ,      9,  13.5,     16
2024-08-10, 11:07:17,  -05:00, MANSEQ,   41.4306398, -108.4554786, 10840.3, 30.29, 11189.3,  14.2, 167.29, 201.01, 1324.58,   4.03,   0.05,  -0.01,  -0.05, 269.8, 267.1,  27.8,  28.8,   4.5,  -1.1, 141.69, 140.78,    86.08,  189.61,   75.93,       ,       ,        ,        ,        ,  756.88,    0.93,    0.94,         ,       ,       ,        ,        ,        , 11134.1, 203,  GPS,  350.0, 110.10, 110.10, 126.100, 121.800, 6887.837,       ,  11.13,   -2.9,    5.0,       ,    7.6,      1,   HDG, FLCIAS,   0.1,   4.1, 1318.9, 3DDiff, 1852,      ,      9,  13.5,     16
2024-08-10, 11:07:18,  -05:00, MANSEQ,   41.4307161, -108.4566840, 10860.3, 30.29, 11210.8,  14.2, 167.16, 200.88, 1283.96,   4.06,   0.52,  -0.01,   0.00, 269.6, 267.3,  27.8,  28.8,   4.6,  -1.0, 141.64, 140.78,    86.39,  189.61,   75.79,       ,       ,        ,        ,        ,  757.00,    0.93,    0.94,         ,       ,       ,        ,        ,        , 11155.6, 203,  GPS,  350.0, 110.10, 110.10, 126.100, 121.800, 6887.837,       ,  11.05,   -2.7,    5.0,       ,    7.6,      1,   HDG, FLCIAS,   0.2,   4.2, 1283.5, 3DDiff, 1852,      ,      9,  14.0,     16
2024-08-10, 11:07:19,  -05:00, MANSEQ,   41.4307924, -108.4578818, 10878.3, 30.29, 11231.2,  14.2, 166.16, 200.76, 1250.79,   4.03,  -0.26,   0.00,  -0.01, 269.8, 267.2,  27.8,  28.8,   4.4,  -1.0, 141.63, 140.78,    86.53,  189.56,   76.02,       ,       ,        ,        ,        ,  757.12,    0.93,    0.94,         ,       ,       ,        ,        ,        , 11176.0, 202,  GPS,  350.0, 110.10, 110.10, 126.100, 121.800, 6887.837,       ,  10.95,   -2.5,    5.0,       ,    7.6,      1,   HDG, FLCIAS,   0.3,   4.1, 1279.5, 3DDiff, 1852,      ,     10,  14.0,     16
2024-08-10, 11:07:20,  -05:00, MANSEQ,   41.4308687, -108.4590796, 10898.3, 30.29, 11251.5,  14.2, 165.94, 200.66, 1229.82,   4.03,   0.52,   0.00,   0.00, 269.4, 267.2,  27.8,  28.8,   4.5,  -1.1, 141.60, 140.69,    86.27,  189.63,   75.76,       ,       ,        ,        ,        ,  757.25,    0.93,    0.94,         ,       ,       ,        ,        ,        , 11196.3, 201,  GPS,  350.0, 110.10, 110.10, 126.100, 121.800, 6887.837,       ,  10.85,   -2.3,    5.0,       ,    7.6,      1,   HDG, FLCIAS,   0.4,   3.9, 1248.0, 3DDiff, 1852,      ,     10,  13.5,     16
2024-08-10, 11:07:21,  -05:00, MANSEQ,   41.4309488, -108.4602851, 10917.3, 30.29, 11271.8,  14.2, 166.34, 200.57, 1189.76,   3.87,   0.69,  -0.00,  -0.03, 269.5, 267.2,  27.8,  28.8,   4.5,  -1.1, 141.58, 140.72,    86.23,  189.68,   76.10,       ,       ,        ,        ,        ,  757.62,    0.93,    0.94,         ,       ,       ,        ,        ,        , 11216.6, 202,  GPS,  350.0, 110.10, 110.10, 126.100, 121.800, 6887.837,       ,  10.74,   -2.1,    5.0,       ,    7.6,      1,   HDG, FLCIAS,   0.6,   3.7, 1228.3, 3DDiff, 1852,      ,      9,  13.5,     16
2024-08-10, 11:07:22,  -05:00, MANSEQ,   41.4310289, -108.4614753, 10937.3, 30.29, 11291.1,  14.0, 166.76, 200.51, 1165.73,   3.77,   1.30,  -0.01,  -0.02, 269.6, 267.3,  27.8,  28.8,   4.6,  -1.1, 141.55, 140.66,    86.28,  189.69,   75.79,       ,       ,        ,        ,        ,  757.75,    0.93,    0.94,         ,       ,       ,        ,        ,        , 11235.9, 202,  GPS,  350.0, 110.10, 110.10, 126.100, 121.800, 6887.837,       ,  10.62,   -2.0,    5.0,       ,    7.6,      1,   HDG, FLCIAS,   0.7,   3.7, 1173.2, 3DDiff, 1852,      ,      9,  13.5,     16
2024-08-10, 11:07:23,  -05:00, MANSEQ,   41.4311052, -108.4626731, 10956.3, 30.29, 11309.6,  14.0, 167.10, 200.45, 1120.97,   3.81,   0.63,  -0.00,  -0.01, 269.7, 267.4,  27.8,  28.8,   4.6,  -1.1, 141.52, 140.65,    85.99,  189.68,   75.74,       ,       ,        ,        ,        ,  757.75,    0.93,    0.94,         ,       ,       ,        ,        ,        , 11254.4, 203,  GPS,  350.0, 110.10, 110.10, 126.100, 121.800, 6887.837,       ,  10.50,   -1.9,    5.0,       ,    7.6,      1,   HDG, FLCIAS,   0.7,   3.8, 1126.0, 3DDiff, 1852,      ,      9,  13.5,     16
2024-08-10, 11:07:24,  -05:00, MANSEQ,   41.4311930, -108.4638709, 10974.3, 30.29, 11328.4,  14.0, 166.89, 200.39, 1089.80,   4.06,  -0.14,  -0.00,   0.03, 269.6, 267.6,  27.8,  28.8,   4.6,  -1.0, 141.52, 140.56,    86.41,  189.68,   76.07,       ,       ,        ,        ,        ,  758.00,    0.93,    0.94,         ,       ,       ,        ,        ,        , 11273.2, 203,  GPS,  350.0, 110.10, 110.10, 126.100, 121.800, 6887.837,       ,  10.37,   -1.8,    5.0,       ,    7.6,      1,   HDG, FLCIAS,   0.6,   4.0, 1126.0, 3DDiff, 1852,      ,      9,  14.0,     16
2024-08-10, 11:07:25,  -05:00, MANSEQ,   41.4312693, -108.4650611, 10990.3, 30.29, 11348.7,  13.8, 166.73, 200.31, 1053.31,   3.88,   0.34,  -0.00,  -0.03, 269.9, 267.5,  27.8,  28.8,   4.5,  -1.0, 141.47, 140.59,    86.42,  189.68,   76.00,       ,       ,        ,        ,        ,  757.88,    0.93,    0.94,         ,       ,       ,        ,        ,        , 11293.5, 202,  GPS,  350.0, 110.10, 110.10, 126.100, 121.800, 6887.837,       ,  10.24,   -1.9,    5.0,       ,    7.6,      1,   HDG, FLCIAS,   0.6,   4.1, 1157.5, 3DDiff, 1852,      ,     10,  14.0,     16
2024-08-10, 11:07:26,  -05:00, MANSEQ,   41.4313570, -108.4662589, 11010.3, 30.29, 11368.7,  13.8, 167.73, 200.16, 1053.11,   4.36,   0.16,  -0.00,   0.05, 269.8, 267.5,  27.8,  28.8,   4.5,  -1.1, 141.40, 140.52,    86.29,  189.70,   75.84,       ,       ,        ,        ,        ,  758.00,    0.93,    0.94,         ,       ,       ,        ,        ,        , 11313.5, 204,  GPS,  350.0, 110.10, 110.10, 126.100, 121.800, 6887.837,       ,  10.11,   -1.9,    5.0,       ,    7.6,      1,   HDG, FLCIAS,   0.4,   4.2, 1169.3, 3DDiff, 1852,      ,     10,  13.5,     16
2024-08-10, 11:07:27,  -05:00, MANSEQ,   41.4314371, -108.4674567, 11028.3, 30.29, 11390.0,  13.8, 167.75, 199.92, 1053.40,   4.32,   0.57,  -0.01,   0.03, 269.9, 267.5,  27.8,  28.8,   4.5,  -1.1, 141.37, 140.54,    86.35,  189.72,   75.82,       ,       ,        ,        ,        ,  757.88,    0.93,    0.94,         ,       ,       ,        ,        ,        , 11334.8, 204,  GPS,  350.0, 110.10, 110.10, 126.100, 121.800, 6887.837,       ,   9.98,   -2.1,    5.0,       ,    7.6,      1,   HDG, FLCIAS,   0.3,   4.3, 1248.0, 3DDiff, 1852,      ,      9,  13.5,     16
2024-08-10, 11:07:28,  -05:00, MANSEQ,   41.4315210, -108.4686469, 11049.3, 30.29, 11412.7,  13.8, 167.63, 199.63, 1096.26,   4.47,   0.83,   0.01,   0.01, 269.8, 267.5,  27.8,  28.8,   4.5,  -1.1, 141.36, 140.46,    86.55,  189.74,   75.73,       ,       ,        ,        ,        ,  757.88,    0.93,    0.94,         ,       ,       ,        ,        ,        , 11357.5, 204,  GPS,  350.0, 110.10, 110.10, 126.100, 121.800, 6887.837,       ,   9.86,   -2.4,    5.0,       ,    7.6,      1,   HDG, FLCIAS,   0.2,   4.5, 1346.5, 3DDiff, 1852,      ,      9,  13.5,     16
2024-08-10, 11:07:29,  -05:00, MANSEQ,   41.4316049, -108.4698294, 11072.3, 30.29, 11437.2,  13.5, 168.62, 199.30, 1160.55,   4.57,   0.71,   0.01,   0.06, 269.4, 267.6,  27.8,  28.8,   4.5,  -1.1, 141.32, 140.48,    86.00,  189.73,   75.94,       ,       ,        ,        ,        ,  758.00,    0.93,    0.94,         ,       ,       ,        ,        ,        , 11381.9, 205,  GPS,  350.0, 110.10, 110.10, 126.100, 121.800, 6887.837,       ,   9.74,   -2.8,    5.0,       ,    7.6,      1,   HDG, FLCIAS,   0.2,   4.7, 1448.8, 3DDiff, 1852,      ,      9,  14.0,     16
2024-08-10, 11:07:30,  -05:00, MANSEQ,   41.4316927, -108.4710196, 11096.3, 30.29, 11463.1,  13.5, 168.76, 198.89, 1234.84,   5.08,   0.34,   0.00,   0.06, 269.5, 267.7,  27.8,  28.8,   4.5,  -1.3, 141.28, 140.48,    86.76,  189.72,   75.88,       ,       ,        ,        ,        ,  758.12,    0.93,    0.94,         ,       ,       ,        ,        ,        , 11407.9, 205,  GPS,  350.0, 110.10, 110.10, 126.100, 121.800, 6887.837,       ,   9.62,   -3.4,    5.0,       ,    7.6,      1,   HDG, FLCIAS,   0.6,   4.9, 1535.4, 3DDiff, 1852,      ,      9,  14.0,     16
2024-08-10, 11:07:31,  -05:00, MANSEQ,   41.4317728, -108.4722022, 11119.3, 30.29, 11489.7,  13.5, 167.67, 198.35, 1321.66,   5.21,   0.10,  -0.01,   0.05, 270.3, 267.7,  27.8,  28.8,   4.6,  -1.4, 141.25, 140.45,    86.33,  189.74,   75.99,       ,       ,        ,        ,        ,  758.38,    0.93,    0.94,         ,       ,       ,        ,        ,        , 11434.5, 204,  GPS,  350.0, 110.10, 110.10, 126.100, 121.800, 6887.837,       ,   9.50,   -4.2,    5.0,       ,    7.6,      1,   HDG, FLCIAS,   0.7,   5.1, 1641.7, 3DDiff, 1852,      ,     10,  14.0,     16
2024-08-10, 11:07:32,  -05:00, MANSEQ,   41.4318567, -108.4733847, 11146.3, 30.29, 11518.3,  13.5, 167.91, 197.77, 1427.11,   5.27,   0.27,   0.00,   0.02, 270.5, 267.7,  27.8,  28.8,   4.7,  -1.3, 141.19, 140.37,    86.21,  189.78,   75.91,       ,       ,        ,        ,        ,  758.25,    0.93,    0.94,         ,       ,       ,        ,        ,        , 11463.1, 204,  GPS,  350.0, 110.10, 110.10, 126.100, 121.800, 6887.837,       ,   9.39,   -5.1,    5.0,       ,    7.6,      1,   HDG, FLCIAS,   0.2,   5.2, 1736.2, 3DDiff, 1852,      ,     10,  13.5,     16
2024-08-10, 11:07:33,  -05:00, MANSEQ,   41.4319406, -108.4745597, 11174.3, 30.29, 11548.1,  13.2, 168.91, 197.16, 1540.09,   5.50,  -0.32,  -0.00,  -0.01, 270.2, 267.7,  27.8,  28.8,   4.6,  -1.1, 141.12, 140.30,    86.55,  189.86,   75.98,       ,       ,        ,        ,        ,  758.25,    0.93,    0.94,         ,       ,       ,        ,        ,        , 11492.9, 206,  GPS,  350.0, 110.10, 110.10, 126.100, 121.800, 6887.837,       ,   9.31,   -6.2,    5.0,       ,    7.6,      1,   HDG, FLCIAS,  -0.4,   5.3, 1787.4, 3DDiff, 1852,      ,      9,  13.5,     16
2024-08-10, 11:07:34,  -05:00, MANSEQ,   41.4320207, -108.4757346, 11198.3, 30.29, 11577.3,  13.2, 165.99, 196.60, 1617.06,   5.47,  -0.73,   0.01,   0.07, 270.5, 267.6,  27.8,  28.8,   4.5,  -1.1, 141.11, 140.33,    85.96,  189.89,   75.69,       ,       ,        ,        ,        ,  758.12,    0.93,    0.94,         ,       ,       ,        ,        ,        , 11523.0, 202,  GPS,  350.0, 110.10, 110.10, 126.100, 121.800, 6887.837,       ,   9.25,   -7.4,    5.0,       ,    7.6,      1,   HDG, FLCIAS,  -0.6,   5.4, 1811.0, 3DDiff, 1852,      ,      9,  13.5,     16
2024-08-10, 11:07:35,  -05:00, MANSEQ,   41.4321047, -108.4769019, 11225.3, 30.29, 11607.7,  13.2, 165.77, 196.06, 1662.19,   5.16,  -0.40,  -0.01,  -0.09, 270.3, 267.6,  27.8,  28.8,   4.5,  -1.1, 141.06, 140.30,    86.00,  189.91,   75.98,       ,       ,        ,        ,        ,  758.12,    0.93,    0.94,         ,       ,       ,        ,        ,        , 11553.4, 202,  GPS,  350.0, 110.10, 110.10, 126.100, 121.800, 6887.837,       ,   9.22,   -8.7,    5.0,       ,    7.6,      1,   HDG, FLCIAS,  -0.7,   5.1, 1834.6, 3DDiff, 1852,      ,      9,  13.5,     16
2024-08-10, 11:07:36,  -05:00, MANSEQ,   41.4321848, -108.4780692, 11255.3, 30.29, 11636.9,  13.2, 166.47, 195.63, 1717.47,   4.84,  -1.09,   0.00,  -0.05, 270.4, 267.5,  27.8,  28.8,   4.5,  -1.0, 141.00, 140.31,    85.97,  189.98,   75.75,       ,       ,        ,        ,        ,  757.75,    0.93,    0.94,         ,       ,       ,        ,        ,        , 11582.6, 203,  GPS,  350.0, 110.10, 110.10, 126.100, 121.800, 6887.837,       ,   9.22,  -10.0,    5.0,       ,    7.6,      1,   HDG, FLCIAS,  -0.7,   4.8, 1763.8, 3DDiff, 1852,      ,      9,  14.0,     16
2024-08-10, 11:07:37,  -05:00, MANSEQ,   41.4322649, -108.4792289, 11282.3, 30.29, 11665.0,  13.2, 166.51, 195.28, 1690.77,   4.80,  -0.21,  -0.01,  -0.02, 270.4, 267.4,  27.8,  28.8,   4.5,  -1.0, 140.95, 140.32,    86.01,  190.05,   75.86,       ,       ,        ,        ,        ,  757.88,    0.93,    0.94,         ,       ,       ,        ,        ,        , 11610.7, 203,  GPS,  350.0, 110.10, 110.10, 126.100, 121.800, 6887.837,       ,   9.24,  -11.3,    5.0,       ,    7.6,      1,   HDG, FLCIAS,  -0.7,   4.8, 1645.7, 3DDiff, 1852,      ,     10,  14.0,     16
2024-08-10, 11:07:38,  -05:00, MANSEQ,   41.4323412, -108.4803962, 11309.3, 30.29, 11692.1,  13.0, 167.56, 194.93, 1599.98,   4.81,  -0.87,   0.00,   0.04, 270.5, 267.2,  27.8,  28.8,   4.5,  -1.0, 140.92, 140.42,    85.98,  190.05,   75.93,       ,       ,        ,        ,        ,  757.88,    0.93,    0.94,         ,       ,       ,        ,        ,        , 11637.8, 204,  GPS,  350.0, 110.10, 110.10, 126.100, 121.800, 6887.837,       ,   9.28,  -12.6,    5.0,       ,    7.6,      1,   HDG, FLCIAS,  -0.6,   4.8, 1598.4, 3DDiff, 1852,      ,     10,  13.5,     16
2024-08-10, 11:07:39,  -05:00, MANSEQ,   41.4324175, -108.4815558, 11331.3, 30.29, 11719.2,  13.0, 165.81, 194.58, 1555.36,   4.77,  -0.12,  -0.01,  -0.02, 270.4, 267.3,  27.8,  28.8,   4.5,  -1.0, 140.91, 140.40,    85.45,  190.08,   75.91,       ,       ,        ,        ,        ,  758.00,    0.93,    0.94,         ,       ,       ,        ,        ,        , 11664.9, 202,  GPS,  350.0, 110.10, 110.10, 126.100, 121.800, 6887.837,       ,   9.36,  -14.1,    5.0,       ,    7.6,      1,   HDG, FLCIAS,  -0.6,   5.0, 1606.3, 3DDiff, 1852,      ,      9,  13.5,     16
2024-08-10, 11:07:40,  -05:00, MANSEQ,   41.4324938, -108.4827231, 11354.3, 30.29, 11745.9,  13.0, 165.25, 194.29, 1527.75,   4.77,  -0.85,   0.02,  -0.04, 270.4, 267.2,  27.8,  28.8,   4.5,  -1.1, 140.90, 140.44,    85.97,  190.08,   75.81,       ,       ,        ,        ,        ,  757.88,    0.93,    0.94,         ,       ,       ,        ,        ,        , 11691.6, 202,  GPS,  350.0, 110.10, 110.10, 126.100, 121.800, 6887.837,       ,   9.47,  -15.5,    5.0,       ,    7.6,      1,   HDG, FLCIAS,  -0.7,   4.9, 1602.4, 3DDiff, 1852,      ,      9,  13.5,     16
2024-08-10, 11:07:41,  -05:00, MANSEQ,   41.4325701, -108.4838752, 11380.3, 30.29, 11772.9,  13.0, 165.66, 193.92, 1517.09,   4.70,  -0.75,  -0.01,  -0.06, 270.4, 267.2,  27.8,  28.8,   4.5,  -1.0, 140.88, 140.42,    85.88,  190.09,   75.73,       ,       ,        ,        ,        ,  757.88,    0.93,    0.94,         ,       ,       ,        ,        ,        , 11718.6, 202,  GPS,  350.0, 110.10, 110.10, 126.100, 121.800, 6887.837,       ,   9.60,  -16.8,    5.0,       ,    7.6,      1,   HDG, FLCIAS,  -0.7,   4.6, 1614.2, 3DDiff, 1852,      ,      9,  13.5,     16
2024-08-10, 11:07:42,  -05:00, MANSEQ,   41.4326387, -108.4850348, 11407.3, 30.29, 11799.1,  13.0, 166.62, 193.61, 1494.02,   4.57,  -0.69,   0.00,  -0.08, 270.5, 267.1,  27.8,  28.8,   4.5,  -1.0, 140.80, 140.47,    85.62,  190.12,   75.94,       ,       ,        ,        ,        ,  758.00,    0.93,    0.94,         ,       ,       ,        ,        ,        , 11744.8, 204,  GPS,  350.0, 110.10, 110.10, 126.100, 121.800, 6887.837,       ,   9.75,  -18.1,    5.0,       ,    7.6,      1,   HDG, FLCIAS,  -0.6,   4.5, 1559.1, 3DDiff, 1852,      ,      9,  13.5,     16
2024-08-10, 11:07:43,  -05:00, MANSEQ,   41.4327112, -108.4861869, 11427.3, 30.29, 11822.6,  12.8, 164.56, 193.33, 1492.16,   4.52,  -0.90,   0.00,  -0.02, 270.2, 267.0,  27.8,  28.8,   4.5,  -1.0, 140.77, 140.47,    85.68,  190.10,   76.00,       ,       ,        ,        ,        ,  758.00,    0.93,    0.94,         ,       ,       ,        ,        ,        , 11768.4, 201,  GPS,  350.0, 110.10, 110.10, 126.100, 121.800, 6887.837,       ,   9.92,  -19.4,    5.0,       ,    7.6,      1,   HDG, FLCIAS,  -0.7,   4.7, 1480.3, 3DDiff, 1852,      ,      9,  13.5,     16
2024-08-10, 11:07:44,  -05:00, MANSEQ,   41.4327837, -108.4873465, 11447.3, 30.29, 11846.0,  12.8, 163.30, 193.20, 1472.09,   4.03,  -0.36,  -0.00,  -0.12, 270.3, 266.8,  27.8,  28.8,   4.5,  -1.1, 140.73, 140.51,    85.49,  190.13,   75.74,       ,       ,        ,        ,        ,  758.12,    0.93,    0.94,         ,       ,       ,        ,        ,        , 11791.7, 200,  GPS,  350.0, 110.10, 110.10, 126.100, 121.800, 6887.837,       ,  10.11,  -20.5,    5.0,       ,    7.6,      1,   HDG, FLCIAS,  -0.6,   4.4, 1437.0, 3DDiff, 1852,      ,     10,  13.5,     16
2024-08-10, 11:07:45,  -05:00, MANSEQ,   41.4328523, -108.4884986, 11465.3, 30.29, 11867.4,  12.8, 161.37, 193.18, 1443.58,   3.74,   0.05,   0.01,  -0.08, 270.3, 266.9,  27.8,  28.8,   4.4,  -1.0, 140.78, 140.51,    85.17,  190.17,   75.83,       ,       ,        ,        ,        ,  758.25,    0.93,    0.94,         ,       ,       ,        ,        ,        , 11813.1, 197,  GPS,  350.0, 110.10, 110.10, 126.100, 121.800, 6887.837,       ,  10.30,  -21.5,    5.0,       ,    7.6,      1,   HDG, FLCIAS,  -0.5,   3.9, 1311.0, 3DDiff, 1852,      ,      9,  13.5,     16
2024-08-10, 11:07:46,  -05:00, MANSEQ,   41.4329248, -108.4896506, 11488.3, 30.29, 11886.7,  12.8, 162.47, 193.28, 1373.42,   3.41,  -0.27,  -0.00,  -0.02, 270.0, 266.9,  27.8,  28.8,   4.5,  -1.0, 140.78, 140.55,    85.72,  190.20,   75.84,       ,       ,        ,        ,        ,  757.88,    0.93,    0.94,         ,       ,       ,        ,        ,        , 11832.4, 199,  GPS,  350.0, 110.10, 110.10, 126.100, 121.800, 6887.837,       ,  10.49,  -22.3,    5.0,       ,    7.6,      1,   HDG, FLCIAS,  -0.4,   3.2, 1177.2, 3DDiff, 1852,      ,      9,  13.5,     16
2024-08-10, 11:07:47,  -05:00, MANSEQ,   41.4329935, -108.4908103, 11510.3, 30.29, 11902.2,  12.8, 165.37, 193.51, 1219.13,   3.00,  -0.58,   0.00,  -0.07, 270.2, 266.9,  27.8,  28.8,   4.6,  -1.1, 140.83, 140.58,    85.73,  190.21,   75.67,       ,       ,        ,        ,        ,  757.75,    0.93,    0.94,         ,       ,       ,        ,        ,        , 11847.9, 202,  GPS,  350.0, 110.10, 110.10, 126.100, 121.800, 6887.837,       ,  10.67,  -22.9,    5.0,       ,    7.6,      1,   HDG, FLCIAS,  -0.3,   2.9, 964.6, 3DDiff, 1852,      ,      9,  13.5,     16
2024-08-10, 11:07:48,  -05:00, MANSEQ,   41.4330622, -108.4919699, 11522.3, 30.29, 11915.8,  12.8, 164.30, 193.80, 1035.65,   2.83,   0.08,   0.00,  -0.05, 270.2, 267.0,  27.8,  28.8,   4.5,  -1.1, 140.87, 140.57,    86.17,  190.20,   76.07,       ,       ,        ,        ,        ,  757.62,    0.93,    0.94,         ,       ,       ,        ,        ,        , 11861.5, 201,  GPS,  350.0, 110.10, 110.10, 126.100, 121.800, 6887.837,       ,  10.86,  -23.6,    5.0,       ,    7.6,      1,   HDG, FLCIAS,  -0.3,   3.3, 838.6, 3DDiff, 1852,      ,      9,  13.5,     16
2024-08-10, 11:07:49,  -05:00, MANSEQ,   41.4331308, -108.4931220, 11533.3, 30.29, 11930.7,  12.5, 164.05, 194.05,  883.46,   3.53,  -0.51,   0.00,   0.04, 270.2, 266.8,  27.8,  28.8,   4.5,  -1.1, 140.83, 140.58,    85.82,  190.25,   75.82,       ,       ,        ,        ,        ,  757.75,    0.93,    0.94,         ,       ,       ,        ,        ,        , 11876.4, 201,  GPS,  350.0, 110.10, 110.10, 126.100, 121.800, 6887.837,       ,  11.05,  -24.1,    5.0,       ,    7.6,      1,   HDG, FLCIAS,  -0.3,   3.5, 838.6, 3DDiff, 1852,      ,      9,  13.5,     16
2024-08-10, 11:07:50,  -05:00, MANSEQ,   41.4331995, -108.4942817, 11548.3, 30.29, 11947.1,  12.5, 164.76, 194.23,  809.81,   3.58,  -0.14,  -0.01,   0.05, 270.1, 266.8,  27.8,  28.8,   4.5,  -1.0, 140.81, 140.48,    85.21,  190.29,   76.10,       ,       ,        ,        ,        ,  757.75,    0.93,    0.94,         ,       ,       ,        ,        ,        , 11892.8, 202,  GPS,  350.0, 110.10, 110.10, 126.100, 121.800, 6887.837,       ,  11.24,  -24.6,    5.0,       ,    7.6,      1,   HDG, FLCIAS,  -0.3,   3.4, 937.0, 3DDiff, 1852,      ,     10,  13.5,     16
2024-08-10, 11:07:51,  -05:00, MANSEQ,   41.4332720, -108.4954490, 11564.3, 30.29, 11964.3,  12.5, 164.99, 194.33,  815.21,   3.48,  -0.32,   0.00,   0.03, 270.0, 266.8,  27.8,  28.8,   4.5,  -1.0, 140.80, 140.51,    86.11,  190.31,   75.90,       ,       ,        ,        ,        ,  758.00,    0.94,    0.94,         ,       ,       ,        ,        ,        , 11910.0, 202,  GPS,  350.0, 110.10, 110.10, 126.100, 121.800, 6887.837,       ,  11.43,  -25.1,    5.0,       ,    7.6,      1,   HDG, FLCIAS,  -0.2,   3.4, 1003.9, 3DDiff, 1852,      ,      9,  13.5,     16
2024-08-10, 11:07:52,  -05:00, MANSEQ,   41.4333406, -108.4966086, 11581.3, 30.29, 11982.0,  12.2, 165.09, 194.40,  865.65,   3.63,  -0.13,  -0.00,   0.05, 270.1, 266.8,  27.8,  28.8,   4.5,  -1.1, 140.75, 140.45,    86.09,  190.34,   75.79,       ,       ,        ,        ,        ,  757.75,    0.94,    0.94,         ,       ,       ,        ,        ,        , 11927.7, 202,  GPS,  350.0, 110.10, 110.10, 126.100, 121.800, 6887.837,       ,  11.61,  -25.5,    5.0,       ,    7.6,      1,   HDG, FLCIAS,  -0.2,   3.6, 1051.2, 3DDiff, 1852,      ,      9,  13.5,     16
2024-08-10, 11:07:53,  -05:00, MANSEQ,   41.4334093, -108.4977759, 11598.3, 30.29, 12000.9,  12.2, 165.15, 194.46,  919.79,   3.74,  -0.33,  -0.01,   0.04, 269.9, 266.8,  27.8,  28.8,   4.4,  -1.2, 140.77, 140.50,    86.06,  190.29,   75.97,       ,       ,        ,        ,        ,  757.88,    0.94,    0.94,         ,       ,       ,        ,        ,        , 11946.6, 202,  GPS,  350.0, 110.10, 110.10, 126.100, 121.800, 6887.837,       ,  11.79,  -25.8,    5.0,       ,    7.6,      1,   HDG, FLCIAS,  -0.1,   3.7, 1122.0, 3DDiff, 1852,      ,      9,  13.5,     16
2024-08-10, 11:07:54,  -05:00, MANSEQ,   41.4334780, -108.4989356, 11618.3, 30.29, 12021.5,  12.2, 166.34, 194.44,  954.81,   3.88,  -0.16,  -0.00,   0.04, 269.9, 266.7,  27.8,  28.8,   4.5,  -1.1, 140.78, 140.50,    86.02,  190.30,   75.83,       ,       ,        ,        ,        ,  758.38,    0.94,    0.94,         ,       ,       ,        ,        ,        , 11967.2, 204,  GPS,  350.0, 110.10, 110.10, 126.100, 121.800, 6887.837,       ,  11.97,  -26.2,    5.0,       ,    7.6,      1,   HDG, FLCIAS,  -0.0,   3.8, 1212.6, 3DDiff, 1852,      ,      9,  13.5,     16
2024-08-10, 11:07:55,  -05:00, MANSEQ,   41.4335428, -108.5000953, 11637.3, 30.29, 12042.4,  12.2, 166.33, 194.35, 1011.02,   4.16,   0.04,   0.00,  -0.02, 269.8, 266.7,  27.8,  28.8,   4.5,  -1.1, 140.79, 140.51,    86.05,  190.28,   75.95,       ,       ,        ,        ,        ,  758.50,    0.94,    0.94,         ,       ,       ,        ,        ,        , 11988.1, 204,  GPS,  350.0, 110.10, 110.10, 126.100, 121.800, 6887.837,       ,  12.14,  -26.6,    5.0,       ,    7.6,      1,   HDG, FLCIAS,   0.1,   4.1, 1295.3, 3DDiff, 1852,      ,      9,  13.5,     16
2024-08-10, 11:07:56,  -05:00, MANSEQ,   41.4336115, -108.5012473, 11658.3, 30.29, 12064.5,  12.0, 166.24, 194.17, 1107.33,   4.46,   0.53,  -0.00,   0.03, 269.5, 266.9,  27.8,  28.8,   4.5,  -1.1, 140.77, 140.53,    85.81,  190.27,   75.98,       ,       ,        ,        ,        ,  758.75,    0.94,    0.94,         ,       ,       ,        ,        ,        , 12010.2, 204,  GPS,  350.0, 110.10, 110.10, 126.100, 121.800, 6887.837,       ,  12.31,  -27.0,    5.0,       ,    7.6,      1,   HDG, FLCIAS,   0.2,   4.3, 1346.5, 3DDiff, 1852,      ,     10,  13.5,     16
2024-08-10, 11:07:57,  -05:00, MANSEQ,   41.4336801, -108.5024146, 11681.3, 30.29, 12088.2,  12.0, 166.82, 193.88, 1178.49,   4.59,   0.10,   0.00,   0.02, 269.8, 266.8,  27.8,  28.8,   4.5,  -1.1, 140.79, 140.53,    85.87,  190.31,   75.78,       ,       ,        ,        ,        ,  758.88,    0.94,    0.94,         ,       ,       ,        ,        ,        , 12033.9, 205,  GPS,  350.0, 110.10, 110.10, 126.100, 121.800, 6887.837,       ,  12.47,  -27.5,    5.0,       ,    7.6,      1,   HDG, FLCIAS,   0.5,   4.5, 1421.3, 3DDiff, 1852,      ,      9,  13.5,     16
2024-08-10, 11:07:58,  -05:00, MANSEQ,   41.4337488, -108.5035743, 11704.3, 30.29, 12113.0,  12.0, 166.72, 193.55, 1252.84,   4.65,   0.25,  -0.00,   0.02, 269.7, 266.8,  27.8,  28.8,   4.6,  -1.1, 140.76, 140.52,    85.56,  190.30,   75.99,       ,       ,        ,        ,        ,  759.00,    0.94,    0.94,         ,       ,       ,        ,        ,        , 12058.7, 205,  GPS,  350.0, 110.10, 110.10, 126.100, 121.800, 6887.837,       ,  12.62,  -28.0,    5.0,       ,    7.6,      1,   HDG, FLCIAS,   0.5,   4.7, 1484.3, 3DDiff, 1852,      ,      9,  13.5,     16
2024-08-10, 11:07:59,  -05:00, MANSEQ,   41.4338175, -108.5047263, 11726.3, 30.29, 12138.3,  12.0, 166.38, 193.18, 1325.72,   4.86,   0.56,  -0.00,   0.02, 269.7, 266.8,  27.8,  28.8,   4.5,  -1.1, 140.74, 140.55,    85.56,  190.26,   75.75,       ,       ,        ,        ,        ,  759.12,    0.94,    0.94,         ,       ,       ,        ,        ,        , 12084.0, 204,  GPS,  350.0, 110.10, 110.10, 126.100, 121.800, 6887.837,       ,  12.77,  -28.6,    5.0,       ,    7.6,      1,   HDG, FLCIAS,   0.5,   4.8, 1519.7, 3DDiff, 1852,      ,      9,  13.5,     16
2024-08-10, 11:08:00,  -05:00, MANSEQ,   41.4338861, -108.5058783, 11750.3, 30.29, 12164.2,  11.8, 165.89, 192.81, 1379.93,   4.81,   0.88,  -0.00,   0.01, 269.7, 266.9,  27.8,  28.8,   4.6,  -1.1, 140.72, 140.52,    85.53,  190.28,   75.79,       ,       ,        ,        ,        ,  759.25,    0.94,    0.94,         ,       ,       ,        ,        ,        , 12109.9, 204,  GPS,  350.0, 110.10, 110.10, 126.100, 121.800, 6887.837,       ,  12.92,  -29.2,    5.0,       ,    7.6,      1,   HDG, FLCIAS,   0.5,   4.8, 1551.2, 3DDiff, 1852,      ,      9,  14.0,     16
2024-08-10, 11:08:01,  -05:00, MANSEQ,   41.4339548, -108.5070227, 11774.3, 30.29, 12191.3,  11.8, 165.74, 192.42, 1429.96,   4.77,   0.73,   0.00,   0.01, 269.7, 266.9,  27.8,  28.8,   4.5,  -1.1, 140.71, 140.56,    85.50,  190.29,   75.80,       ,       ,        ,        ,        ,  759.25,    0.94,    0.94,         ,       ,       ,        ,        ,        , 12137.0, 204,  GPS,  350.0, 110.10, 110.10, 126.100, 121.800, 6887.837,       ,  13.07,  -29.9,    5.0,       ,    7.6,      1,   HDG, FLCIAS,   0.5,   4.7, 1566.9, 3DDiff, 1852,      ,      9,  14.0,     16
2024-08-10, 11:08:02,  -05:00, MANSEQ,   41.4340311, -108.5081672, 11798.3, 30.29, 12218.0,  11.8, 166.08, 192.03, 1439.94,   4.68,   0.73,  -0.00,   0.00, 269.7, 267.0,  27.8,  28.8,   4.4,  -1.1, 140.73, 140.57,    85.31,  190.36,   75.81,       ,       ,        ,        ,        ,  759.25,    0.94,    0.94,         ,       ,       ,        ,        ,        , 12163.7, 204,  GPS,  350.0, 110.10, 110.10, 126.100, 121.800, 6887.837,       ,  13.21,  -30.5,    5.0,       ,    7.6,      1,   HDG, FLCIAS,   0.5,   4.7, 1574.8, 3DDiff, 1852,      ,     10,  13.5,     16
2024-08-10, 11:08:03,  -05:00, MANSEQ,   41.4341036, -108.5093192, 11824.3, 30.29, 12244.8,  11.8, 166.07, 191.68, 1458.52,   4.72,   0.15,   0.00,  -0.00, 269.7, 267.1,  27.8,  28.8,   4.5,  -1.1, 140.74, 140.59,    85.65,  190.41,   75.59,       ,       ,        ,        ,        ,  759.12,    0.94,    0.94,         ,       ,       ,        ,        ,        , 12190.5, 204,  GPS,  350.0, 110.10, 110.10, 126.100, 121.800, 6887.837,       ,  13.34,  -31.3,    5.0,       ,    7.6,      1,   HDG, FLCIAS,   0.4,   4.7, 1586.6, 3DDiff, 1852,      ,      9,  13.5,     16
2024-08-10, 11:08:04,  -05:00, MANSEQ,   41.4341722, -108.5104560, 11847.3, 30.29, 12271.1,  11.8, 165.59, 191.35, 1472.54,   4.65,   0.33,   0.00,  -0.02, 269.5, 267.1,  27.8,  28.8,   4.5,  -1.1, 140.76, 140.63,    85.28,  190.41,   75.89,       ,       ,        ,        ,        ,  759.25,    0.94,    0.94,         ,       ,       ,        ,        ,        , 12216.8, 204,  GPS,  350.0, 110.10, 110.10, 126.100, 121.800, 6887.837,       ,  13.47,  -32.0,    5.0,       ,    7.6,      1,   HDG, FLCIAS,   0.5,   4.7, 1578.7, 3DDiff, 1852,      ,      9,  13.5,     16
2024-08-10, 11:08:05,  -05:00, MANSEQ,   41.4342485, -108.5116004, 11871.3, 30.29, 12297.2,  11.8, 165.06, 191.02, 1482.21,   4.64,   0.47,  -0.00,  -0.00, 269.6, 267.1,  27.8,  28.8,   4.5,  -1.1, 140.76, 140.65,    85.19,  190.44,   75.63,       ,       ,        ,        ,        ,  759.25,    0.94,    0.94,         ,       ,       ,        ,        ,        , 12242.9, 203,  GPS,  350.0, 110.10, 110.10, 126.100, 121.800, 6887.837,       ,  13.60,  -32.8,    5.0,       ,    7.6,      1,   HDG, FLCIAS,   0.6,   4.7, 1563.0, 3DDiff, 1852,      ,      9,  13.5,     16
2024-08-10, 11:08:06,  -05:00, MANSEQ,   41.4343210, -108.5127372, 11895.3, 30.29, 12323.1,  11.8, 165.06, 190.75, 1472.80,   4.56,   0.63,  -0.00,  -0.02, 269.8, 267.2,  27.8,  28.8,   4.5,  -1.1, 140.73, 140.66,    85.49,  190.48,   75.68,       ,       ,        ,        ,        ,  759.12,    0.94,    0.94,         ,       ,       ,        ,        ,        , 12268.8, 203,  GPS,  350.0, 110.10, 110.10, 126.100, 121.800, 6887.837,       ,  13.72,  -33.7,    5.0,       ,    7.6,      1,   HDG, FLCIAS,   0.6,   4.5, 1543.3, 3DDiff, 1852,      ,      9,  14.0,     16
2024-08-10, 11:08:07,  -05:00, MANSEQ,   41.4343973, -108.5138739, 11919.3, 30.29, 12347.0,  11.5, 164.93, 190.48, 1462.74,   4.44,   0.75,  -0.00,  -0.05, 269.8, 267.2,  27.8,  28.8,   4.5,  -1.1, 140.74, 140.67,    85.32,  190.50,   75.83,       ,       ,        ,        ,        ,  759.12,    0.94,    0.94,         ,       ,       ,        ,        ,        , 12292.7, 203,  GPS,  350.0, 110.10, 110.10, 126.100, 121.800, 6887.837,       ,  13.83,  -34.5,    5.0,       ,    7.6,      1,   HDG, FLCIAS,   0.5,   4.4, 1503.9, 3DDiff, 1852,      ,      9,  14.0,     16
2024-08-10, 11:08:08,  -05:00, MANSEQ,   41.4344698, -108.5150107, 11942.3, 30.29, 12370.5,  11.5, 165.00, 190.26, 1440.32,   4.31,   0.57,  -0.00,  -0.05, 269.9, 267.3,  27.8,  28.8,   4.5,  -1.1, 140.73, 140.70,    85.21,  190.52,   75.74,       ,       ,        ,        ,        ,  758.88,    0.94,    0.94,         ,       ,       ,        ,        ,        , 12316.2, 203,  GPS,  350.0, 110.10, 110.10, 126.100, 121.800, 6887.837,       ,  13.94,  -35.4,    5.0,       ,    7.6,      1,   HDG, FLCIAS,   0.4,   4.3, 1444.9, 3DDiff, 1852,      ,     10,  13.5,     16
2024-08-10, 11:08:09,  -05:00, MANSEQ,   41.4345461, -108.5161475, 11963.3, 30.29, 12393.3,  11.5, 164.37, 190.09, 1396.16,   4.17,   0.14,   0.00,  -0.04, 270.1, 267.3,  27.8,  28.8,   4.5,  -1.1, 140.75, 140.72,    85.25,  190.55,   75.76,       ,       ,        ,        ,        ,  759.00,    0.94,    0.94,         ,       ,       ,        ,        ,        , 12339.1, 203,  GPS,  350.0, 110.10, 110.10, 126.100, 121.800, 6887.837,       ,  14.05,  -36.3,    5.0,       ,    7.6,      1,   HDG, FLCIAS,   0.2,   4.3, 1385.8, 3DDiff, 1852,      ,      9,  13.5,     16
2024-08-10, 11:08:10,  -05:00, MANSEQ,   41.4346224, -108.5172843, 11984.3, 30.29, 12415.4,  11.5, 164.33, 189.95, 1350.51,   4.03,  -0.07,   0.00,  -0.01, 270.0, 267.4,  27.8,  28.8,   4.5,  -1.1, 140.70, 140.75,    85.18,  190.57,   75.73,       ,       ,        ,        ,        ,  758.75,    0.94,    0.94,         ,       ,       ,        ,        ,        , 12361.1, 203,  GPS,  350.0, 110.10, 110.10, 126.100, 121.800, 6887.837,       ,  14.17,  -37.1,    5.0,       ,    7.6,      1,   HDG, FLCIAS,   0.1,   4.1, 1334.6, 3DDiff, 1852,      ,      9,  13.5,     16
2024-08-10, 11:08:11,  -05:00, MANSEQ,   41.4346987, -108.5184134, 12006.3, 30.29, 12437.0,  11.5, 164.62, 189.86, 1302.12,   4.00,  -0.08,   0.00,  -0.02, 269.8, 267.4,  27.8,  28.8,   4.5,  -1.1, 140.71, 140.80,    85.53,  190.58,   75.91,       ,       ,        ,        ,        ,  758.62,    0.94,    0.94,         ,       ,       ,        ,        ,        , 12382.7, 203,  GPS,  350.0, 110.10, 110.10, 126.100, 121.800, 6887.837,       ,  14.28,  -38.0,    5.0,       ,    7.6,      1,   HDG, FLCIAS,   0.0,   4.0, 1307.1, 3DDiff, 1852,      ,      9,  14.0,     16
2024-08-10, 11:08:12,  -05:00, MANSEQ,   41.4347750, -108.5195502, 12026.3, 30.29, 12458.0,  11.5, 164.97, 189.78, 1250.99,   4.03,  -0.15,   0.00,  -0.01, 269.8, 267.4,  27.8,  28.8,   4.5,  -1.1, 140.71, 140.80,    84.97,  190.58,   75.79,       ,       ,        ,        ,        ,  758.50,    0.94,    0.94,         ,       ,       ,        ,        ,        , 12403.8, 203,  GPS,  350.0, 110.10, 110.10, 126.100, 121.800, 6887.837,       ,  14.39,  -38.8,    5.0,       ,    7.6,      1,   HDG, FLCIAS,   0.1,   4.0, 1271.7, 3DDiff, 1852,      ,      9,  14.0,     16
2024-08-10, 11:08:13,  -05:00, MANSEQ,   41.4348513, -108.5206717, 12046.3, 30.29, 12479.9,  11.5, 164.86, 189.70, 1213.95,   4.05,   0.18,   0.00,  -0.00, 269.7, 267.4,  27.8,  28.8,   4.5,  -1.1, 140.69, 140.82,    85.56,  190.64,   75.74,       ,       ,        ,        ,        ,  758.38,    0.94,    0.94,         ,       ,       ,        ,        ,        , 12425.6, 203,  GPS,  350.0, 110.10, 110.10, 126.100, 121.800, 6887.837,       ,  14.49,  -39.7,    5.0,       ,    7.6,      1,   HDG, FLCIAS,   0.2,   4.1, 1255.9, 3DDiff, 1852,      ,      9,  14.0,     16
2024-08-10, 11:08:14,  -05:00, MANSEQ,   41.4349237, -108.5218085, 12066.3, 30.29, 12500.8,  11.2, 165.11, 189.60, 1188.67,   4.13,   0.18,   0.00,   0.02, 269.8, 267.4,  27.8,  28.8,   4.5,  -1.1, 140.71, 140.83,    85.22,  190.66,   75.71,       ,       ,        ,        ,        ,  758.62,    0.94,    0.94,         ,       ,       ,        ,        ,        , 12446.5, 204,  GPS,  350.0, 110.10, 110.10, 126.100, 121.800, 6887.837,       ,  14.60,  -40.5,    5.0,       ,    7.6,      1,   HDG, FLCIAS,   0.3,   4.1, 1236.2, 3DDiff, 1852,      ,     10,  13.5,     16
2024-08-10, 11:08:15,  -05:00, MANSEQ,   41.4350038, -108.5229453, 12085.3, 30.29, 12521.8,  11.2, 165.02, 189.49, 1169.35,   4.10,   0.46,   0.00,   0.01, 269.7, 267.4,  27.8,  28.8,   4.5,  -1.1, 140.65, 140.83,    85.74,  190.69,   75.74,       ,       ,        ,        ,        ,  758.62,    0.94,    0.94,         ,       ,       ,        ,        ,        , 12467.5, 204,  GPS,  350.0, 110.10, 110.10, 126.100, 121.800, 6887.837,       ,  14.71,  -41.4,    5.0,       ,    7.6,      1,   HDG, FLCIAS,   0.3,   4.1, 1240.2, 3DDiff, 1852,      ,      9,  13.5,     16
2024-08-10, 11:08:16,  -05:00, MANSEQ,   41.4350801, -108.5240668, 12104.3, 30.29, 12542.6,  11.2, 165.10, 189.35, 1154.71,   4.12,   0.62,   0.00,   0.01, 269.5, 267.5,  27.8,  28.8,   4.5,  -1.1, 140.66, 140.83,    84.93,  190.71,   75.77,       ,       ,        ,        ,        ,  758.62,    0.94,    0.94,         ,       ,       ,        ,        ,        , 12488.3, 204,  GPS,  350.0, 110.10, 110.10, 126.100, 121.800, 6887.837,       ,  14.81,  -42.2,    5.0,       ,    7.6,      1,   HDG, FLCIAS,   0.4,   4.2, 1244.1, 3DDiff, 1852,      ,      9,  13.5,     16
2024-08-10, 11:08:17,  -05:00, MANSEQ,   41.4351564, -108.5252036, 12123.3, 30.29, 12563.5,  11.2, 164.86, 189.21, 1147.58,   4.20,   0.45,   0.00,   0.00, 269.8, 267.5,  27.8,  28.8,   4.5,  -1.0, 140.65, 140.81,    85.36,  190.69,   75.76,       ,       ,        ,        ,        ,  758.88,    0.94,    0.94,         ,       ,       ,        ,        ,        , 12509.2, 204,  GPS,  350.0, 110.10, 110.10, 126.100, 121.800, 6887.837,       ,  14.92,  -43.1,    5.0,       ,    7.6,      1,   HDG, FLCIAS,   0.5,   4.2, 1248.0, 3DDiff, 1852,      ,      9,  14.0,     16
2024-08-10, 11:08:18,  -05:00, MANSEQ,   41.4352365, -108.5263327, 12142.3, 30.29, 12584.7,  11.2, 164.49, 189.06, 1164.21,   4.16,   0.69,  -0.00,  -0.02, 269.7, 267.6,  27.8,  28.8,   4.5,  -1.1, 140.65, 140.83,    85.33,  190.67,   75.71,       ,       ,        ,        ,        ,  758.75,    0.94,    0.94,         ,       ,       ,        ,        ,        , 12530.4, 203,  GPS,  350.0, 110.10, 110.10, 126.100, 121.800, 6887.837,       ,  15.02,  -44.0,    5.0,       ,    7.6,      1,   HDG, FLCIAS,   0.5,   4.1, 1259.8, 3DDiff, 1852,      ,      9,  14.0,     16
2024-08-10, 11:08:19,  -05:00, MANSEQ,   41.4353128, -108.5274543, 12162.3, 30.29, 12604.7,  11.2, 164.62, 188.92, 1161.38,   4.00,   0.62,   0.00,  -0.00, 269.9, 267.6,  27.8,  28.8,   4.5,  -1.1, 140.62, 140.83,    85.69,  190.73,   75.73,       ,       ,        ,        ,        ,  758.50,    0.94,    0.94,         ,       ,       ,        ,        ,        , 12550.4, 204,  GPS,  350.0, 110.10, 110.10, 126.100, 121.800, 6887.837,       ,  15.12,  -44.8,    5.0,       ,    7.6,      1,   HDG, FLCIAS,   0.4,   4.0, 1259.8, 3DDiff, 1852,      ,      9,  14.0,     16
2024-08-10, 11:08:20,  -05:00, MANSEQ,   41.4353968, -108.5285834, 12183.3, 30.29, 12625.4,  11.2, 165.05, 188.81, 1166.94,   4.01,   0.33,  -0.01,   0.00, 269.9, 267.7,  27.8,  28.8,   4.5,  -1.1, 140.59, 140.82,    85.32,  190.74,   75.71,       ,       ,        ,        ,        ,  758.50,    0.94,    0.94,         ,       ,       ,        ,        ,        , 12571.1, 204,  GPS,  350.0, 110.10, 110.10, 126.100, 121.800, 6887.837,       ,  15.22,  -45.7,    5.0,       ,    7.6,      1,   HDG, FLCIAS,   0.3,   4.0, 1255.9, 3DDiff, 1852,      ,     10,  13.5,     16
2024-08-10, 11:08:21,  -05:00, MANSEQ,   41.4354769, -108.5297126, 12203.3, 30.29, 12646.2,  11.0, 165.50, 188.67, 1167.96,   4.16,   0.07,  -0.00,   0.01, 270.2, 267.7,  27.8,  28.8,   4.6,  -1.1, 140.55, 140.85,    85.56,  190.73,   75.70,       ,       ,        ,        ,        ,  758.75,    0.94,    0.94,         ,       ,       ,        ,        ,        , 12591.9, 205,  GPS,  350.0, 110.10, 110.10, 126.100, 121.800, 6887.837,       ,  15.33,  -46.5,    5.0,       ,    7.6,      1,   HDG, FLCIAS,   0.2,   4.1, 1259.8, 3DDiff, 1852,      ,      9,  13.5,     16
2024-08-10, 11:08:22,  -05:00, MANSEQ,   41.4355570, -108.5308341, 12222.3, 30.29, 12667.5,  11.0, 165.01, 188.53, 1169.00,   4.16,   0.09,   0.00,  -0.02, 270.3, 267.7,  27.8,  28.8,   4.5,  -1.1, 140.50, 140.82,    85.47,  190.74,   75.80,       ,       ,        ,        ,        ,  758.62,    0.94,    0.94,         ,       ,       ,        ,        ,        , 12613.2, 204,  GPS,  350.0, 110.10, 110.10, 126.100, 121.800, 6887.837,       ,  15.44,  -47.3,    5.0,       ,    7.6,      1,   HDG, FLCIAS,  -0.1,   4.2, 1275.6, 3DDiff, 1852,      ,      9,  14.0,     16
2024-08-10, 11:08:23,  -05:00, MANSEQ,   41.4356371, -108.5319556, 12241.3, 30.29, 12689.0,  11.0, 164.50, 188.38, 1188.19,   4.11,  -0.14,  -0.00,  -0.01, 270.1, 267.7,  27.8,  28.8,   4.6,  -1.1, 140.42, 140.86,    85.43,  190.77,   75.76,       ,       ,        ,        ,        ,  758.50,    0.94,    0.94,         ,       ,       ,        ,        ,        , 12634.7, 204,  GPS,  350.0, 110.10, 110.10, 126.100, 121.800, 6887.837,       ,  15.56,  -48.0,    5.0,       ,    7.6,      1,   HDG, FLCIAS,  -0.3,   4.2, 1291.3, 3DDiff, 1852,      ,      9,  14.0,     16
2024-08-10, 11:08:24,  -05:00, MANSEQ,   41.4357210, -108.5330848, 12262.3, 30.29, 12711.0,  11.0, 164.95, 188.24, 1199.40,   4.12,  -0.27,  -0.00,   0.02, 270.2, 267.7,  27.8,  28.8,   4.7,  -1.1, 140.39, 140.86,    85.24,  190.75,   75.89,       ,       ,        ,        ,        ,  758.38,    0.94,    0.94,         ,       ,       ,        ,        ,        , 12656.7, 204,  GPS,  350.0, 110.10, 110.10, 126.100, 121.800, 6887.837,       ,  15.69,  -48.7,    5.0,       ,    7.6,      1,   HDG, FLCIAS,  -0.3,   4.1, 1315.0, 3DDiff, 1852,      ,      9,  14.0,     16
2024-08-10, 11:08:25,  -05:00, MANSEQ,   41.4357973, -108.5342063, 12283.3, 30.29, 12733.2,  11.0, 164.63, 188.11, 1211.77,   4.13,  -0.47,   0.01,  -0.02, 270.2, 267.6,  27.8,  28.8,   4.6,  -1.1, 140.33, 140.85,    85.34,  190.79,   75.55,       ,       ,        ,        ,        ,  758.25,    0.94,    0.94,         ,       ,       ,        ,        ,        , 12679.0, 204,  GPS,  350.0, 110.10, 110.10, 126.100, 121.800, 6887.837,       ,  15.82,  -49.4,    5.0,       ,    7.6,      1,   HDG, FLCIAS,  -0.3,   4.0, 1295.3, 3DDiff, 1852,      ,      9,  14.0,     16
2024-08-10, 11:08:26,  -05:00, MANSEQ,   41.4358736, -108.5353354, 12302.3, 30.29, 12754.6,  11.0, 164.51, 188.01, 1213.41,   3.91,  -0.03,   0.00,  -0.03, 270.1, 267.6,  27.8,  28.8,   4.6,  -1.1, 140.32, 140.88,    84.87,  190.81,   75.78,       ,       ,        ,        ,        ,  758.25,    0.94,    0.94,         ,       ,       ,        ,        ,        , 12700.3, 204,  GPS,  350.0, 110.10, 110.10, 126.100, 121.800, 6887.837,       ,  15.96,  -50.0,    5.0,       ,    7.6,      1,   HDG, FLCIAS,  -0.3,   4.0, 1271.7, 3DDiff, 1852,      ,     10,  13.5,     16
2024-08-10, 11:08:27,  -05:00, MANSEQ,   41.4359537, -108.5364569, 12323.3, 30.29, 12775.6,  11.0, 164.76, 187.91, 1201.30,   3.96,  -0.62,  -0.00,   0.00, 270.2, 267.6,  27.8,  28.8,   4.6,  -1.1, 140.28, 140.87,    85.53,  190.83,   75.75,       ,       ,        ,        ,        ,  758.62,    0.94,    0.94,         ,       ,       ,        ,        ,        , 12721.3, 204,  GPS,  350.0, 110.10, 110.10, 126.100, 121.800, 6887.837,       ,  16.10,  -50.6,    5.0,       ,    7.6,      1,   HDG, FLCIAS,  -0.3,   4.0, 1248.0, 3DDiff, 1852,      ,      9,  13.5,     16
2024-08-10, 11:08:28,  -05:00, MANSEQ,   41.4360300, -108.5375708, 12342.3, 30.29, 12796.7,  10.8, 164.31, 187.83, 1195.65,   3.90,  -0.18,   0.01,  -0.00, 270.2, 267.5,  27.8,  28.8,   4.6,  -1.1, 140.24, 140.90,    84.91,  190.88,   75.56,       ,       ,        ,        ,        ,  758.62,    0.94,    0.94,         ,       ,       ,        ,        ,        , 12742.4, 204,  GPS,  350.0, 110.10, 110.10, 126.100, 121.800, 6887.837,       ,  16.24,  -51.1,    5.0,       ,    7.6,      1,   HDG, FLCIAS,  -0.3,   4.0, 1259.8, 3DDiff, 1852,      ,      9,  14.0,     16
2024-08-10, 11:08:29,  -05:00, MANSEQ,   41.4361101, -108.5386924, 12360.3, 30.29, 12817.4,  10.8, 163.60, 187.79, 1198.79,   3.82,   0.55,  -0.01,  -0.00, 270.0, 267.5,  27.8,  28.8,   4.5,  -1.1, 140.21, 140.90,    85.10,  190.91,   75.75,       ,       ,        ,        ,        ,  758.38,    0.94,    0.94,         ,       ,       ,        ,        ,        , 12763.1, 203,  GPS,  350.0, 110.10, 110.10, 126.100, 121.800, 6887.837,       ,  16.38,  -51.6,    5.0,       ,    7.6,      1,   HDG, FLCIAS,  -0.3,   3.9, 1248.0, 3DDiff, 1852,      ,      9,  14.0,     16
2024-08-10, 11:08:30,  -05:00, MANSEQ,   41.4361864, -108.5398215, 12380.3, 30.29, 12837.7,  10.8, 164.19, 187.76, 1189.17,   3.64,  -0.76,   0.00,  -0.05, 270.2, 267.5,  27.8,  28.8,   4.5,  -1.1, 140.22, 140.87,    85.40,  190.91,   75.79,       ,       ,        ,        ,        ,  758.50,    0.94,    0.94,         ,       ,       ,        ,        ,        , 12783.5, 204,  GPS,  350.0, 110.10, 110.10, 126.100, 121.800, 6887.837,       ,  16.52,  -52.0,    5.0,       ,    7.6,      1,   HDG, FLCIAS,  -0.2,   3.7, 1216.5, 3DDiff, 1852,      ,      9,  14.0,     16
2024-08-10, 11:08:31,  -05:00, MANSEQ,   41.4362627, -108.5409354, 12397.3, 30.29, 12855.7,  10.8, 163.42, 187.81, 1168.62,   3.54,  -0.14,   0.00,  -0.06, 270.2, 267.5,  27.8,  28.8,   4.5,  -1.1, 140.14, 140.81,    84.87,  190.93,   75.70,       ,       ,        ,        ,        ,  758.38,    0.94,    0.94,         ,       ,       ,        ,        ,        , 12801.4, 203,  GPS,  350.0, 110.10, 110.10, 126.100, 121.800, 6887.837,       ,  16.65,  -52.4,    5.0,       ,    7.6,      1,   HDG, FLCIAS,  -0.2,   3.6, 1145.7, 3DDiff, 1852,      ,     10,  14.0,     16
2024-08-10, 11:08:32,  -05:00, MANSEQ,   41.4363428, -108.5420569, 12414.3, 30.29, 12873.5,  10.8, 162.72, 187.89, 1127.29,   3.21,  -0.80,   0.01,  -0.05, 269.9, 267.5,  27.8,  28.8,   4.5,  -1.1, 140.16, 140.84,    84.95,  190.97,   75.65,       ,       ,        ,        ,        ,  758.50,    0.94,    0.94,         ,       ,       ,        ,        ,        , 12819.2, 202,  GPS,  350.0, 110.10, 110.10, 126.100, 121.800, 6887.837,       ,  16.77,  -52.7,    5.0,       ,    7.6,      1,   HDG, FLCIAS,  -0.2,   3.4, 1090.6, 3DDiff, 1852,      ,     10,  13.5,     16
2024-08-10, 11:08:33,  -05:00, MANSEQ,   41.4364191, -108.5431784, 12433.3, 30.29, 12890.7,  10.8, 164.33, 188.05, 1067.36,   3.33,   0.02,  -0.01,  -0.01, 269.8, 267.4,  27.8,  28.8,   4.5,  -1.1, 140.14, 140.80,    85.29,  190.97,   75.70,       ,       ,        ,        ,        ,  758.38,    0.94,    0.94,         ,       ,       ,        ,        ,        , 12836.4, 204,  GPS,  350.0, 110.10, 110.10, 126.100, 121.800, 6887.837,       ,  16.89,  -52.9,    5.0,       ,    7.6,      1,   HDG, FLCIAS,  -0.1,   3.2, 1035.4, 3DDiff, 1852,      ,      9,  14.0,     16
2024-08-10, 11:08:34,  -05:00, MANSEQ,   41.4364916, -108.5443000, 12449.3, 30.29, 12906.2,  10.8, 164.36, 188.18, 1001.11,   3.41,   0.63,   0.01,   0.05, 269.9, 267.4,  27.8,  28.8,   4.5,  -1.3, 140.13, 140.77,    84.64,  191.00,   75.68,       ,       ,        ,        ,        ,  758.50,    0.94,    0.94,         ,       ,       ,        ,        ,        , 12852.9, 204,  GPS,  350.0, 110.10, 110.10, 126.100, 121.800, 6887.837,       ,  16.99,  -53.2,    5.0,       ,    7.6,      1,   HDG, FLCIAS,   0.1,   3.3, 996.1, 3DDiff, 1852,      ,      9,  14.0,     16
2024-08-10, 11:08:35,  -05:00, MANSEQ,   41.4365717, -108.5454291, 12464.3, 30.29, 12922.6,  10.5, 163.93, 188.30,  967.21,   3.26,   0.18,  -0.00,  -0.02, 269.8, 267.5,  27.8,  28.8,   4.6,  -1.4, 140.11, 140.72,    85.05,  190.99,   76.01,       ,       ,        ,        ,        ,  758.75,    0.94,    0.94,         ,       ,       ,        ,        ,        , 12869.2, 204,  GPS,  350.0, 110.10, 110.10, 126.100, 121.800, 6887.837,       ,  17.09,  -53.5,    5.0,       ,    7.6,      1,   HDG, FLCIAS,   0.2,   3.4, 988.2, 3DDiff, 1852,      ,      9,  14.0,     16
2024-08-10, 11:08:36,  -05:00, MANSEQ,   41.4366480, -108.5465583, 12481.3, 30.29, 12938.9,  10.5, 164.53, 188.42,  945.83,   3.39,   0.25,   0.00,  -0.00, 270.1, 267.5,  27.8,  28.8,   4.6,  -1.1, 140.06, 140.70,    85.47,  190.99,   75.56,       ,       ,        ,        ,        ,  758.75,    0.94,    0.94,         ,       ,       ,        ,        ,        , 12885.6, 204,  GPS,  350.0, 110.10, 110.10, 126.100, 121.800, 6887.837,       ,  17.18,  -53.7,    5.0,       ,    7.6,      1,   HDG, FLCIAS,   0.2,   3.4, 984.3, 3DDiff, 1852,      ,      9,  14.0,     16
2024-08-10, 11:08:37,  -05:00,  BAYLR,   41.4367243, -108.5476722, 12495.3, 30.29, 12956.9,  10.5, 164.09, 188.53,  917.60,   3.18,   0.42,  -0.01,  -0.06, 270.1, 267.5,  27.8,  28.8,   4.6,  -1.1, 140.06, 140.70,    85.03,  191.02,   75.72,       ,       ,        ,        ,        ,  758.75,    0.94,    0.94,         ,       ,       ,        ,        ,        , 12903.5, 204,  GPS,  350.0, 110.10, 110.10, 126.100, 121.800,  0.000,       ,  17.27,  -53.9,   23.7, -116.8,    7.6,      1,   HDG, FLCIAS,   0.1,   3.4, 1015.7, 3DDiff, 1852,      ,     10,  14.0,     16
2024-08-10, 11:08:38,  -05:00,  BAYLR,   41.4368044, -108.5488013, 12510.3, 30.29, 12973.7,  10.5, 163.66, 188.65,  919.15,   3.56,   0.02,   0.02,   0.07, 270.5, 267.5,  27.8,  28.8,   4.6,  -1.1, 140.02, 140.72,    84.94,  191.02,   75.58,       ,       ,        ,        ,        ,  758.62,    0.94,    0.94,         ,       ,       ,        ,        ,        , 12920.3, 203,  GPS,  242.8, 110.10, 110.10, 126.100, 121.800,  0.000,       ,  17.35,  -54.1,   23.6, -116.8,    7.6,      1,   GPS, FLCIAS,  -0.1,   3.4, 996.1, 3DDiff, 1852,      ,     10,  14.0,     16
2024-08-10, 11:08:39,  -05:00,  BAYLR,   41.4368807, -108.5499305, 12527.3, 30.29, 12991.1,  10.5, 164.41, 188.75,  921.81,   3.33,  -0.80,  -0.00,  -0.03, 270.1, 267.6,  27.8,  28.8,   4.5,  -1.1, 139.91, 140.63,    84.65,  191.03,   75.65,       ,       ,        ,        ,        ,  758.50,    0.94,    0.94,         ,       ,       ,        ,        ,        , 12937.8, 204,  GPS,  242.8, 110.10, 110.10, 126.100, 121.800,  0.000,       ,  17.42,  -54.2,   23.6, -116.9,    7.6,      1,   GPS, FLCIAS,  -0.8,   3.3, 1039.4, 3DDiff, 1852,      ,      9,  14.0,     16
2024-08-10, 11:08:40,  -05:00,  BAYLR,   41.4369608, -108.5510596, 12542.3, 30.29, 13007.8,  10.5, 163.98, 188.88,  942.21,   3.39,  -2.33,   0.00,  -0.06, 270.2, 267.5,  27.8,  28.8,   4.6,  -1.0, 139.72, 140.56,    85.06,  191.05,   75.69,       ,       ,        ,        ,        ,  758.25,    0.94,    0.94,         ,       ,       ,        ,        ,        , 12954.4, 204,  GPS,  242.8, 110.10, 110.10, 126.100, 121.800, -0.000,       ,  17.49,  -54.3,   23.5, -116.9,    7.6,      1,   GPS, FLCIAS,  -2.7,   3.3, 1003.9, 3DDiff, 1852,      ,      9,  14.0,     16
2024-08-10, 11:08:41,  -05:00,  BAYLR,   41.4370333, -108.5521888, 12558.3, 30.29, 13023.7,  10.5, 163.27, 189.02,  972.18,   3.24,  -5.06,  -0.01,  -0.01, 269.7, 267.3,  27.8,  28.8,   4.6,  -1.0, 139.63, 140.52,    84.87,  191.01,   75.72,       ,       ,        ,        ,        ,  758.12,    0.94,    0.94,         ,       ,       ,        ,        ,        , 12970.3, 203,  GPS,  242.8, 110.10, 110.10, 126.100, 121.800, -0.003,       ,  17.55,  -54.3,   23.5, -117.0,    7.6,      1,   GPS, FLCIAS,  -5.5,   3.3, 960.6, 3DDiff, 1852,      ,      9,  14.0,     16
2024-08-10, 11:08:42,  -05:00,  BAYLR,   41.4370981, -108.5532950, 12570.3, 30.29, 13037.9,  10.2, 162.38, 189.29,  956.63,   3.03,  -9.18,   0.00,  -0.04, 269.4, 266.7,  27.8,  28.8,   4.6,  -1.0, 139.54, 140.47,    84.79,  190.98,   75.58,       ,       ,        ,        ,        ,  758.25,    0.94,    0.94,         ,       ,       ,        ,        ,        , 12984.5, 202,  GPS,  242.8, 110.10, 110.10, 126.100, 121.800, -0.007,       ,  17.59,  -54.3,   23.4, -117.0,    7.6,      1,   GPS, FLCIAS,  -8.8,   3.1, 881.9, 3DDiff, 1852,      ,      9,  14.0,     16
2024-08-10, 11:08:43,  -05:00,  BAYLR,   41.4371515, -108.5544471, 12584.3, 30.29, 13050.8,  10.2, 163.43, 189.70,  882.90,   2.59, -12.97,   0.00,  -0.02, 268.6, 265.8,  27.8,  28.8,   4.5,  -1.1, 139.49, 140.39,    84.64,  190.98,   75.64,       ,       ,        ,        ,        ,  758.12,    0.94,    0.94,         ,       ,       ,        ,        ,        , 12997.4, 203,  GPS,  242.8, 110.10, 110.10, 126.100, 121.800, -0.013,       ,  17.62,  -54.3,   23.4, -117.1,    7.7,      1,   GPS, FLCIAS, -12.4,   2.8, 818.9, 3DDiff, 1852,      ,     10,  14.0,     16
2024-08-10, 11:08:44,  -05:00,  BAYLR,   41.4371858, -108.5555609, 12597.3, 30.29, 13062.8,  10.2, 163.26, 190.24,  810.43,   2.36, -15.86,   0.01,  -0.01, 267.2, 264.6,  27.8,  28.8,   4.5,  -1.1, 139.40, 140.35,    84.73,  190.97,   75.79,       ,       ,        ,        ,        ,  758.12,    0.94,    0.94,         ,       ,       ,        ,        ,        , 13009.4, 203,  GPS,  242.8, 110.10, 110.10, 126.100, 121.800, -0.020,       ,  17.63,  -54.3,   23.3, -117.1,    7.7,      1,   GPS, FLCIAS, -15.7,   2.7, 759.8, 3DDiff, 1852,      ,     10,  14.0,     16
2024-08-10, 11:08:45,  -05:00,  BAYLR,   41.4372011, -108.5567054, 12607.3, 30.29, 13074.0,  10.2, 162.98, 190.92,  760.70,   2.53, -17.96,   0.01,   0.07, 265.2, 263.2,  27.8,  28.8,   4.5,  -1.1, 139.39, 140.38,    84.79,  190.99,   75.81,       ,       ,        ,        ,        ,  758.00,    0.94,    0.94,         ,       ,       ,        ,        ,        , 13020.6, 203,  GPS,  242.8, 110.10, 110.10, 126.100, 121.800, -0.029,       ,  17.62,  -54.2,   23.3, -117.2,    7.7,      1,   GPS, FLCIAS, -17.8,   2.7, 665.4, 3DDiff, 1852,      ,      9,  14.0,     16
2024-08-10, 11:08:46,  -05:00,  BAYLR,   41.4371858, -108.5578498, 12619.3, 30.29, 13085.5,  10.2, 163.79, 191.66,  672.17,   2.47, -18.85,   0.01,   0.09, 263.4, 261.3,  27.8,  28.8,   4.4,  -1.1, 139.40, 140.34,    84.97,  190.97,   75.68,       ,       ,        ,        ,        ,  758.12,    0.94,    0.94,         ,       ,       ,        ,        ,        , 13032.1, 204,  GPS,  242.8, 110.10, 110.10, 126.100, 121.800, -0.038,       ,  17.58,  -54.2,   23.2, -117.2,    7.7,      1,   GPS, FLCIAS, -18.7,   2.6, 689.0, 3DDiff, 1852,      ,      9,  14.0,     16
2024-08-10, 11:08:47,  -05:00,  BAYLR,   41.4371401, -108.5590094, 12631.3, 30.29, 13097.7,  10.2, 164.36, 192.36,  620.41,   2.74, -18.34,   0.00,   0.11, 261.5, 259.4,  27.8,  28.8,   4.6,  -1.1, 139.40, 140.29,    85.04,  191.00,   75.79,       ,       ,        ,        ,        ,  758.12,    0.94,    0.94,         ,       ,       ,        ,        ,        , 13044.3, 205,  GPS,  242.8, 110.10, 110.10, 126.100, 121.800, -0.047,       ,  17.52,  -54.2,   23.2, -117.3,    7.7,      1,   GPS, FLCIAS, -18.6,   2.6, 728.3, 3DDiff, 1852,      ,      9,  14.0,     16
2024-08-10, 11:08:48,  -05:00,  BAYLR,   41.4370676, -108.5601615, 12642.3, 30.29, 13110.6,  10.0, 164.75, 193.02,  613.93,   2.99, -17.82,   0.01,   0.11, 259.8, 257.5,  27.8,  28.8,   4.6,  -1.2, 139.42, 140.27,    84.66,  191.00,   75.65,       ,       ,        ,        ,        ,  758.25,    0.94,    0.94,         ,       ,       ,        ,        ,        , 13057.2, 205,  GPS,  242.8, 110.10, 110.10, 126.100, 121.800, -0.058,       ,  17.45,  -54.3,   23.1, -117.3,    7.7,      1,   GPS, FLCIAS, -17.9,   2.8, 767.7, 3DDiff, 1852,      ,      9,  14.0,     16
2024-08-10, 11:08:49,  -05:00,  BAYLR,   41.4369608, -108.5613059, 12656.3, 30.29, 13125.6,  10.0, 165.25, 193.59,  638.82,   3.21, -17.05,   0.00,   0.07, 258.2, 255.6,  27.8,  28.8,   4.6,  -1.1, 139.44, 140.23,    85.03,  191.03,   75.73,       ,       ,        ,        ,        ,  758.38,    0.94,    0.94,         ,       ,       ,        ,        ,        , 13072.2, 206,  GPS,  242.8, 110.10, 110.10, 126.100, 121.800, -0.068,       ,  17.35,  -54.4,   23.1, -117.3,    7.7,      1,   GPS, FLCIAS, -16.9,   3.0, 838.6, 3DDiff, 1852,      ,     10,  14.0,     16
2024-08-10, 11:08:50,  -05:00,  BAYLR,   41.4368273, -108.5624656, 12668.3, 30.29, 13141.3,  10.0, 164.64, 194.07,  697.36,   3.24, -15.57,   0.00,   0.06, 256.5, 254.0,  27.8,  28.8,   4.6,  -1.1, 139.42, 140.22,    84.90,  191.01,   75.76,       ,       ,        ,        ,        ,  758.62,    0.94,    0.94,         ,       ,       ,        ,        ,        , 13087.9, 205,  GPS,  242.8, 110.10, 110.10, 126.100, 121.800, -0.079,       ,  17.25,  -54.5,   23.0, -117.4,    7.7,      1,   GPS, FLCIAS, -15.7,   3.2, 909.4, 3DDiff, 1852,      ,     10,  14.0,     16
2024-08-10, 11:08:51,  -05:00,  BAYLR,   41.4366670, -108.5636176, 12685.3, 30.29, 13157.8,  10.0, 165.86, 194.50,  760.79,   3.38, -14.27,   0.00,   0.08, 255.1, 252.3,  27.8,  28.8,   4.6,  -1.1, 139.41, 140.21,    84.95,  191.03,   75.70,       ,       ,        ,        ,        ,  758.75,    0.94,    0.94,         ,       ,       ,        ,        ,        , 13104.4, 207,  GPS,  242.8, 110.10, 110.10, 126.100, 121.800, -0.088,       ,  17.13,  -54.6,   23.0, -117.4,    7.7,      1,   GPS, FLCIAS, -14.5,   3.3, 996.1, 3DDiff, 1852,      ,      9,  14.0,     16
2024-08-10, 11:08:52,  -05:00,  BAYLR,   41.4364878, -108.5647544, 12700.3, 30.29, 13175.5,   9.8, 164.87, 194.87,  845.45,   3.60, -13.36,   0.00,   0.05, 253.9, 250.8,  27.8,  28.8,   4.6,  -1.1, 139.32, 140.18,    84.63,  191.04,   75.59,       ,       ,        ,        ,        ,  758.62,    0.94,    0.94,         ,       ,       ,        ,        ,        , 13122.1, 205,  GPS,  242.8, 110.10, 110.10, 126.100, 121.800, -0.095,       ,  17.02,  -54.8,   22.9, -117.4,    7.7,      1,   GPS, FLCIAS, -13.2,   3.4, 1055.1, 3DDiff, 1852,      ,      9,  14.0,     16
2024-08-10, 11:08:53,  -05:00,  BAYLR,   41.4362856, -108.5658988, 12717.3, 30.29, 13193.5,   9.8, 164.94, 195.18,  925.77,   3.56, -12.28,   0.00,  -0.02, 252.5, 249.5,  27.8,  28.8,   4.6,  -1.1, 139.33, 140.16,    84.73,  191.02,   75.63,       ,       ,        ,        ,        ,  758.62,    0.94,    0.94,         ,       ,       ,        ,        ,        , 13140.1, 206,  GPS,  242.8, 110.10, 110.10, 126.100, 121.800, -0.101,       ,  16.90,  -54.9,   22.8, -117.4,    7.7,      1,   GPS, FLCIAS, -12.0,   3.4, 1078.7, 3DDiff, 1852,      ,      9,  14.0,     16
2024-08-10, 11:08:54,  -05:00,  BAYLR,   41.4360605, -108.5670356, 12733.3, 30.29, 13211.5,   9.8, 164.35, 195.45,  969.78,   3.34, -10.95,  -0.00,  -0.00, 251.5, 248.3,  27.8,  28.8,   4.6,  -1.0, 139.30, 140.17,    85.00,  191.01,   75.63,       ,       ,        ,        ,        ,  758.75,    0.94,    0.94,         ,       ,       ,        ,        ,        , 13158.1, 205,  GPS,  242.8, 110.10, 110.10, 126.100, 121.800, -0.106,       ,  16.77,  -55.0,   22.8, -117.4,    7.7,      1,   GPS, FLCIAS, -10.9,   3.4, 1066.9, 3DDiff, 1852,      ,     10,  14.5,     16
2024-08-10, 11:08:55,  -05:00,  BAYLR,   41.4358316, -108.5681647, 12750.3, 30.29, 13227.7,   9.8, 164.50, 195.78,  990.43,   3.33,  -9.43,   0.00,  -0.02, 250.6, 247.2,  27.8,  28.8,   4.5,  -1.0, 139.33, 140.16,    84.62,  191.03,   75.77,       ,       ,        ,        ,        ,  759.00,    0.94,    0.94,         ,       ,       ,        ,        ,        , 13174.3, 205,  GPS,  242.8, 110.10, 110.10, 126.100, 121.800, -0.111,       ,  16.65,  -55.1,   22.7, -117.5,    7.7,      1,   GPS, FLCIAS,  -9.8,   3.3, 1027.6, 3DDiff, 1852,      ,     10,  14.5,     16
2024-08-10, 11:08:56,  -05:00,  BAYLR,   41.4355760, -108.5692939, 12765.3, 30.29, 13243.9,   9.8, 164.33, 196.10,  980.24,   3.22,  -8.39,   0.00,   0.02, 250.0, 246.3,  27.8,  28.8,   4.6,  -1.1, 139.31, 140.15,    84.77,  191.03,   75.70,       ,       ,        ,        ,        ,  758.88,    0.94,    0.94,         ,       ,       ,        ,        ,        , 13190.5, 205,  GPS,  242.8, 110.10, 110.10, 126.100, 121.800, -0.114,       ,  16.53,  -55.2,   22.7, -117.5,    7.7,      1,   GPS, FLCIAS,  -8.8,   3.3, 1000.0, 3DDiff, 1852,      ,     10,  14.0,     16
2024-08-10, 11:08:57,  -05:00,  BAYLR,   41.4353128, -108.5704230, 12780.3, 30.29, 13261.4,   9.8, 164.42, 196.44,  946.64,   3.20,  -7.57,  -0.00,   0.02, 249.2, 245.4,  27.8,  28.8,   4.6,  -1.1, 139.30, 140.18,    84.93,  191.05,   75.79,       ,       ,        ,        ,        ,  758.75,    0.94,    0.94,         ,       ,       ,        ,        ,        , 13208.0, 205,  GPS,  242.8, 110.10, 110.10, 126.100, 121.800, -0.117,       ,  16.41,  -55.2,   22.6, -117.5,    7.7,      1,   GPS, FLCIAS,  -7.9,   3.2, 1015.7, 3DDiff, 1852,      ,      9,  14.0,     16
2024-08-10, 11:08:58,  -05:00,  BAYLR,   41.4350420, -108.5715445, 12797.3, 30.29, 13277.8,   9.8, 164.19, 196.78,  966.00,   3.34,  -7.21,   0.01,  -0.01, 248.7, 244.8,  27.8,  28.8,   4.4,  -1.0, 139.27, 140.23,    84.53,  191.05,   75.63,       ,       ,        ,        ,        ,  758.75,    0.94,    0.94,         ,       ,       ,        ,        ,        , 13224.4, 205,  GPS,  242.8, 110.10, 110.10, 126.100, 121.800, -0.118,       ,  16.31,  -55.2,   22.6, -117.5,    7.7,      1,   GPS, FLCIAS,  -7.1,   3.2, 984.3, 3DDiff, 1852,      ,      9,  14.0,     16
2024-08-10, 11:08:59,  -05:00,  BAYLR,   41.4347559, -108.5726661, 12810.3, 30.29, 13293.3,   9.8, 163.19, 197.13,  960.65,   3.01,  -7.08,  -0.01,  -0.08, 248.2, 244.0,  27.8,  28.8,   4.6,  -1.0, 139.25, 140.21,    84.19,  191.04,   75.60,       ,       ,        ,        ,        ,  758.75,    0.94,    0.94,         ,       ,       ,        ,        ,        , 13239.9, 204,  GPS,  242.8, 110.10, 110.10, 126.100, 121.800, -0.120,       ,  16.20,  -55.0,   22.5, -117.5,    7.7,      1,   GPS, FLCIAS,  -6.4,   3.0, 937.0, 3DDiff, 1852,      ,      9,  14.0,     16
2024-08-10, 11:09:00,  -05:00,  BAYLR,   41.4344583, -108.5737952, 12825.3, 30.29, 13307.1,   9.8, 164.06, 197.49,  916.11,   2.82,  -6.27,   0.00,  -0.06, 247.8, 243.5,  27.8,  28.8,   4.5,  -1.1, 139.19, 140.23,    84.79,  191.02,   75.59,       ,       ,        ,        ,        ,  758.62,    0.94,    0.94,         ,       ,       ,        ,        ,        , 13253.7, 205,  GPS,  242.8, 110.10, 110.10, 126.100, 121.800, -0.120,       ,  16.11,  -54.8,   22.5, -117.5,    7.7,      1,   GPS, FLCIAS,  -5.7,   2.8, 838.6, 3DDiff, 1852,      ,     10,  14.5,     16
2024-08-10, 11:09:01,  -05:00,  BAYLR,   41.4341493, -108.5749091, 12838.3, 30.29, 13320.5,   9.5, 164.17, 197.92,  847.13,   2.82,  -4.79,   0.00,   0.00, 247.1, 242.9,  27.8,  28.8,   4.4,  -1.1, 139.14, 140.21,    84.37,  191.03,   75.73,       ,       ,        ,        ,        ,  758.62,    0.94,    0.94,         ,       ,       ,        ,        ,        , 13267.1, 205,  GPS,  242.8, 110.10, 110.10, 126.100, 121.800, -0.120,       ,  16.03,  -54.5,   22.4, -117.5,    7.7,      1,   GPS, FLCIAS,  -5.1,   2.8, 755.9, 3DDiff, 1852,      ,     10,  14.5,     16
2024-08-10, 11:09:02,  -05:00,  BAYLR,   41.4338404, -108.5760306, 12848.3, 30.29, 13333.2,   9.5, 163.94, 198.33,  768.83,   2.71,  -4.20,   0.00,  -0.07, 246.7, 242.4,  27.8,  28.8,   4.5,  -1.1, 139.17, 140.27,    84.73,  191.05,   75.71,       ,       ,        ,        ,        ,  758.75,    0.94,    0.94,         ,       ,       ,        ,        ,        , 13279.8, 205,  GPS,  242.8, 110.10, 110.10, 126.100, 121.800, -0.120,       ,  15.96,  -54.2,   22.4, -117.5,    7.7,      1,   GPS, FLCIAS,  -4.5,   2.8, 740.2, 3DDiff, 1852,      ,     10,  14.0,     16
2024-08-10, 11:09:03,  -05:00,  BAYLR,   41.4335199, -108.5771445, 12861.3, 30.29, 13345.1,   9.5, 163.83, 198.74,  725.10,   2.69,  -3.33,   0.01,   0.05, 246.3, 242.1,  27.8,  28.8,   4.5,  -1.0, 139.27, 140.26,    84.39,  191.04,   75.61,       ,       ,        ,        ,        ,  758.75,    0.94,    0.94,         ,       ,       ,        ,        ,        , 13291.7, 205,  GPS,  242.8, 110.10, 110.10, 126.100, 121.800, -0.119,       ,  15.90,  -53.7,   22.3, -117.5,    7.7,      1,   GPS, FLCIAS,  -3.9,   2.8, 736.2, 3DDiff, 1852,      ,      9,  14.0,     16
2024-08-10, 11:09:04,  -05:00,  BAYLR,   41.4331919, -108.5782584, 12877.3, 30.29, 13357.4,   9.5, 166.51, 199.13,  685.04,   2.94,  -3.54,   0.00,   0.08, 245.9, 241.7,  27.8,  28.8,   4.6,  -1.1, 139.31, 140.28,    83.95,  191.07,   75.65,       ,       ,        ,        ,        ,  758.88,    0.94,    0.94,         ,       ,       ,        ,        ,        , 13304.1, 208,  GPS,  242.8, 110.10, 110.10, 126.100, 121.800, -0.118,       ,  15.85,  -53.3,   22.2, -117.5,    7.7,      1,   GPS, FLCIAS,  -3.5,   2.8, 740.2, 3DDiff, 1852,      ,      9,  14.0,     16
2024-08-10, 11:09:05,  -05:00,  BAYLR,   41.4328638, -108.5793723, 12887.3, 30.29, 13371.1,   9.5, 165.34, 199.44,  656.59,   3.13,  -3.80,  -0.01,   0.11, 245.7, 241.4,  27.8,  28.8,   4.5,  -1.1, 139.39, 140.23,    84.76,  191.10,   75.60,       ,       ,        ,        ,        ,  759.00,    0.94,    0.94,         ,       ,       ,        ,        ,        , 13317.7, 207,  GPS,  242.8, 110.10, 110.10, 126.100, 121.800, -0.117,       ,  15.81,  -52.8,   22.2, -117.5,    7.7,      1,   GPS, FLCIAS,  -3.0,   3.2, 807.1, 3DDiff, 1852,      ,      9,  14.5,     16
2024-08-10, 11:09:06,  -05:00,  BAYLR,   41.4325281, -108.5804938, 12901.3, 30.29, 13385.9,   9.2, 166.09, 199.69,  675.75,   3.46,  -3.16,   0.00,  -0.00, 245.5, 241.0,  27.8,  28.8,   4.5,  -1.1, 139.40, 140.24,    84.19,  191.08,   75.59,       ,       ,        ,        ,        ,  759.12,    0.94,    0.94,         ,       ,       ,        ,        ,        , 13332.6, 208,  GPS,  242.8, 110.10, 110.10, 126.100, 121.800, -0.115,       ,  15.79,  -52.3,   22.1, -117.5,    7.7,      1,   GPS, FLCIAS,  -2.6,   3.4, 881.9, 3DDiff, 1852,      ,     10,  14.5,     16
2024-08-10, 11:09:07,  -05:00,  BAYLR,   41.4321848, -108.5816077, 12911.3, 30.29, 13400.8,   9.2, 164.08, 199.83,  751.64,   3.59,  -1.92,   0.00,   0.08, 245.2, 240.7,  27.8,  28.8,   4.4,  -1.1, 139.44, 140.20,    84.52,  191.05,   75.69,       ,       ,        ,        ,        ,  759.12,    0.94,    0.94,         ,       ,       ,        ,        ,        , 13347.4, 205,  GPS,  242.8, 110.10, 110.10, 126.100, 121.800, -0.113,       ,  15.78,  -51.8,   22.1, -117.5,    7.7,      1,   GPS, FLCIAS,  -2.3,   3.5, 937.0, 3DDiff, 1852,      ,     10,  14.5,     16
2024-08-10, 11:09:08,  -05:00,  BAYLR,   41.4318453, -108.5827216, 12929.3, 30.29, 13417.6,   9.2, 165.79, 199.90,  807.66,   3.44,  -1.69,  -0.00,  -0.02, 245.0, 240.5,  27.8,  28.8,   4.4,  -1.0, 139.42, 140.18,    84.66,  191.03,   75.55,       ,       ,        ,        ,        ,  758.88,    0.94,    0.94,         ,       ,       ,        ,        ,        , 13364.2, 207,  GPS,  242.8, 110.10, 110.10, 126.100, 121.800, -0.111,       ,  15.78,  -51.2,   22.0, -117.5,    7.7,      1,   GPS, FLCIAS,  -1.9,   3.3, 1023.6, 3DDiff, 1852,      ,     10,  14.0,     16
2024-08-10, 11:09:09,  -05:00,  BAYLR,   41.4314981, -108.5838355, 12944.3, 30.29, 13435.0,   9.2, 164.87, 199.98,  876.15,   3.45,  -1.40,  -0.01,  -0.04, 244.8, 240.4,  27.8,  28.8,   4.6,  -1.1, 139.44, 140.13,    84.27,  191.04,   75.55,       ,       ,        ,        ,        ,  758.88,    0.94,    0.94,         ,       ,       ,        ,        ,        , 13381.6, 206,  GPS,  242.8, 110.10, 110.10, 126.100, 121.800, -0.108,       ,  15.79,  -50.7,   22.0, -117.5,    7.7,      1,   GPS, FLCIAS,  -1.6,   3.4, 1015.7, 3DDiff, 1852,      ,      9,  14.0,     16
2024-08-10, 11:09:10,  -05:00,  BAYLR,   41.4311510, -108.5849417, 12959.3, 30.29, 13451.1,   9.2, 164.78, 200.08,  925.19,   3.30,  -1.43,  -0.00,  -0.06, 244.9, 240.2,  27.8,  28.8,   4.6,  -1.1, 139.49, 140.13,    84.32,  191.09,   75.65,       ,       ,        ,        ,        ,  759.00,    0.94,    0.94,         ,       ,       ,        ,        ,        , 13397.7, 206,  GPS,  242.8, 110.10, 110.10, 126.100, 121.800, -0.106,       ,  15.81,  -50.1,   21.9, -117.5,    7.7,      1,   GPS, FLCIAS,  -1.3,   3.4, 980.3, 3DDiff, 1852,      ,      9,  14.0,     16
2024-08-10, 11:09:11,  -05:00,  BAYLR,   41.4308000, -108.5860480, 12974.3, 30.29, 13466.4,   9.2, 164.56, 200.22,  936.96,   3.26,  -1.11,  -0.00,  -0.02, 244.9, 240.1,  27.8,  28.8,   4.5,  -1.1, 139.53, 140.10,    84.36,  191.12,   75.60,       ,       ,        ,        ,        ,  759.12,    0.94,    0.94,         ,       ,       ,        ,        ,        , 13413.1, 206,  GPS,  242.8, 110.10, 110.10, 126.100, 121.800, -0.103,       ,  15.84,  -49.5,   21.9, -117.5,    7.7,      1,   GPS, FLCIAS,  -1.0,   3.3, 929.1, 3DDiff, 1852,      ,      9,  14.5,     16
2024-08-10, 11:09:12,  -05:00,  BAYLR,   41.4304453, -108.5871619, 12988.3, 30.29, 13481.4,   9.2, 164.14, 200.39,  906.01,   3.18,  -0.65,  -0.01,  -0.02, 244.8, 240.0,  27.8,  28.8,   4.6,  -1.1, 139.59, 140.12,    84.16,  191.19,   75.69,       ,       ,        ,        ,        ,  759.12,    0.94,    0.94,         ,       ,       ,        ,        ,        , 13428.0, 205,  GPS,  242.8, 110.10, 110.10, 126.100, 121.800, -0.101,       ,  15.88,  -48.9,   21.8, -117.5,    7.7,      1,   GPS, FLCIAS,  -0.8,   3.2, 901.6, 3DDiff, 1852,      ,     10,  14.5,     16
2024-08-10, 11:09:13,  -05:00,  BAYLR,   41.4300943, -108.5882758, 13002.3, 30.29, 13496.5,   9.2, 164.41, 200.59,  881.38,   3.04,  -0.44,  -0.00,  -0.04, 244.9, 239.9,  27.8,  28.8,   4.6,  -1.1, 139.58, 140.10,    84.74,  191.22,   75.57,       ,       ,        ,        ,        ,  758.75,    0.94,    0.94,         ,       ,       ,        ,        ,        , 13443.1, 206,  GPS,  242.8, 110.10, 110.10, 126.100, 121.800, -0.098,       ,  15.94,  -48.2,   21.7, -117.5,    7.7,      1,   GPS, FLCIAS,  -0.6,   3.1, 858.3, 3DDiff, 1852,      ,     10,  14.5,     16
2024-08-10, 11:09:14,  -05:00,  BAYLR,   41.4297396, -108.5893897, 13017.3, 30.29, 13510.1,   9.2, 165.71, 200.76,  821.25,   3.05,  -0.32,  -0.01,  -0.00, 244.8, 239.9,  27.8,  28.8,   4.5,  -1.1, 139.59, 140.10,    84.58,  191.23,   75.77,       ,       ,        ,        ,        ,  758.50,    0.94,    0.94,         ,       ,       ,        ,        ,        , 13456.8, 207,  GPS,  242.8, 110.10, 110.10, 126.100, 121.800, -0.095,       ,  16.00,  -47.5,   21.7, -117.4,    7.7,      1,   GPS, FLCIAS,  -0.4,   3.0, 803.1, 3DDiff, 1852,      ,     10,  14.0,     16
2024-08-10, 11:09:15,  -05:00,  BAYLR,   41.4293810, -108.5905036, 13029.3, 30.29, 13523.3,   9.0, 165.47, 200.94,  771.39,   3.15,  -0.52,  -0.00,   0.03, 245.0, 239.8,  27.8,  28.8,   4.5,  -1.1, 139.61, 140.12,    83.84,  191.22,   75.60,       ,       ,        ,        ,        ,  758.50,    0.94,    0.94,         ,       ,       ,        ,        ,        , 13470.0, 207,  GPS,  242.8, 110.10, 110.10, 126.100, 121.800, -0.092,       ,  16.08,  -46.9,   21.6, -117.4,    7.7,      1,   GPS, FLCIAS,  -0.2,   3.2, 807.1, 3DDiff, 1852,      ,      9,  14.0,     16
2024-08-10, 11:09:16,  -05:00,  BAYLR,   41.4290224, -108.5916175, 13043.3, 30.29, 13537.4,   9.0, 165.88, 201.07,  749.84,   3.42,  -0.26,  -0.00,   0.04, 244.9, 239.8,  27.8,  28.8,   4.5,  -1.1, 139.61, 140.10,    84.49,  191.23,   75.78,       ,       ,        ,        ,        ,  758.75,    0.94,    0.94,         ,       ,       ,        ,        ,        , 13484.0, 208,  GPS,  242.8, 110.10, 110.10, 126.100, 121.800, -0.089,       ,  16.18,  -46.3,   21.6, -117.4,    7.7,      1,   GPS, FLCIAS,  -0.1,   3.4, 842.5, 3DDiff, 1852,      ,      9,  14.0,     16
2024-08-10, 11:09:17,  -05:00,  BAYLR,   41.4286638, -108.5927237, 13056.3, 30.29, 13553.1,   9.0, 165.84, 201.13,  750.45,   3.54,  -0.20,   0.00,   0.05, 245.0, 239.8,  27.8,  28.8,   4.5,  -1.1, 139.59, 140.12,    84.31,  191.22,   75.77,       ,       ,        ,        ,        ,  758.88,    0.94,    0.94,         ,       ,       ,        ,        ,        , 13499.7, 208,  GPS,  242.8, 110.10, 110.10, 126.100, 121.800, -0.086,       ,  16.29,  -45.7,   21.5, -117.4,    7.7,      1,   GPS, FLCIAS,   0.1,   3.5, 929.1, 3DDiff, 1852,      ,      9,  14.0,     16
2024-08-10, 11:09:18,  -05:00,  BAYLR,   41.4283052, -108.5938376, 13071.3, 30.29, 13570.2,   9.0, 165.77, 201.13,  798.27,   3.69,   0.53,  -0.00,   0.01, 245.0, 239.7,  27.8,  28.8,   4.5,  -1.1, 139.62, 140.10,    83.95,  191.22,   75.69,       ,       ,        ,        ,        ,  759.00,    0.94,    0.94,         ,       ,       ,        ,        ,        , 13516.9, 208,  GPS,  242.8, 110.10, 110.10, 126.100, 121.800, -0.083,       ,  16.41,  -45.1,   21.5, -117.4,    7.7,      1,   GPS, FLCIAS,   0.2,   3.6, 1011.8, 3DDiff, 1852,      ,     10,  14.0,     16
2024-08-10, 11:09:19,  -05:00,  BAYLR,   41.4279505, -108.5949515, 13087.3, 30.29, 13587.1,   9.0, 165.65, 201.09,  859.05,   3.68,   0.43,  -0.00,   0.01, 245.1, 239.8,  27.8,  28.8,   4.5,  -1.1, 139.62, 140.10,    84.34,  191.20,   75.70,       ,       ,        ,        ,        ,  759.00,    0.94,    0.94,         ,       ,       ,        ,        ,        , 13533.7, 208,  GPS,  242.8, 110.10, 110.10, 126.100, 121.800, -0.080,       ,  16.54,  -44.5,   21.4, -117.4,    7.7,      1,   GPS, FLCIAS,   0.3,   3.7, 1063.0, 3DDiff, 1852,      ,     10,  14.0,     16
2024-08-10, 11:09:20,  -05:00,  BAYLR,   41.4275957, -108.5960578, 13105.3, 30.29, 13605.3,   9.0, 165.77, 201.01,  927.52,   3.78,   0.27,   0.00,   0.01, 245.2, 239.8,  27.8,  28.8,   4.5,  -1.1, 139.67, 140.09,    84.06,  191.21,   75.56,       ,       ,        ,        ,        ,  759.12,    0.94,    0.94,         ,       ,       ,        ,        ,        , 13551.9, 208,  GPS,  242.8, 110.10, 110.10, 126.100, 121.800, -0.077,       ,  16.69,  -44.0,   21.4, -117.4,    7.7,      1,   GPS, FLCIAS,   0.4,   3.7, 1110.2, 3DDiff, 1852,      ,     10,  14.0,     16
2024-08-10, 11:09:21,  -05:00,  BAYLR,   41.4272409, -108.5971717, 13122.3, 30.29, 13624.7,   9.0, 165.48, 200.94,  994.28,   3.72,   0.21,   0.00,   0.00, 245.2, 239.8,  27.8,  28.8,   4.5,  -1.1, 139.68, 140.09,    83.94,  191.25,   75.62,       ,       ,        ,        ,        ,  759.00,    0.94,    0.94,         ,       ,       ,        ,        ,        , 13571.3, 208,  GPS,  242.8, 110.10, 110.10, 126.100, 121.800, -0.075,       ,  16.85,  -43.4,   21.3, -117.4,    7.7,      1,   GPS, FLCIAS,   0.5,   3.7, 1129.9, 3DDiff, 1852,      ,      9,  14.0,     16
2024-08-10, 11:09:22,  -05:00,  BAYLR,   41.4268862, -108.5982856, 13139.3, 30.29, 13643.4,   9.0, 165.06, 200.88, 1033.87,   3.72,   0.29,   0.00,  -0.05, 245.2, 239.9,  27.8,  28.8,   4.5,  -1.1, 139.70, 140.11,    84.07,  191.27,   75.64,       ,       ,        ,        ,        ,  759.12,    0.94,    0.94,         ,       ,       ,        ,        ,        , 13590.0, 207,  GPS,  242.8, 110.10, 110.10, 126.100, 121.800, -0.072,       ,  17.01,  -43.0,   21.2, -117.4,    7.7,      1,   GPS, FLCIAS,   0.5,   3.7, 1122.0, 3DDiff, 1852,      ,      9,  14.0,     16
2024-08-10, 11:09:23,  -05:00,  BAYLR,   41.4265352, -108.5993995, 13156.3, 30.29, 13661.5,   9.0, 165.21, 200.82, 1034.14,   3.58,   0.67,  -0.00,  -0.02, 245.3, 239.9,  27.8,  28.8,   4.4,  -1.1, 139.69, 140.09,    84.08,  191.24,   75.55,       ,       ,        ,        ,        ,  759.00,    0.94,    0.94,         ,       ,       ,        ,        ,        , 13608.1, 207,  GPS,  242.8, 110.10, 110.10, 126.100, 121.800, -0.069,       ,  17.18,  -42.5,   21.2, -117.4,    7.7,      1,   GPS, FLCIAS,   0.6,   3.6, 1098.4, 3DDiff, 1852,      ,      9,  14.0,     16
2024-08-10, 11:09:24,  -05:00,  BAYLR,   41.4261804, -108.6005133, 13175.3, 30.29, 13679.5,   8.8, 165.71, 200.76, 1029.95,   3.60,   0.88,  -0.00,   0.00, 245.4, 239.9,  27.8,  28.8,   4.5,  -1.1, 139.74, 140.09,    83.97,  191.24,   75.64,       ,       ,        ,        ,        ,  759.00,    0.94,    0.94,         ,       ,       ,        ,        ,        , 13626.1, 208,  GPS,  242.8, 110.10, 110.10, 126.100, 121.800, -0.066,       ,  17.35,  -42.1,   21.1, -117.4,    7.7,      1,   GPS, FLCIAS,   0.6,   3.6, 1082.7, 3DDiff, 1852,      ,     10,  14.0,     16
2024-08-10, 11:09:25,  -05:00,  BAYLR,   41.4258257, -108.6016272, 13192.3, 30.29, 13698.6,   8.8, 166.20, 200.72, 1011.24,   3.60,   0.32,  -0.00,   0.02, 245.6, 240.0,  27.8,  28.8,   4.5,  -1.1, 139.77, 140.07,    83.75,  191.25,   75.74,       ,       ,        ,        ,        ,  759.25,    0.94,    0.94,         ,       ,       ,        ,        ,        , 13645.2, 209,  GPS,  242.8, 110.10, 110.10, 126.100, 121.800, -0.064,       ,  17.53,  -41.7,   21.1, -117.4,    7.7,      1,   GPS, FLCIAS,   0.7,   3.7, 1082.7, 3DDiff, 1852,      ,     10,  14.0,     16
2024-08-10, 11:09:26,  -05:00,  BAYLR,   41.4254747, -108.6027411, 13208.3, 30.29, 13717.7,   8.8, 165.64, 200.66, 1004.41,   3.74,   0.63,  -0.00,   0.06, 245.5, 240.1,  27.8,  28.8,   4.5,  -1.0, 139.78, 140.06,    84.07,  191.26,   75.65,       ,       ,        ,        ,        ,  758.88,    0.94,    0.94,         ,       ,       ,        ,        ,        , 13664.3, 208,  GPS,  242.8, 110.10, 110.10, 126.100, 121.800, -0.061,       ,  17.72,  -41.4,   21.0, -117.4,    7.7,      1,   GPS, FLCIAS,   0.7,   3.9, 1114.2, 3DDiff, 1852,      ,     10,  14.0,     16
2024-08-10, 11:09:27,  -05:00,  BAYLR,   41.4251238, -108.6038550, 13227.3, 30.29, 13737.7,   8.8, 166.39, 200.55,  997.63,   3.96,   0.89,   0.00,   0.05, 245.6, 240.1,  27.8,  28.8,   4.6,  -1.1, 139.84, 140.07,    83.82,  191.28,   75.64,       ,       ,        ,        ,        ,  758.88,    0.94,    0.94,         ,       ,       ,        ,        ,        , 13684.3, 209,  GPS,  242.8, 110.10, 110.10, 126.100, 121.800, -0.058,       ,  17.91,  -41.1,   21.0, -117.4,    7.7,      1,   GPS, FLCIAS,   0.8,   3.9, 1200.8, 3DDiff, 1852,      ,      9,  14.0,     16
2024-08-10, 11:09:28,  -05:00,  BAYLR,   41.4247766, -108.6049613, 13247.3, 30.29, 13759.9,   8.8, 166.27, 200.33, 1047.43,   4.14,   0.43,  -0.00,   0.08, 245.7, 240.2,  27.8,  28.8,   4.4,  -1.1, 139.80, 140.04,    83.74,  191.31,   75.68,       ,       ,        ,        ,        ,  758.62,    0.94,    0.94,         ,       ,       ,        ,        ,        , 13706.5, 209,  GPS,  242.8, 110.10, 110.10, 126.100, 121.800, -0.056,       ,  18.10,  -40.9,   20.9, -117.4,    7.7,      1,   GPS, FLCIAS,   0.8,   4.0, 1315.0, 3DDiff, 1852,      ,      9,  14.0,     16
2024-08-10, 11:09:29,  -05:00,  BAYLR,   41.4244257, -108.6060752, 13267.3, 30.29, 13783.3,   8.8, 165.35, 200.12, 1143.97,   4.15,   0.71,   0.00,  -0.02, 245.9, 240.2,  27.8,  28.8,   4.5,  -1.1, 139.77, 140.03,    83.57,  191.30,   75.50,       ,       ,        ,        ,        ,  758.62,    0.94,    0.94,         ,       ,       ,        ,        ,        , 13729.9, 208,  GPS,  242.8, 110.10, 110.10, 126.100, 121.800, -0.053,       ,  18.30,  -40.7,   20.9, -117.4,    7.7,      1,   GPS, FLCIAS,   0.8,   4.1, 1389.8, 3DDiff, 1852,      ,      9,  14.0,     16
2024-08-10, 11:09:30,  -05:00,  BAYLR,   41.4240824, -108.6071891, 13287.3, 30.29, 13806.3,   8.8, 164.96, 199.90, 1234.36,   3.93,   1.23,  -0.01,  -0.05, 245.9, 240.3,  27.8,  28.8,   4.5,  -1.1, 139.78, 139.94,    83.85,  191.32,   75.74,       ,       ,        ,        ,        ,  758.75,    0.94,    0.94,         ,       ,       ,        ,        ,        , 13752.9, 207,  GPS,  242.8, 110.10, 110.10, 126.100, 121.800, -0.051,       ,  18.50,  -40.6,   20.8, -117.4,    7.7,      1,   GPS, FLCIAS,   0.8,   4.0, 1366.1, 3DDiff, 1852,      ,     10,  14.0,     16
2024-08-10, 11:09:31,  -05:00,  BAYLR,   41.4237390, -108.6082953, 13308.3, 30.29, 13827.5,   8.8, 164.65, 199.75, 1283.80,   3.91,   0.68,  -0.01,   0.06, 245.9, 240.4,  27.8,  28.8,   4.5,  -1.1, 139.74, 139.91,    83.75,  191.31,   75.60,       ,       ,        ,        ,        ,  758.75,    0.94,    0.94,         ,       ,       ,        ,        ,        , 13774.1, 207,  GPS,  242.8, 110.10, 110.10, 126.100, 121.800, -0.049,       ,  18.69,  -40.4,   20.7, -117.4,    7.7,      1,   GPS, FLCIAS,   0.8,   3.8, 1338.6, 3DDiff, 1852,      ,     10,  14.0,     16
2024-08-10, 11:09:32,  -05:00,  BAYLR,   41.4233919, -108.6094092, 13329.3, 30.29, 13848.6,   8.5, 164.29, 199.65, 1288.96,   3.71,   0.81,   0.00,  -0.06, 246.0, 240.5,  27.8,  28.8,   4.5,  -1.1, 139.74, 139.77,    83.76,  191.34,   75.51,       ,       ,        ,        ,        ,  758.50,    0.94,    0.94,         ,       ,       ,        ,        ,        , 13795.2, 207,  GPS,  242.8, 110.10, 110.10, 126.100, 121.800, -0.047,       ,  18.88,  -40.3,   20.7, -117.4,    7.7,      1,   GPS, FLCIAS,   0.8,   3.7, 1303.1, 3DDiff, 1852,      ,     10,  14.0,     16
2024-08-10, 11:09:33,  -05:00,  BAYLR,   41.4230524, -108.6105231, 13347.3, 30.29, 13868.4,   8.5, 163.68, 199.63, 1268.79,   3.33,   1.46,   0.00,  -0.07, 246.1, 240.6,  27.8,  28.8,   4.5,  -1.1, 139.73, 139.68,    83.40,  191.33,   75.66,       ,       ,        ,        ,        ,  758.12,    0.94,    0.94,         ,       ,       ,        ,        ,        , 13815.0, 206,  GPS,  242.8, 110.10, 110.10, 126.100, 121.800, -0.045,       ,  19.06,  -40.2,   20.6, -117.3,    7.7,      1,   GPS, FLCIAS,   0.8,   3.5, 1173.2, 3DDiff, 1852,      ,      9,  14.0,     16
2024-08-10, 11:09:34,  -05:00,  BAYLR,   41.4227129, -108.6116294, 13364.3, 30.29, 13885.0,   8.5, 163.48, 199.71, 1206.77,   3.10,   1.07,  -0.00,  -0.05, 246.1, 240.7,  27.8,  28.8,   4.5,  -1.1, 139.76, 139.65,    83.52,  191.33,   75.70,       ,       ,        ,        ,        ,  758.38,    0.94,    0.94,         ,       ,       ,        ,        ,        , 13832.6, 206,  GPS,  242.8, 110.10, 110.10, 126.100, 121.800, -0.043,       ,  19.23,  -40.1,   20.6, -117.3,    7.7,      1,   GPS, FLCIAS,   0.8,   3.2, 1066.9, 3DDiff, 1852,      ,      9,  14.0,     16
2024-08-10, 11:09:35,  -05:00,  BAYLR,   41.4223734, -108.6127433, 13379.3, 30.29, 13901.3,   8.5, 163.30, 199.87, 1100.42,   2.87,   0.49,   0.00,  -0.06, 246.3, 240.8,  27.8,  28.8,   4.6,  -1.1, 139.77, 139.65,    83.54,  191.30,   75.68,       ,       ,        ,        ,        ,  758.38,    0.94,    0.94,         ,       ,       ,        ,        ,        , 13848.8, 206,  GPS,  242.8, 110.10, 110.10, 126.100, 121.800, -0.041,       ,  19.39,  -40.0,   20.5, -117.3,    7.7,      1,   GPS, FLCIAS,   0.8,   3.0, 988.2, 3DDiff, 1852,      ,      9,  14.0,     16
