#airframe_info, log_version="1.00", airframe_name="Cirrus SR22 Turbo (3600 GW)", unit_software_part_number="006-B0319-C3", unit_software_version="14.03", system_software_part_number="006-B0764-20", system_id="000000000", mode=NORMAL, 
#yyy-mm-dd, hh:mm:ss,   hh:mm,  ident,      degrees,      degrees, ft Baro,  inch,  ft msl, deg C,     kt,     kt,     fpm,    deg,    deg,      G,      G,   deg,   deg, volts, volts,  amps,   gals,   gals,      gph,   deg F,     psi,     Hg,    rpm,       %,   deg F,   deg F,   deg F,   deg F,   deg F,   deg F,   deg F,   deg F,   deg F,   deg F,   deg F,   deg F,   deg F,   deg F,  ft wgs,  kt, enum,    deg,    MHz,    MHz,     MHz,     MHz,    fsd,    fsd,     kt,   deg,     nm,    deg,    deg,   bool,  enum,   enum,   deg,   deg,   fpm,   enum,   mt,    mt,     mt,    mt,     mt
  Lcl Date, Lcl Time, UTCOfst, AtvWpt,     Latitude,    Longitude,    AltB, BaroA,  AltMSL,   OAT,    IAS, GndSpd,    VSpd,  Pitch,   Roll,  LatAc, NormAc,   HDG,   TRK, volt1, volt2,  amp1,  FQtyL,  FQtyR, E1 FFlow, E1 OilT, E1 OilP, E1 MAP, E1 RPM, E1 %Pwr, E1 CHT1, E1 CHT2, E1 CHT3, E1 CHT4, E1 CHT5, E1 CHT6, E1 EGT1, E1 EGT2, E1 EGT3, E1 EGT4, E1 EGT5, E1 EGT6, E1 TIT1, E1 TIT2,  AltGPS, TAS, HSIS,    CRS,   NAV1,   NAV2,    COM1,    COM2,   HCDI,   VCDI, WndSpd, WndDr, WptDst, WptBrg, MagVar, AfcsOn, RollM, PitchM, RollC, PichC, VSpdG, GPSfix,  HAL,   VAL, HPLwas, HPLfd, VPLwas
2015-05-13, 08:11:16,  -04:00,       ,             ,             ,   101.6, 30.04,        ,   9.5,   0.00,       ,    0.00,   3.00,  -0.23,   0.01,   0.00, 214.1,      ,  23.1,  22.4,  -7.9,   2.90,   6.07,     4.17,   49.30,    1.01,  31.00,    0.1,   -0.00,   48.26,   48.90,   48.13,   48.82,   48.04,   48.61,   57.06,   66.80,   57.06,   57.06,   57.09,   57.06,   57.08,   57.06,        ,   0,  GPS,  215.7, 115.70, 110.50, 121.900, 127.500,       ,       ,       ,      ,       ,       ,  -14.6,      0,  NONE,   NONE,      ,      ,      , NoSoln, 3704,      ,       ,      ,       
2015-05-13, 08:11:16,  -04:00,       ,             ,             ,   101.6, 30.04,        ,   9.5,   0.00,       ,    0.00,   3.00,  -0.23,   0.01,   0.00, 214.1,      ,  23.1,  22.4,  -7.9,   2.90,   6.07,     4.17,   49.30,    1.01,  31.00,    0.1,   -0.00,   48.26,   48.90,   48.13,   48.82,   48.04,   48.61,   57.06,   66.80,   57.06,   57.06,   57.09,   57.06,   57.08,   57.06,        ,   0,  GPS,  215.7, 115.70, 110.50, 121.900, 127.500,       ,       ,       ,      ,       ,       ,  -14.6,      0,  NONE,   NONE,      ,      ,      , NoSoln, 3704,      ,       ,      ,       
2015-05-13, 08:11:17,  -04:00,       ,             ,             ,   101.6, 30.04,        ,   9.5,   0.00,       ,    0.00,   3.00,  -0.19,  -0.00,  -0.01, 214.1,      ,  22.9,  22.1,  -8.1,   3.94,   7.61,     2.41,   49.30,    2.00,  30.89,    0.0,   -0.00,   48.27,   48.93,   48.15,   48.82,   48.06,   48.62,   57.13,   66.29,   57.13,   57.13,   57.13,   57.13,   57.13,   57.13,        ,   0,  GPS,  215.7, 115.70, 110.50, 121.900, 127.500,       ,       ,       ,      ,       ,       ,  -14.6,      0,  NONE,   NONE,      ,      ,      , NoSoln, 3704,      ,       ,      ,       
2015-05-13, 08:11:18,  -04:00,       ,             ,             ,   101.6, 30.04,        ,   9.5,   0.00,       ,    0.00,   3.01,  -0.25,  -0.02,  -0.00, 214.1,      ,  22.8,  22.1,  -8.2,   4.90,   9.00,     2.84,   49.33,    4.25,  30.95,  105.7,    0.00,   48.27,   48.95,   48.15,   48.84,   48.03,   48.62,   57.06,   79.09,   57.06,   57.06,   57.06,   57.06,   60.04,   57.06,        ,   0,  GPS,  215.7, 115.70, 110.50, 121.900, 127.500,       ,       ,       ,      ,       ,       ,  -14.6,      0,  NONE,   NONE,      ,      ,      , NoSoln, 3704,      ,       ,      ,       
2015-05-13, 08:11:19,  -04:00,       ,             ,             ,   101.6, 30.04,        ,   9.5,   0.00,       ,    0.00,   3.01,  -0.22,   0.01,   0.00, 214.1,      ,  22.6,  21.9,  -8.3,   6.19,  10.30,     2.14,   49.35,    4.98,  30.97,   61.3,    0.00,   48.29,   48.96,   48.15,   48.84,   48.04,   48.64,   57.13,   76.86,   57.13,   57.13,   57.13,   57.13,   58.92,   57.13,        ,   0,  GPS,  215.7, 115.70, 110.50, 121.900, 127.500,       ,       ,       ,      ,       ,       ,  -14.6,      0,  NONE,   NONE,      ,      ,      , NoSoln, 3704,      ,       ,      ,       
2015-05-13, 08:11:20,  -04:00,       ,             ,             ,   101.6, 30.04,        ,   9.5,   0.00,       ,    0.00,   3.02,  -0.21,  -0.00,   0.00, 214.1,      ,  22.5,  21.7,  -8.5,   7.44,  11.47,     1.67,   49.36,    5.64,  30.97,   55.8,    0.00,   48.30,   48.97,   48.15,   48.84,   48.04,   48.64,   57.10,   75.91,   57.10,   57.10,   57.10,   57.10,   58.73,   57.10,        ,   0,  GPS,  215.7, 115.70, 110.50, 121.900, 127.500,       ,       ,       ,      ,       ,       ,  -14.6,      0,  NONE,   NONE,      ,      ,      , NoSoln, 3704,      ,       ,      ,       
2015-05-13, 08:11:21,  -04:00,       ,             ,             ,   101.6, 30.04,        ,   9.5,   0.00,       ,    0.00,   3.02,  -0.22,   0.01,  -0.00, 214.0,      ,  22.7,  22.0,  -8.5,   8.58,  12.54,     1.55,   49.40,    6.13,  30.92,   54.9,    0.00,   48.31,   48.99,   48.17,   48.84,   48.06,   48.63,   57.10,   74.60,   57.10,   57.10,   57.10,   57.10,   57.60,   57.10,        ,   0,  GPS,  215.7, 115.70, 110.50, 121.900, 127.500,       ,       ,       ,      ,       ,       ,  -14.6,      0,  NONE,   NONE,      ,      ,      , NoSoln, 3704,      ,       ,      ,       
2015-05-13, 08:11:22,  -04:00,       ,             ,             ,   101.6, 30.04,        ,   9.5,   0.00,       ,    0.00,   3.02,  -0.20,   0.00,  -0.00, 214.0,      ,  23.1,  22.4,  -8.4,   9.65,  13.52,     1.65,   49.44,    5.11,  30.91,   17.4,    0.00,   48.30,   49.02,   48.16,   48.82,   48.06,   48.66,   57.10,   73.82,   57.10,   57.10,   57.10,   57.10,   57.57,   57.10,        ,   0,  GPS,  215.7, 115.70, 110.50, 121.900, 127.500,       ,       ,       ,      ,       ,       ,  -14.6,      0,  NONE,   NONE,      ,      ,      , NoSoln, 3704,      ,       ,      ,       
2015-05-13, 08:11:23,  -04:00,       ,             ,             ,   101.6, 30.04,        ,   9.5,   0.00,       ,    0.00,   3.02,  -0.18,   0.00,  -0.00, 214.0,      ,  23.4,  22.7,  -8.5,  10.63,  14.43,     1.83,   49.46,    4.34,  30.90,    1.0,   -0.00,   48.32,   49.05,   48.18,   48.84,   48.06,   48.61,   57.10,   73.20,   57.10,   57.10,   57.10,   57.10,   57.42,   57.10,        ,   0,  GPS,  215.7, 115.70, 110.50, 121.900, 127.500,       ,       ,       ,      ,       ,       ,  -14.6,      0,  NONE,   NONE,      ,      ,      , NoSoln, 3704,      ,       ,      ,       
2015-05-13, 08:11:24,  -04:00,       ,             ,             ,   101.6, 30.04,        ,   9.5,   0.00,       ,    0.00,   3.02,  -0.19,  -0.04,   0.00, 214.1,      ,  23.4,  22.7,  -8.5,  11.54,  15.26,     1.95,   49.49,    3.70,  30.97,    0.1,   -0.00,   48.30,   49.07,   48.15,   48.84,   48.06,   48.64,   57.10,   72.89,   57.10,   57.10,   57.10,   57.10,   57.90,   57.10,        ,   0,  GPS,  215.7, 115.70, 110.50, 121.900, 127.500,       ,       ,       ,      ,       ,       ,  -14.6,      0,  NONE,   NONE,      ,      ,      , NoSoln, 3704,      ,       ,      ,       
2015-05-13, 08:11:25,  -04:00,       ,             ,             ,   101.6, 30.04,        ,   9.5,   0.00,       ,    0.00,   3.03,  -0.20,   0.01,   0.01, 214.1,      ,  23.1,  22.3,  -8.5,  12.39,  16.04,     1.47,   49.50,    4.18,  30.99,    0.0,   -0.00,   48.32,   49.05,   48.18,   48.87,   48.06,   48.64,   57.06,   71.47,   57.06,   57.06,   57.06,   57.06,   57.18,   57.06,        ,   0,  GPS,  215.7, 115.70, 110.50, 121.900, 127.500,       ,       ,       ,      ,       ,       ,  -14.6,      0,  NONE,   NONE,      ,      ,      , NoSoln, 3704,      ,       ,      ,       
2015-05-13, 08:11:26,  -04:00,       ,             ,             ,   101.6, 30.04,        ,   9.5,   0.00,       ,    0.00,   3.03,  -0.20,   0.01,  -0.00, 214.0,      ,  22.9,  22.1,  -8.6,  13.17,  16.78,     1.48,   49.52,    5.29,  30.96,   44.2,    0.00,   48.30,   49.07,   48.18,   48.84,   48.06,   48.65,   57.10,   71.03,   57.10,   57.10,   57.10,   57.10,   57.47,   57.10,        ,   0,  GPS,  215.7, 115.70, 110.50, 121.900, 127.500,       ,       ,       ,      ,       ,       ,  -14.6,      0,  NONE,   NONE,      ,      ,      , NoSoln, 3704,      ,       ,      ,       
2015-05-13, 08:11:27,  -04:00,       ,             ,             ,   101.6, 30.04,        ,   9.5,   0.00,       ,    0.00,   3.03,  -0.18,  -0.01,  -0.00, 214.0,      ,  22.7,  22.0,  -8.8,  13.88,  17.46,     1.62,   49.53,    7.13,  30.96,   55.3,    0.00,   48.32,   49.10,   48.18,   48.85,   48.06,   48.64,   57.10,   69.43,   57.10,   57.10,   57.10,   57.10,   57.10,   57.10,        ,   0,  GPS,  215.7, 115.70, 110.50, 121.900, 127.500,       ,       ,       ,      ,       ,       ,  -14.6,      0,  NONE,   NONE,      ,      ,      , NoSoln, 3704,      ,       ,      ,       
2015-05-13, 08:11:28,  -04:00,       ,   47.2282816,  -77.1243933,   101.6, 30.04,   102.3,   9.5,   0.00,   2.04,    0.00,   3.03,  -0.16,  -0.02,   0.00, 214.0, 104.4,  22.6,  21.8,  -8.9,  14.55,  18.08,     1.67,   49.53,    9.42,  30.97,   55.1,    0.00,   48.35,   49.13,   48.18,   48.85,   48.06,   48.64,   57.10,   68.36,   57.10,   57.10,   57.10,   57.10,   57.10,   57.10,     0.5,   0,  GPS,  215.7, 115.70, 110.50, 121.900, 127.500,       ,       ,       ,      ,       ,       ,  -14.6,      0,  NONE,   NONE,      ,      ,  -7.9,     3D, 3704,      ,       , 13872.5,       
2015-05-13, 08:11:29,  -04:00,       ,   47.2282930,  -77.1243705,   101.6, 30.04,   107.1,   9.5,   0.00,   2.72,    0.00,   3.02,  -0.16,  -0.01,  -0.01, 214.0, 104.6,  22.6,  21.9,  -8.8,  15.16,  18.67,     1.74,   49.54,   12.53,  30.94,   55.4,    0.00,   48.35,   49.13,   48.18,   48.84,   48.09,   48.64,   57.10,   67.17,   57.10,   57.10,   57.10,   57.10,   57.10,   57.10,     5.3,   0,  GPS,  215.7, 115.70, 110.50, 121.900, 127.500,       ,       ,       ,      ,       ,       ,  -14.6,      0,  NONE,   NONE,      ,      ,   0.0,     3D, 3704,      ,       , 12165.0,       
2015-05-13, 08:11:30,  -04:00,       ,   47.2282778,  -77.1244086,   101.6, 30.04,    85.0,   9.5,   0.00,   0.00,    0.00,   3.01,  -0.18,   0.00,  -0.00, 214.0, 104.5,  23.0,  22.3,  -8.8,  15.72,  19.22,     1.79,   49.56,   12.46,  30.90,   13.2,    0.00,   48.35,   49.13,   48.21,   48.85,   48.07,   48.64,   57.10,   66.51,   57.10,   57.10,   57.10,   57.10,   57.10,   57.10,   -16.8,   0,  GPS,  215.7, 115.70, 110.50, 121.900, 127.500,       ,       ,       ,      ,       ,       ,  -14.6,      0,  NONE,   NONE,      ,      ,   3.9,     3D, 3704,      ,       , 11586.0,       
2015-05-13, 08:11:31,  -04:00,       ,   47.2282663,  -77.1244162,   101.6, 30.04,    75.4,   9.5,   0.00,   0.00,    0.00,   3.01,  -0.18,   0.00,  -0.00, 214.0, 104.5,  23.3,  22.6,  -8.9,  16.24,  19.72,     3.81,   49.57,   11.01,  30.89,    0.7,   -0.00,   48.39,   49.16,   48.21,   48.84,   48.09,   48.65,   57.10,   65.97,   57.10,   57.10,   57.10,   57.10,   57.10,   57.10,   -26.4,   0,  GPS,  215.7, 115.70, 110.50, 121.900, 127.500,       ,       ,       ,      ,       ,       ,  -14.6,      0,  NONE,   NONE,      ,      ,  -3.9,     3D, 3704,      ,       , 11113.5,       
2015-05-13, 08:11:32,  -04:00,       ,   47.2282625,  -77.1244239,   101.6, 30.04,    64.7,   9.5,   0.00,   0.00,    0.00,   3.00,  -0.19,   0.00,  -0.00, 213.9, 104.5,  23.6,  22.8,  -9.0,  16.72,  20.18,    11.62,   49.58,    9.51,  30.88,    0.0,   -0.00,   48.41,   49.16,   48.21,   48.84,   48.09,   48.67,   57.06,   65.45,   57.06,   57.06,   57.06,   57.06,   57.06,   57.06,   -37.1,   0,  GPS,  215.7, 115.70, 110.50, 121.900, 127.500,       ,       ,       ,      ,       ,       ,  -14.6,      0,  NONE,   NONE,      ,      ,   3.9,     3D, 3704,      ,       , 10692.5,       
2015-05-13, 08:11:33,  -04:00,       ,   47.2282930,  -77.1243628,   101.6, 30.04,   117.6,   9.5,   0.00,   0.00,    0.00,   3.00,  -0.20,   0.00,   0.00, 213.9, 104.5,  23.7,  22.9,  -8.9,  17.16,  20.62,    11.77,   49.58,    8.25,  30.90,    0.0,   -0.00,   48.41,   49.19,   48.21,   48.85,   48.07,   48.64,   57.10,   66.20,   57.10,   57.10,   57.10,   57.10,   58.16,   57.10,    15.8,   0,  GPS,  215.7, 115.70, 110.50, 121.900, 127.500,       ,       ,       ,      ,       ,       ,  -14.6,      0,  NONE,   NONE,      ,      ,  -3.9,     3D, 3704,      ,       , 197.0,       
2015-05-13, 08:11:34,  -04:00,       ,   47.2282892,  -77.1243628,   101.6, 30.04,   119.9,   9.5,   0.00,   0.00,    0.00,   3.00,  -0.24,  -0.02,  -0.01, 213.9, 104.5,  23.2,  22.5,  -9.0,  17.55,  21.02,     5.10,   49.58,    8.65,  31.00,    0.0,    0.00,   48.41,   49.19,   48.21,   48.87,   48.08,   48.66,   57.10,   64.52,   57.10,   57.10,   57.10,   57.10,   57.10,   57.10,    18.1,   0,  GPS,  215.7, 115.70, 110.50, 121.900, 127.500,       ,       ,       ,      ,       ,       ,  -14.6,      0,  NONE,   NONE,      ,      ,   0.0,     3D, 3704,      ,       ,  75.5,       
2015-05-13, 08:11:35,  -04:00,       ,   47.2282892,  -77.1243628,   101.6, 30.04,   120.6,   9.5,   0.00,   0.00,    0.00,   2.99,  -0.15,   0.02,  -0.02, 213.8, 104.5,  23.3,  22.6,  -9.1,  17.92,  21.37,     5.02,   49.58,   28.80,  30.75,  316.9,    0.02,   48.41,   49.19,   48.21,   48.87,   48.07,   48.67,   64.15,  109.93,   59.69,   57.10,   57.10,   66.49,   86.86,   59.75,    18.8,   0,  GPS,  215.7, 115.70, 110.50, 121.900, 127.500,       ,       ,       ,      ,       ,       ,  -14.6,      0,  NONE,   NONE,      ,      ,   0.0,     3D, 3704,      ,       ,  75.5,       
2015-05-13, 08:11:36,  -04:00,       ,   47.2282892,  -77.1243705,   101.6, 30.04,   122.3,   9.5,   0.00,   0.00,    0.00,   2.98,  -0.12,   0.00,  -0.01, 213.8, 104.5,  23.6,  22.8,  -9.0,  18.23,  21.68,     3.83,   49.58,   32.75,  30.89,  215.9,    0.01,   48.47,   49.22,   48.24,   48.85,   48.08,   48.67,   63.85,  114.81,   58.67,   57.10,   57.10,   68.14,   91.54,   58.96,    20.5,   0,  GPS,  215.7, 115.70, 110.50, 121.900, 127.500,       ,       ,       ,      ,       ,       ,  -14.6,      0,  NONE,   NONE,      ,      ,   0.0,     3D, 3704,      ,       ,  75.0,       
2015-05-13, 08:11:37,  -04:00,       ,   47.2282816,  -77.1243705,   101.6, 30.04,   123.9,   9.5,   0.00,   0.00,    0.00,   2.98,  -0.15,   0.01,   0.00, 213.8, 104.5,  23.7,  22.9,  -8.9,  18.54,  21.95,     2.67,   49.60,   23.01,  30.96,   21.4,    0.00,   48.53,   49.27,   48.29,   48.85,   48.09,   48.67,   60.90,  112.67,   57.67,   57.10,   57.10,   63.45,   91.30,   60.15,    22.1,   0,  GPS,  215.7, 115.70, 110.50, 121.900, 127.500,       ,       ,       ,      ,       ,       ,  -14.6,      0,  NONE,   NONE,      ,      ,   0.0,     3D, 3704,      ,       ,  75.0,       
2015-05-13, 08:11:38,  -04:00,       ,   47.2282816,  -77.1243781,   101.6, 30.04,   124.1,   9.5,   0.00,   0.00,    0.00,   2.97,  -0.18,   0.05,  -0.01, 213.8, 104.5,  23.3,  22.5,  -9.0,  18.82,  22.20,     2.00,   49.58,   19.13,  30.98,    1.2,   -0.00,   48.59,   49.33,   48.32,   48.87,   48.09,   48.70,   61.72,  110.27,   57.68,   57.10,   57.10,   64.47,   89.05,   57.65,    22.3,   0,  GPS,  215.7, 115.70, 110.50, 121.900, 127.500,       ,       ,       ,      ,       ,       ,  -14.6,      0,  NONE,   NONE,      ,      ,   0.0,     3D, 3704,      ,       ,  75.0,       
2015-05-13, 08:11:39,  -04:00,       ,   47.2282816,  -77.1243781,   101.6, 30.04,   123.8,   9.5,   0.00,   0.00,    0.00,   2.94,  -0.09,  -0.11,  -0.00, 213.8, 104.5,  23.2,  22.5,  -9.1,  19.06,  22.45,     3.18,   49.58,   28.91,  30.80,  170.5,    0.00,   48.61,   49.36,   48.37,   48.87,   48.09,   48.73,   62.41,  111.38,   58.63,   57.06,   63.81,   64.43,   88.47,   62.86,    22.0,   0,  GPS,  215.7, 115.70, 110.50, 121.900, 127.500,       ,       ,       ,      ,       ,       ,  -14.6,      0,  NONE,   NONE,      ,      ,   0.0,     3D, 3704,      ,       ,  75.0,       
2015-05-13, 08:11:40,  -04:00,       ,   47.2282816,  -77.1243781,   101.6, 30.04,   122.8,   9.5,   0.00,   0.00,    0.00,   2.97,  -0.13,   0.02,  -0.01, 213.8, 104.5,  23.0,  22.3,  -9.0,  19.26,  22.66,     3.23,   49.57,   37.00,  30.96,  116.4,    0.00,   48.64,   49.36,   48.41,   48.87,   48.09,   48.73,   61.45,  118.20,   57.77,   57.10,   64.15,   63.77,   92.23,   62.66,    21.0,   0,  GPS,  215.7, 115.70, 110.50, 121.900, 127.500,       ,       ,       ,      ,       ,       ,  -14.6,      0,  NONE,   NONE,      ,      ,   0.0,     3D, 3704,      ,       ,  75.0,       
2015-05-13, 08:11:41,  -04:00,       ,   47.2282892,  -77.1243781,   101.6, 30.04,   121.1,   9.5,   0.00,   0.00,    0.00,   2.99,  -0.18,   0.01,   0.00, 213.8, 104.5,  22.9,  22.2,  -9.1,  19.47,  22.83,     2.38,   49.57,   33.29,  30.97,   61.5,    0.00,   48.65,   49.42,   48.42,   48.87,   48.12,   48.75,   62.04,  114.18,   57.14,   57.10,   60.13,   64.70,   89.44,   61.38,    19.3,   0,  GPS,  215.7, 115.70, 110.50, 121.900, 127.500,       ,       ,       ,      ,       ,       ,  -14.6,      0,  NONE,   NONE,      ,      ,   0.0,     3D, 3704,      ,       ,  75.0,       
2015-05-13, 08:11:42,  -04:00,       ,   47.2282892,  -77.1243781,   101.6, 30.04,   119.1,   9.5,   0.00,   0.00,    0.00,   3.01,  -0.16,   0.01,   0.00, 213.8, 104.5,  23.2,  22.5,  -9.1,  19.66,  22.99,     2.10,   49.58,   26.48,  30.90,   43.7,    0.00,   48.66,   49.47,   48.44,   48.87,   48.13,   48.76,   60.52,  112.50,   57.10,   57.10,   61.10,   62.16,   88.91,   60.44,    17.3,   0,  GPS,  215.7, 115.70, 110.50, 121.900, 127.500,       ,       ,       ,      ,       ,       ,  -14.6,      0,  NONE,   NONE,      ,      ,   0.0,     3D, 3704,      ,       ,  75.0,       
2015-05-13, 08:11:43,  -04:00,       ,   47.2282892,  -77.1243781,   101.6, 30.04,   117.1,   9.5,   0.00,   0.00,    0.00,   3.03,  -0.13,   0.00,  -0.00, 213.8, 104.5,  23.5,  22.8,  -9.1,  19.85,  23.17,     2.20,   49.57,   18.43,  30.89,    2.5,   -0.00,   48.68,   49.48,   48.49,   48.88,   48.15,   48.79,   60.24,  110.92,   57.13,   57.13,   60.67,   61.80,   87.94,   60.16,    15.2,   0,  GPS,  215.7, 115.70, 110.50, 121.900, 127.500,       ,       ,       ,      ,       ,       ,  -14.6,      0,  NONE,   NONE,      ,      ,   0.0,     3D, 3704,      ,       ,  75.0,       
2015-05-13, 08:11:44,  -04:00,       ,   47.2282892,  -77.1243781,   101.6, 30.04,   115.3,   9.5,   0.00,   0.00,    0.00,   3.07,  -0.11,   0.00,  -0.00, 213.8, 104.5,  23.8,  23.0,  -8.8,  20.01,  23.33,     1.51,   49.56,   13.78,  30.91,    0.1,   -0.00,   48.69,   49.54,   48.50,   48.87,   48.18,   48.79,   59.91,  109.40,   57.06,   57.06,   60.13,   61.72,   87.18,   59.74,    13.5,   0,  GPS,  215.7, 115.70, 110.50, 121.900, 127.500,       ,       ,       ,      ,       ,       ,  -14.6,      0,  NONE,   NONE,      ,      ,   3.9,     3D, 3704,      ,       ,  75.0,       
2015-05-13, 08:11:45,  -04:00,       ,   47.2282892,  -77.1243781,   101.6, 30.04,   113.4,   9.5,   0.00,   0.00,    0.00,   3.08,  -0.09,  -0.00,  -0.00, 213.7, 104.5,  23.9,  23.2,  -8.7,  20.18,  23.45,     0.98,   49.55,   11.03,  30.91,    0.0,   -0.00,   48.70,   49.56,   48.52,   48.87,   48.21,   48.81,   59.68,  107.96,   57.10,   57.10,   59.87,   61.32,   86.63,   59.63,    11.6,   0,  GPS,  215.7, 115.70, 110.50, 121.900, 127.500,       ,       ,       ,      ,       ,       ,  -14.6,      0,  NONE,   NONE,      ,      ,   0.0,     3D, 3704,      ,       ,  75.0,       
2015-05-13, 08:11:46,  -04:00,       ,   47.2282892,  -77.1243781,   101.6, 30.04,   112.2,   9.5,   0.00,   0.00,    0.00,   3.09,  -0.08,   0.00,  -0.00, 213.8, 104.5,  24.1,  23.4,  -8.6,  20.34,  23.58,     0.54,   49.55,    8.95,  30.90,    0.0,   -0.00,   48.70,   49.59,   48.53,   48.87,   48.24,   48.81,   59.41,  106.59,   57.10,   57.10,   59.63,   61.03,   86.15,   59.42,    10.4,   0,  GPS,  215.7, 115.70, 110.50, 121.900, 127.500,       ,       ,       ,      ,       ,       ,  -14.6,      0,  NONE,   NONE,      ,      ,   0.0,     3D, 3704,      ,       ,  75.0,       
2015-05-13, 08:11:47,  -04:00,       ,   47.2282892,  -77.1243781,   101.6, 30.04,   111.5,   9.5,   0.00,   0.00,    0.00,   3.11,  -0.07,   0.00,  -0.00, 213.7, 104.5,  24.2,  23.5,  -8.7,  20.48,  23.72,     7.19,   49.53,    7.49,  30.89,    0.0,    0.00,   48.70,   49.60,   48.55,   48.88,   48.24,   48.81,   59.26,  105.26,   57.13,   57.13,   59.42,   60.76,   85.64,   59.19,     9.7,   0,  GPS,  215.7, 115.70, 110.50, 121.900, 127.500,       ,       ,       ,      ,       ,       ,  -14.6,      0,  NONE,   NONE,      ,      ,   0.0,     3D, 3704,      ,       ,  75.0,       
2015-05-13, 08:11:48,  -04:00,       ,   47.2282892,  -77.1243781,   101.6, 30.04,   111.3,   9.5,   0.00,   0.00,    0.00,   3.13,  -0.07,   0.00,  -0.00, 213.7, 104.5,  24.3,  23.5,  -8.7,  20.60,  23.85,    12.82,   49.52,    6.44,  30.90,    0.0,    0.00,   48.71,   49.65,   48.58,   48.88,   48.26,   48.82,   58.93,  103.89,   57.10,   57.10,   59.04,   60.57,   85.07,   59.00,     9.5,   0,  GPS,  215.7, 115.70, 110.50, 121.900, 127.500,       ,       ,       ,      ,       ,       ,  -14.6,      0,  NONE,   NONE,      ,      ,   0.0,     3D, 3704,      ,       ,  75.0,       
2015-05-13, 08:11:49,  -04:00,       ,   47.2282816,  -77.1243781,   101.6, 30.04,   111.4,   9.5,   0.00,   0.00,    0.00,   3.13,  -0.05,   0.00,  -0.00, 213.7, 104.5,  24.3,  23.6,  -8.8,  20.73,  23.98,    13.99,   49.53,    5.63,  30.90,    0.0,    0.00,   48.72,   49.67,   48.58,   48.88,   48.27,   48.82,   58.73,  102.61,   57.13,   57.13,   58.84,   60.32,   84.59,   58.87,     9.6,   0,  GPS,  215.7, 115.70, 110.50, 121.900, 127.500,       ,       ,       ,      ,       ,       ,  -14.6,      0,  NONE,   NONE,      ,      ,   0.0,     3D, 3704,      ,       ,  74.5,       
2015-05-13, 08:11:50,  -04:00,       ,   47.2282816,  -77.1243781,   101.6, 30.04,   111.7,   9.5,   0.00,   0.00,    0.00,   3.13,  -0.11,  -0.09,   0.01, 213.8, 104.5,  23.8,  23.0,  -8.9,  20.83,  24.11,     6.80,   49.51,    5.65,  30.97,    0.0,    0.00,   48.70,   49.68,   48.61,   48.88,   48.29,   48.84,   57.83,  101.34,   57.10,   57.10,   59.58,   59.57,   84.34,   59.11,     9.9,   0,  GPS,  215.7, 115.70, 110.50, 121.900, 127.500,       ,       ,       ,      ,       ,       ,  -14.6,      0,  NONE,   NONE,      ,      ,   0.0,     3D, 3704,      ,       ,  74.5,       
2015-05-13, 08:11:51,  -04:00,       ,   47.2282816,  -77.1243781,   100.6, 30.04,   111.8,   9.5,   0.00,   0.00,  -12.33,   2.21,   0.03,  -0.05,  -0.01, 213.7, 104.5,  23.7,  23.0,  -8.9,  20.93,  24.23,     6.64,   49.50,   27.10,  29.22,  934.5,    0.10,   48.71,   49.71,   48.61,   48.88,   48.32,   48.84,   95.40,  149.88,   99.58,  107.48,  124.75,  109.65,  131.58,  108.82,    10.0,   0,  GPS,  215.7, 115.70, 110.50, 121.900, 127.500,       ,       ,       ,      ,       ,       ,  -14.6,      0,  NONE,   NONE,      ,      ,   0.0,     3D, 3704,      ,       ,  74.5,       
2015-05-13, 08:11:52,  -04:00,       ,   47.2282930,  -77.1243933,   107.6, 30.04,   103.1,   9.5,   0.00,   0.00,   85.28,   1.31,   0.00,  -0.01,   0.00, 213.6, 104.5,  23.9,  23.2,  -8.8,  21.03,  24.29,     8.68,   49.52,   55.62,  25.34, 1352.4,    0.34,   48.81,   49.75,   48.63,   48.90,   48.32,   48.87,  174.53,  222.56,  219.82,  217.91,  216.69,  213.19,  217.58,  217.67,     1.3,   0,  GPS,  215.7, 115.70, 110.50, 121.900, 127.500,       ,       ,       ,      ,       ,       ,  -14.6,      0,  NONE,   NONE,      ,      ,   0.0,     3D, 3704,      ,       ,  71.0,       
2015-05-13, 08:11:53,  -04:00,       ,   47.2282930,  -77.1243933,   111.6, 30.04,   102.8,   9.5,   0.00,   0.00,  210.75,   0.90,   0.00,   0.01,   0.02, 213.4, 104.5,  24.1,  23.3,  -8.8,  21.13,  24.33,     9.17,   49.52,   68.41,  21.31, 1597.2,    0.37,   49.06,   49.82,   48.73,   48.93,   48.43,   48.96,  239.32,  311.32,  335.14,  352.84,  347.89,  341.72,  319.40,  323.44,     0.9,   0,  GPS,  215.7, 115.70, 110.50, 121.900, 127.500,       ,       ,       ,      ,       ,       ,  -14.6,      0,  NONE,   NONE,      ,      ,   0.0,     3D, 3704,      ,       ,  70.5,       
2015-05-13, 08:11:54,  -04:00,       ,   47.2282930,  -77.1243857,   112.6, 30.04,   102.3,   9.5,   0.00,   0.00,  212.93,   0.94,   0.01,  -0.02,   0.00, 213.3, 104.5,  24.2,  23.4,  -8.8,  21.19,  24.37,     7.96,   49.54,   72.52,  17.29, 1539.5,    0.28,   49.43,   49.94,   48.89,   49.02,   48.65,   49.09,  328.69,  413.90,  440.75,  455.37,  470.54,  445.82,  412.71,  428.37,     0.4,   0,  GPS,  215.7, 115.70, 110.50, 121.900, 127.500,       ,       ,       ,      ,       ,       ,  -14.6,      0,  NONE,   NONE,      ,      ,   0.0,     3D, 3704,      ,       ,  70.5,       
2015-05-13, 08:11:55,  -04:00,       ,   47.2282930,  -77.1243857,   108.6, 30.04,   102.1,   9.5,   0.00,   0.00,   62.03,   1.02,  -0.01,   0.02,  -0.01, 213.3, 104.5,  24.3,  23.5,  -8.7,  21.25,  24.37,     6.64,   49.54,   72.39,  16.20, 1416.5,    0.21,   49.95,   50.10,   49.12,   49.20,   48.97,   49.32,  428.44,  503.62,  521.14,  525.78,  566.27,  520.65,  483.42,  520.66,     0.3,   0,  GPS,  215.7, 115.70, 110.50, 121.900, 127.500,       ,       ,       ,      ,       ,       ,  -14.6,      0,  NONE,   NONE,      ,      ,   0.0,     3D, 3704,      ,       ,  70.5,       
2015-05-13, 08:11:56,  -04:00,       ,   47.2282930,  -77.1243857,   108.6, 30.04,   101.5,   9.5,   0.00,   0.00,   -5.46,   1.04,   0.04,  -0.00,  -0.00, 213.3, 104.5,  24.5,  23.8,  -8.2,  21.29,  24.37,     5.68,   49.58,   71.67,  16.08, 1354.6,    0.19,   50.55,   50.29,   49.41,   49.40,   49.43,   49.61,  495.47,  570.28,  583.61,  581.35,  647.19,  579.27,  534.07,  583.90,    -0.3,   0,  GPS,  215.7, 115.70, 110.50, 121.900, 127.500,       ,       ,       ,      ,       ,       ,  -14.6,      0,  NONE,   NONE,      ,      ,   0.0,     3D, 3704,      ,       ,  70.5,       
2015-05-13, 08:11:57,  -04:00,       ,   47.2282930,  -77.1243857,   107.6, 30.04,   101.7,   9.5,   0.00,   0.00,  -46.74,   1.01,   0.04,   0.01,   0.01, 213.3, 104.5,  25.2,  24.7,  -6.6,  21.31,  24.38,     5.51,   49.62,   71.71,  16.03, 1355.5,    0.18,   51.27,   50.54,   49.78,   49.67,   49.95,   49.94,  550.03,  618.80,  639.31,  628.27,  723.10,  628.51,  574.07,  639.22,    -0.1,   0,  GPS,  215.7, 115.70, 110.50, 121.900, 127.500,       ,       ,       ,      ,       ,       ,  -14.6,      0,  NONE,   NONE,      ,      ,   0.0,     3D, 3704,      ,       ,  70.5,       
2015-05-13, 08:11:58,  -04:00,       ,   47.2282930,  -77.1243857,   107.6, 30.04,   101.5,   9.8,   0.00,   0.00,  -49.14,   1.08,   0.02,  -0.00,  -0.01, 213.3, 104.5,  25.8,  25.6,  -5.2,  21.35,  24.39,     5.54,   49.74,   72.01,  16.20, 1353.8,    0.19,   52.05,   50.83,   50.19,   49.99,   50.52,   50.33,  596.72,  661.59,  684.71,  670.32,  787.03,  673.33,  609.02,  684.36,    -0.3,   0,  GPS,  215.7, 115.70, 110.50, 121.900, 127.500,       ,       ,       ,      ,       ,       ,  -14.6,      0,  NONE,   NONE,      ,      ,   0.0,     3D, 3704,      ,       ,  70.5,       
2015-05-13, 08:11:59,  -04:00,       ,   47.2282930,  -77.1243857,   107.6, 30.04,   101.7,   9.8,   0.00,   0.00,  -32.45,   1.08,   0.00,   0.00,   0.01, 213.4, 104.5,  26.2,  26.3,  -4.0,  21.39,  24.39,     5.64,   49.94,   72.28,  16.09, 1366.5,    0.19,   52.93,   51.12,   50.62,   50.33,   51.16,   50.77,  637.42,  693.60,  724.51,  707.16,  837.66,  713.58,  636.93,  723.74,    -0.1,   0,  GPS,  215.7, 115.70, 110.50, 121.900, 127.500,       ,       ,       ,      ,       ,       ,  -14.6,      0,  NONE,   NONE,      ,      ,   3.9,     3D, 3704,      ,       ,  70.5,       
2015-05-13, 08:12:00,  -04:00,       ,   47.2282930,  -77.1243857,   105.6, 30.04,   101.8,   9.8,   0.00,   0.00,  -55.65,   1.08,  -0.01,  -0.00,  -0.01, 213.3, 104.5,  26.6,  26.9,  -2.8,  21.43,  24.41,     5.66,   50.23,   72.35,  16.07, 1370.0,    0.19,   53.95,   51.46,   51.11,   50.72,   51.90,   51.23,  672.97,  724.41,  764.22,  739.40,  885.29,  746.02,  663.84,  762.58,    -0.0,   0,  GPS,  215.7, 115.70, 110.50, 121.900, 127.500,       ,       ,       ,      ,       ,       ,  -14.6,      0,  NONE,   NONE,      ,      ,   0.0,     3D, 3704,      ,       ,  70.5,       
2015-05-13, 08:12:01,  -04:00,       ,   47.2282930,  -77.1243857,   104.6, 30.04,   101.8,   9.8,   0.00,   0.00,  -54.77,   1.07,  -0.02,   0.00,   0.00, 213.4, 104.5,  26.8,  27.3,  -1.9,  21.44,  24.43,     5.68,   50.62,   72.32,  16.03, 1376.6,    0.19,   54.77,   51.81,   51.63,   51.12,   52.55,   51.71,  705.63,  751.77,  792.71,  768.71,  925.99,  774.68,  688.02,  791.50,    -0.0,   0,  GPS,  215.7, 115.70, 110.50, 121.900, 127.500,       ,       ,       ,      ,       ,       ,  -14.6,      0,  NONE,   NONE,      ,      ,   0.0,     3D, 3704,      ,       ,  70.5,       
2015-05-13, 08:12:02,  -04:00,       ,   47.2282930,  -77.1243857,   104.6, 30.04,   101.9,   9.8,   0.00,   0.00,  -37.14,   1.08,  -0.02,  -0.01,   0.01, 213.4, 104.5,  27.1,  27.6,  -1.0,  21.44,  24.45,     5.75,   51.02,   72.20,  15.95, 1381.8,    0.19,   55.80,   52.18,   52.19,   51.58,   53.38,   52.26,  733.27,  777.06,  822.31,  793.32,  960.95,  800.95,  710.42,  820.84,     0.1,   0,  GPS,  215.7, 115.70, 110.50, 121.900, 127.500,       ,       ,       ,      ,       ,       ,  -14.6,      0,  NONE,   NONE,      ,      ,   0.0,     3D, 3704,      ,       ,  70.5,       
2015-05-13, 08:12:03,  -04:00,       ,   47.2282930,  -77.1243857,   104.6, 30.04,   102.0,   9.8,   0.00,   0.00,  -41.84,   1.08,  -0.02,   0.01,   0.01, 213.4, 104.5,  27.2,  27.9,  -0.3,  21.45,  24.48,     5.78,   51.44,   72.09,  16.02, 1382.9,    0.19,   56.70,   52.58,   52.76,   52.04,   54.11,   52.83,  757.96,  798.14,  843.58,  816.56,  990.01,  825.66,  729.88,  842.16,     0.2,   0,  GPS,  215.7, 115.70, 110.50, 121.900, 127.500,       ,       ,       ,      ,       ,       ,  -14.6,      0,  NONE,   NONE,      ,      ,   0.0,     3D, 3704,      ,       ,  70.5,       
2015-05-13, 08:12:04,  -04:00,       ,   47.2282892,  -77.1243781,   103.6, 30.04,   106.1,   9.8,   0.00,   0.00,  -30.00,   1.10,   0.01,   0.01,  -0.00, 213.4, 104.5,  27.3,  28.1,   0.4,  21.46,  24.49,     5.75,   51.86,   72.01,  15.99, 1384.5,    0.19,   57.68,   52.99,   53.36,   52.53,   54.95,   53.40,  778.77,  817.11,  864.72,  836.43, 1016.16,  845.83,  747.81,  863.92,     4.3,   0,  GPS,  215.7, 115.70, 110.50, 121.900, 127.500,       ,       ,       ,      ,       ,       ,  -14.6,      0,  NONE,   NONE,      ,      ,   0.0,     3D, 3704,      ,       ,  68.5,       
2015-05-13, 08:12:05,  -04:00,       ,   47.2282892,  -77.1243781,   105.6, 30.04,   106.4,   9.8,   0.00,   0.00,    7.47,   1.04,   0.00,   0.04,  -0.01, 213.4, 104.5,  27.4,  28.2,   1.1,  21.48,  24.51,     5.76,   52.24,   71.87,  16.25, 1377.5,    0.19,   58.76,   53.43,   54.00,   53.04,   55.88,   54.00,  800.69,  835.21,  886.70,  855.05, 1032.70,  865.33,  765.36,  884.79,     4.6,   0,  GPS,  215.7, 115.70, 110.50, 121.900, 127.500,       ,       ,       ,      ,       ,       ,  -14.6,      0,  NONE,   NONE,      ,      ,   0.0,     3D, 3704,      ,       ,  68.5,       
2015-05-13, 08:12:06,  -04:00,       ,   47.2282892,  -77.1243781,   107.6, 30.04,   106.4,   9.8,   0.00,   0.00,   65.38,   1.03,  -0.02,   0.00,  -0.01, 213.4, 104.5,  27.5,  28.3,   1.5,  21.49,  24.50,     5.77,   52.59,   71.83,  16.36, 1379.4,    0.20,   59.68,   53.91,   54.63,   53.57,   56.68,   54.61,  818.96,  851.73,  900.32,  871.38, 1042.30,  882.03,  781.39,  896.62,     4.6,   0,  GPS,  215.7, 115.70, 110.50, 121.900, 127.500,       ,       ,       ,      ,       ,       ,  -14.6,      0,  NONE,   NONE,      ,      ,   0.0,     3D, 3704,      ,       ,  68.5,       
2015-05-13, 08:12:07,  -04:00,       ,   47.2282892,  -77.1243781,   109.6, 30.04,   106.4,   9.8,   0.00,   0.00,   81.05,   1.02,  -0.03,  -0.01,   0.00, 213.4, 104.5,  27.6,  28.4,   2.0,  21.51,  24.50,     5.79,   52.89,   71.85,  16.38, 1385.5,    0.20,   60.67,   54.36,   55.28,   54.12,   57.58,   55.27,  835.46,  864.09,  915.43,  884.10, 1048.71,  897.30,  793.96,  908.86,     4.6,   0,  GPS,  215.7, 115.70, 110.50, 121.900, 127.500,       ,       ,       ,      ,       ,       ,  -14.6,      0,  NONE,   NONE,      ,      ,   0.0,     3D, 3704,      ,       ,  68.5,       
2015-05-13, 08:12:08,  -04:00,       ,   47.2282892,  -77.1243781,   109.6, 30.04,   106.4,   9.8,   0.00,   0.00,   76.33,   1.03,  -0.02,  -0.00,  -0.01, 213.4, 104.5,  27.6,  28.5,   2.4,  21.52,  24.53,     5.74,   53.17,   71.82,  16.39, 1389.7,    0.20,   61.69,   54.88,   55.99,   54.69,   58.48,   55.93,  850.38,  876.62,  928.92,  897.02, 1056.11,  910.18,  806.43,  920.68,     4.6,   0,  GPS,  215.7, 115.70, 110.50, 121.900, 127.500,       ,       ,       ,      ,       ,       ,  -14.6,      0,  NONE,   NONE,      ,      ,   0.0,     3D, 3704,      ,       ,  68.5,       
2015-05-13, 08:12:09,  -04:00,       ,   47.2282892,  -77.1243781,   109.6, 30.04,   106.8,   9.8,   0.00,   0.00,   48.70,   1.04,  -0.04,   0.03,   0.01, 213.4, 104.5,  27.7,  28.6,   2.7,  21.52,  24.56,     5.73,   53.41,   71.76,  16.38, 1390.9,    0.20,   62.73,   55.41,   56.69,   55.26,   59.37,   56.60,  863.65,  887.84,  940.41,  907.91, 1065.42,  920.96,  817.52,  932.21,     5.0,   0,  GPS,  215.7, 115.70, 110.50, 121.900, 127.500,       ,       ,       ,      ,       ,       ,  -14.6,      0,  NONE,   NONE,      ,      ,   0.0,     3D, 3704,      ,       ,  68.5,       
2015-05-13, 08:12:10,  -04:00,       ,   47.2282892,  -77.1243781,   108.6, 30.04,   107.3,   9.8,   0.00,   0.00,    2.85,   0.98,  -0.02,  -0.00,  -0.01, 213.4, 104.5,  27.7,  28.6,   3.0,  21.52,  24.56,     5.80,   53.61,   71.67,  16.42, 1391.6,    0.20,   63.79,   55.93,   57.41,   55.82,   60.30,   57.30,  876.42,  897.85,  952.35,  919.75, 1071.90,  932.45,  828.13,  942.02,     5.5,   0,  GPS,  215.7, 115.70, 110.50, 121.900, 127.500,       ,       ,       ,      ,       ,       ,  -14.6,      0,  NONE,   NONE,      ,      ,   0.0,     3D, 3704,      ,       ,  68.5,       
2015-05-13, 08:12:11,  -04:00,       ,   47.2282892,  -77.1243781,   107.6, 30.04,   107.7,   9.8,   0.00,   0.00,  -17.11,   0.99,  -0.03,   0.01,  -0.00, 213.4, 104.5,  27.7,  28.6,   3.3,  21.53,  24.59,     5.76,   53.81,   71.66,  16.36, 1395.9,    0.20,   64.84,   56.48,   58.14,   56.45,   61.25,   58.01,  886.81,  907.86,  961.89,  928.47, 1080.48,  942.50,  838.87,  951.22,     5.9,   0,  GPS,  215.7, 115.70, 110.50, 121.900, 127.500,       ,       ,       ,      ,       ,       ,  -14.6,      0,  NONE,   NONE,      ,      ,   0.0,     3D, 3704,      ,       ,  68.5,       
2015-05-13, 08:12:12,  -04:00,       ,   47.2282892,  -77.1243781,   107.6, 30.04,   108.2,   9.8,   0.00,   0.00,  -25.82,   1.01,  -0.05,  -0.01,   0.01, 213.4, 104.5,  27.7,  28.7,   3.5,  21.54,  24.62,     5.73,   53.95,   71.64,  16.35, 1398.2,    0.20,   65.89,   57.04,   58.88,   57.04,   62.18,   58.71,  898.09,  916.82,  970.71,  936.26, 1087.45,  951.29,  848.44,  960.59,     6.4,   0,  GPS,  215.7, 115.70, 110.50, 121.900, 127.500,       ,       ,       ,      ,       ,       ,  -14.6,      0,  NONE,   NONE,      ,      ,   0.0,     3D, 3704,      ,       ,  68.5,       
2015-05-13, 08:12:13,  -04:00,       ,   47.2282892,  -77.1243781,   108.6, 30.04,   108.6,   9.8,   0.00,   0.00,   -3.70,   0.94,  -0.04,  -0.03,   0.00, 213.4, 104.5,  27.7,  28.7,   3.7,  21.57,  24.64,     5.78,   54.10,   71.57,  16.35, 1397.0,    0.20,   66.96,   57.62,   59.64,   57.65,   63.14,   59.43,  906.54,  925.40,  978.84,  944.38, 1094.45,  958.41,  857.41,  969.38,     6.7,   0,  GPS,  215.7, 115.70, 110.50, 121.900, 127.500,       ,       ,       ,      ,       ,       ,  -14.6,      0,  NONE,   NONE,      ,      ,   0.0,     3D, 3704,      ,       ,  68.5,       
2015-05-13, 08:12:14,  -04:00,       ,   47.2282892,  -77.1243781,   107.6, 30.04,   109.0,   9.8,   0.00,   0.00,    1.10,   0.93,  -0.05,  -0.01,  -0.01, 213.4, 104.5,  27.8,  28.7,   3.9,  21.60,  24.66,     5.79,   54.22,   71.44,  16.44, 1393.3,    0.20,   68.03,   58.25,   60.42,   58.25,   64.10,   60.16,  915.34,  932.80,  984.80,  952.08, 1099.72,  969.36,  865.58,  976.56,     7.1,   0,  GPS,  215.7, 115.70, 110.50, 121.900, 127.500,       ,       ,       ,      ,       ,       ,  -14.6,      0,  NONE,   NONE,      ,      ,   0.0,     3D, 3704,      ,       ,  68.5,       
2015-05-13, 08:12:15,  -04:00,       ,   47.2282892,  -77.1243705,   105.6, 30.04,   109.3,   9.8,   0.00,   0.00,  -38.39,   0.97,  -0.07,   0.02,  -0.00, 213.3, 104.5,  27.8,  28.7,   4.0,  21.61,  24.66,     5.48,   54.32,   70.67,  15.86, 1305.9,    0.18,   69.11,   58.83,   61.23,   58.88,   65.08,   60.90,  921.08,  941.04,  988.50,  956.78, 1102.41,  973.30,  870.97,  979.47,     7.5,   0,  GPS,  215.7, 115.70, 110.50, 121.900, 127.500,       ,       ,       ,      ,       ,       ,  -14.6,      0,  NONE,   NONE,      ,      ,   0.0,     3D, 3704,      ,       ,  68.0,       
2015-05-13, 08:12:16,  -04:00,       ,   47.2282892,  -77.1243705,   104.6, 30.04,   109.7,   9.8,   0.00,   0.00,  -68.49,   0.98,  -0.07,   0.02,   0.00, 213.4, 104.5,  27.8,  28.7,   4.1,  21.62,  24.65,     5.09,   54.42,   69.41,  16.36, 1251.1,    0.17,   70.18,   59.46,   62.01,   59.50,   66.07,   61.64,  921.93,  947.24,  988.26,  957.95, 1095.19,  974.47,  871.70,  972.95,     7.9,   0,  GPS,  215.7, 115.70, 110.50, 121.900, 127.500,       ,       ,       ,      ,       ,       ,  -14.6,      0,  NONE,   NONE,      ,      ,   0.0,     3D, 3704,      ,       ,  68.0,       
2015-05-13, 08:12:17,  -04:00,       ,   47.2282892,  -77.1243705,   104.6, 30.04,   110.1,   9.8,   0.00,   0.00,  -57.36,   0.97,  -0.05,   0.00,   0.01, 213.4, 104.5,  27.8,  28.7,   4.2,  21.62,  24.66,     4.92,   54.49,   69.02,  16.32, 1256.6,    0.17,   71.20,   60.08,   62.82,   60.15,   67.05,   62.36,  923.19,  949.04,  989.12,  960.23, 1094.00,  974.00,  872.44,  969.09,     8.3,   0,  GPS,  215.7, 115.70, 110.50, 121.900, 127.500,       ,       ,       ,      ,       ,       ,  -14.6,      0,  NONE,   NONE,      ,      ,   0.0,     3D, 3704,      ,       ,  68.0,       
2015-05-13, 08:12:18,  -04:00,       ,   47.2282892,  -77.1243705,   104.6, 30.04,   110.4,   9.8,   0.00,   0.00,  -36.23,   1.00,  -0.05,   0.01,  -0.01, 213.4, 104.5,  27.8,  28.7,   4.2,  21.62,  24.68,     4.82,   54.56,   68.95,  16.27, 1264.0,    0.17,   72.24,   60.72,   63.61,   60.77,   68.01,   63.06,  924.83,  950.58,  990.59,  962.87, 1091.53,  975.36,  872.87,  966.04,     8.5,   0,  GPS,  215.7, 115.70, 110.50, 121.900, 127.500,       ,       ,       ,      ,       ,       ,  -14.6,      0,  NONE,   NONE,      ,      ,   0.0,     3D, 3704,      ,       ,  68.0,       
2015-05-13, 08:12:19,  -04:00,       ,   47.2282892,  -77.1243705,   105.6, 30.04,   110.7,   9.8,   0.00,   0.00,    2.41,   0.99,  -0.04,  -0.00,   0.01, 213.4, 104.5,  27.8,  28.7,   4.3,  21.63,  24.69,     4.80,   54.64,   68.87,  16.25, 1265.0,    0.17,   73.26,   61.32,   64.42,   61.39,   69.00,   63.79,  927.03,  952.38,  993.72,  963.50, 1094.02,  975.54,  873.46,  965.95,     8.9,   0,  GPS,  215.7, 115.70, 110.50, 121.900, 127.500,       ,       ,       ,      ,       ,       ,  -14.6,      0,  NONE,   NONE,      ,      ,   0.0,     3D, 3704,      ,       ,  68.0,       
2015-05-13, 08:12:20,  -04:00,       ,   47.2282892,  -77.1243705,   105.6, 30.04,   111.2,   9.8,   0.00,   0.00,   18.26,   0.98,  -0.03,   0.01,  -0.00, 213.4, 104.5,  27.8,  28.7,   4.4,  21.65,  24.67,     4.79,   54.69,   68.79,  16.28, 1264.0,    0.17,   74.37,   61.96,   65.23,   62.05,   70.07,   64.51,  930.65,  955.34,  997.30,  965.16, 1096.08,  976.42,  874.65,  966.48,     9.4,   0,  GPS,  215.7, 115.70, 110.50, 121.900, 127.500,       ,       ,       ,      ,       ,       ,  -14.6,      0,  NONE,   NONE,      ,      ,   0.0,     3D, 3704,      ,       ,  68.0,       
2015-05-13, 08:12:21,  -04:00,       ,   47.2282892,  -77.1243705,   104.6, 30.04,   111.8,   9.8,   0.00,   0.00,    0.36,   1.00,  -0.05,  -0.00,  -0.01, 213.4, 104.5,  27.8,  28.7,   4.4,  21.65,  24.68,     4.78,   54.76,   68.71,  16.27, 1265.2,    0.17,   75.28,   62.62,   66.04,   62.72,   70.94,   65.19,  933.76,  958.00, 1001.62,  966.84, 1096.35,  979.16,  877.18,  967.32,    10.0,   0,  GPS,  215.7, 115.70, 110.50, 121.900, 127.500,       ,       ,       ,      ,       ,       ,  -14.6,      0,  NONE,   NONE,      ,      ,   0.0,     3D, 3704,      ,       ,  68.0,       
2015-05-13, 08:12:22,  -04:00,       ,   47.2282892,  -77.1243705,   106.6, 30.04,   112.3,   9.8,   0.00,   0.00,   18.89,   0.99,  -0.04,  -0.01,  -0.01, 213.4, 104.5,  27.8,  28.8,   4.4,  21.66,  24.69,     4.78,   54.81,   68.71,  16.29, 1267.9,    0.17,   76.31,   63.25,   66.88,   63.38,   71.92,   65.90,  937.17,  961.98, 1004.07,  969.35, 1096.50,  981.58,  879.50,  967.85,    10.5,   0,  GPS,  215.7, 115.70, 110.50, 121.900, 127.500,       ,       ,       ,      ,       ,       ,  -14.6,      0,  NONE,   NONE,      ,      ,   0.0,     3D, 3704,      ,       ,  68.0,       
2015-05-13, 08:12:23,  -04:00,       ,   47.2282816,  -77.1243705,   106.6, 30.04,   112.8,   9.8,   0.00,   0.00,   36.51,   1.00,  -0.03,  -0.01,   0.00, 213.4, 104.5,  27.8,  28.8,   4.4,  21.66,  24.71,     4.78,   54.85,   68.70,  16.29, 1270.1,    0.17,   77.33,   63.93,   67.70,   64.07,   72.86,   66.60,  939.66,  964.47, 1007.65,  971.81, 1097.05,  982.44,  881.61,  968.82,    11.0,   0,  GPS,  215.7, 115.70, 110.50, 121.900, 127.500,       ,       ,       ,      ,       ,       ,  -14.6,      0,  NONE,   NONE,      ,      ,   0.0,     3D, 3704,      ,       ,  68.0,       
2015-05-13, 08:12:24,  -04:00,       ,   47.2282816,  -77.1243781,   104.6, 30.04,   113.3,   9.8,   0.00,   0.00,  -15.70,   1.00,  -0.04,   0.01,   0.00, 213.4, 104.5,  27.8,  28.8,   4.4,  21.66,  24.74,     4.78,   54.92,   68.62,  16.29, 1267.1,    0.17,   78.34,   64.57,   68.54,   64.75,   73.85,   67.32,  942.07,  966.97, 1009.25,  973.94, 1100.03,  984.24,  883.75,  970.37,    11.5,   0,  GPS,  215.7, 115.70, 110.50, 121.900, 127.500,       ,       ,       ,      ,       ,       ,  -14.6,      0,  NONE,   NONE,      ,      ,   0.0,     3D, 3704,      ,       ,  68.0,       
2015-05-13, 08:12:25,  -04:00,       ,   47.2282816,  -77.1243781,   105.6, 30.04,   113.7,   9.8,   0.00,   0.00,  -11.59,   1.01,  -0.03,   0.00,   0.01, 213.4, 104.5,  27.8,  28.8,   4.4,  21.67,  24.76,     4.79,   54.95,   68.55,  16.33, 1266.9,    0.17,   79.36,   65.27,   69.38,   65.44,   74.84,   68.02,  943.93,  969.25, 1013.27,  975.77, 1103.29,  986.61,  886.62,  972.38,    11.9,   0,  GPS,  215.7, 115.70, 110.50, 121.900, 127.500,       ,       ,       ,      ,       ,       ,  -14.6,      0,  NONE,   NONE,      ,      ,   0.0,     3D, 3704,      ,       ,  68.0,       
2015-05-13, 08:12:26,  -04:00,       ,   47.2282816,  -77.1243781,   106.6, 30.04,   113.8,   9.8,   0.00,   0.00,    5.28,   1.01,  -0.04,   0.01,  -0.00, 213.4, 104.5,  27.8,  28.8,   4.4,  21.69,  24.76,     4.79,   54.99,   68.59,  16.29, 1273.1,    0.17,   80.38,   65.96,   70.25,   66.16,   75.82,   68.75,  946.11,  971.02, 1015.41,  977.99, 1104.61,  990.12,  888.47,  973.94,    12.0,   0,  GPS,  215.7, 115.70, 110.50, 121.900, 127.500,       ,       ,       ,      ,       ,       ,  -14.6,      0,  NONE,   NONE,      ,      ,   0.0,     3D, 3704,      ,       ,  68.0,       
2015-05-13, 08:12:27,  -04:00,       ,   47.2282816,  -77.1243781,   105.6, 30.04,   115.2,   9.8,   0.00,   0.00,    0.63,   1.00,  -0.08,   0.02,   0.00, 213.4, 104.5,  27.8,  28.8,   4.4,  21.70,  24.78,     4.79,   55.06,   68.62,  16.28, 1272.0,    0.17,   81.43,   66.65,   71.09,   66.91,   76.81,   69.50,  948.18,  972.42, 1018.25,  981.23, 1105.56,  991.48,  891.88,  975.09,    13.4,   0,  GPS,  215.7, 115.70, 110.50, 121.900, 127.500,       ,       ,       ,      ,       ,       ,  -14.6,      0,  NONE,   NONE,      ,      ,  -3.9,     3D, 3704,      ,       ,  68.0,       
2015-05-13, 08:12:28,  -04:00,       ,   47.2282816,  -77.1243781,   105.6, 30.04,   115.5,   9.8,   0.00,   0.00,  -12.82,   0.99,  -0.04,  -0.00,  -0.01, 213.4, 104.5,  27.8,  28.8,   4.4,  21.72,  24.79,     4.82,   55.10,   68.62,  16.32, 1273.1,    0.17,   82.47,   67.36,   71.96,   67.62,   77.85,   70.23,  951.71,  974.84, 1020.84,  984.87, 1107.96,  994.37,  895.17,  977.55,    13.7,   0,  GPS,  215.7, 115.70, 110.50, 121.900, 127.500,       ,       ,       ,      ,       ,       ,  -14.6,      0,  NONE,   NONE,      ,      ,   0.0,     3D, 3704,      ,       ,  68.0,       
2015-05-13, 08:12:29,  -04:00,       ,   47.2282816,  -77.1243781,   107.6, 30.04,   115.6,   9.8,   0.00,   0.00,   32.62,   1.05,  -0.05,  -0.01,  -0.01, 213.4, 104.5,  27.8,  28.8,   4.3,  21.72,  24.81,     4.81,   55.19,   68.73,  16.19, 1282.9,    0.17,   83.49,   68.07,   72.83,   68.37,   78.83,   70.98,  955.80,  977.83, 1024.00,  988.12, 1108.92,  995.84,  897.20,  979.73,    13.8,   0,  GPS,  215.7, 115.70, 110.50, 121.900, 127.500,       ,       ,       ,      ,       ,       ,  -14.6,      0,  NONE,   NONE,      ,      ,   0.0,     3D, 3704,      ,       ,  68.0,       
2015-05-13, 08:12:30,  -04:00,       ,   47.2282816,  -77.1243781,   107.6, 30.04,   115.6,   9.8,   0.00,   0.00,   36.59,   1.02,  -0.04,   0.00,  -0.01, 213.3, 104.5,  27.8,  28.8,   4.3,  21.71,  24.83,     4.84,   55.26,   68.82,  16.14, 1288.7,    0.17,   84.54,   68.80,   73.70,   69.09,   79.83,   71.73,  958.20,  978.51, 1026.20,  990.41, 1111.45,  995.59,  898.66,  982.18,    13.8,   0,  GPS,  215.7, 115.70, 110.50, 121.900, 127.500,       ,       ,       ,      ,       ,       ,  -14.6,      0,  NONE,   NONE,      ,      ,   0.0,     3D, 3704,      ,       ,  68.0,       
2015-05-13, 08:12:31,  -04:00,       ,   47.2282816,  -77.1243781,   106.6, 30.04,   119.7,   9.8,   0.00,   0.00,    9.37,   1.01,  -0.02,   0.00,  -0.00, 213.3, 104.5,  27.8,  28.8,   4.3,  21.73,  24.85,     4.83,   55.37,   68.76,  16.22, 1284.3,    0.17,   85.59,   69.50,   74.55,   69.85,   80.83,   72.51,  960.77,  981.27, 1028.73,  991.91, 1115.06,  999.23,  901.09,  984.39,    17.9,   0,  GPS,  215.7, 115.70, 110.50, 121.900, 127.500,       ,       ,       ,      ,       ,       ,  -14.6,      0,  NONE,   NONE,      ,      ,   0.0,     3D, 3704,      ,       ,  72.0,       
2015-05-13, 08:12:32,  -04:00,       ,   47.2282816,  -77.1243781,   107.6, 30.04,   119.9,   9.5,   0.00,   0.00,   19.31,   1.03,  -0.05,   0.01,  -0.02, 213.3, 104.5,  27.8,  28.8,   4.2,  21.73,  24.86,     4.82,   55.51,   68.68,  16.16, 1286.9,    0.17,   86.64,   70.23,   75.41,   70.60,   81.86,   73.27,  963.93,  984.06, 1030.38,  994.46, 1117.48, 1001.71,  904.38,  987.04,    18.1,   0,  GPS,  215.7, 115.70, 110.50, 121.900, 127.500,       ,       ,       ,      ,       ,       ,  -14.6,      0,  NONE,   NONE,      ,      ,   0.0,     3D, 3704,      ,       ,  72.0,       
2015-05-13, 08:12:33,  -04:00,       ,   47.2282816,  -77.1243781,   107.6, 30.04,   120.1,   9.5,   0.00,   0.00,   13.32,   1.03,  -0.08,  -0.01,  -0.00, 213.3, 104.5,  27.8,  28.8,   4.2,  21.75,  24.85,     4.85,   55.64,   68.71,  16.16, 1290.7,    0.17,   87.71,   70.98,   76.24,   71.35,   82.89,   74.05,  967.40,  986.39, 1032.09,  997.76, 1117.89, 1004.41,  906.28,  988.38,    18.3,   0,  GPS,  215.7, 115.70, 110.50, 121.900, 127.500,       ,       ,       ,      ,       ,       ,  -14.6,      0,  NONE,   NONE,      ,      ,   0.0,     3D, 3704,      ,       ,  72.0,       
2015-05-13, 08:12:34,  -04:00,       ,   47.2282816,  -77.1243781,   107.6, 30.04,   120.1,   9.5,   0.00,   0.00,   22.26,   1.03,  -0.08,  -0.01,  -0.01, 213.3, 104.5,  27.8,  28.8,   4.2,  21.75,  24.84,     4.87,   55.78,   68.82,  16.08, 1296.2,    0.17,   88.76,   71.71,   77.05,   72.12,   83.93,   74.84,  968.30,  988.05, 1033.63, 1000.41, 1120.43, 1006.62,  909.37,  989.83,    18.3,   0,  GPS,  215.7, 115.70, 110.50, 121.900, 127.500,       ,       ,       ,      ,       ,       ,  -14.6,      0,  NONE,   NONE,      ,      ,   0.0,     3D, 3704,      ,       ,  72.0,       
2015-05-13, 08:12:35,  -04:00,       ,   47.2282663,  -77.1243933,   107.6, 30.04,   120.3,   9.5,   0.00,   0.00,   -0.08,   1.01,  -0.10,   0.01,   0.00, 213.4, 104.5,  27.8,  28.8,   4.1,  21.75,  24.85,     4.82,   55.98,   68.80,  16.11, 1296.7,    0.17,   89.83,   72.46,   77.84,   72.88,   84.97,   75.62,  970.01,  990.92, 1035.40, 1002.83, 1121.93, 1009.01,  912.24,  991.52,    18.5,   0,  GPS,  215.7, 115.70, 110.50, 121.900, 127.500,       ,       ,       ,      ,       ,       ,  -14.6,      0,  NONE,   NONE,      ,      ,   0.0,     3D, 3704,      ,       , 106.5,       
2015-05-13, 08:12:36,  -04:00,       ,   47.2282663,  -77.1243933,   108.6, 30.04,   120.2,   9.5,   0.00,   0.00,    9.53,   1.02,  -0.09,   0.00,   0.00, 213.3, 104.5,  27.8,  28.8,   4.1,  21.76,  24.87,     4.84,   56.18,   68.75,  16.18, 1292.4,    0.17,   90.89,   73.21,   78.63,   73.66,   86.00,   76.44,  972.44,  994.07, 1037.47, 1004.27, 1124.09, 1010.88,  914.94,  994.09,    18.4,   0,  GPS,  215.7, 115.70, 110.50, 121.900, 127.500,       ,       ,       ,      ,       ,       ,  -14.6,      0,  NONE,   NONE,      ,      ,   0.0,     3D, 3704,      ,       , 106.5,       
2015-05-13, 08:12:37,  -04:00,       ,   47.2282663,  -77.1243933,   107.6, 30.04,   120.2,   9.5,   0.00,   0.00,   -6.15,   1.01,  -0.12,   0.01,   0.01, 213.3, 104.5,  27.8,  28.8,   4.0,  21.76,  24.87,     4.82,   56.40,   68.71,  16.25, 1287.8,    0.17,   91.96,   73.98,   79.41,   74.46,   87.02,   77.26,  975.58,  997.09, 1038.84, 1007.22, 1125.71, 1014.24,  917.77,  996.28,    18.4,   0,  GPS,  215.7, 115.70, 110.50, 121.900, 127.500,       ,       ,       ,      ,       ,       ,  -14.6,      0,  NONE,   NONE,      ,      ,   0.0,     3D, 3704,      ,       , 106.5,       
2015-05-13, 08:12:38,  -04:00,       ,   47.2282625,  -77.1243933,   107.6, 30.04,   121.7,   9.5,   0.00,   0.00,  -14.70,   1.01,  -0.09,  -0.00,   0.01, 213.4, 104.5,  27.8,  28.8,   4.0,  21.75,  24.83,     4.81,   56.63,   68.78,  16.24, 1289.3,    0.17,   92.99,   74.75,   80.19,   75.24,   88.06,   78.09,  976.30, 1000.39, 1041.33, 1009.67, 1127.30, 1015.82,  921.34,  998.01,    19.9,   0,  GPS,  215.7, 115.70, 110.50, 121.900, 127.500,       ,       ,       ,      ,       ,       ,  -14.6,      0,  NONE,   NONE,      ,      ,   0.0,     3D, 3704,      ,       , 103.5,       
2015-05-13, 08:12:39,  -04:00,       ,   47.2282625,  -77.1244086,   106.6, 30.04,   124.0,   9.5,   0.00,   0.00,  -14.27,   1.04,  -0.12,   0.01,   0.01, 213.4, 104.5,  27.8,  28.8,   4.0,  21.75,  24.83,     4.81,   56.89,   68.88,  16.17, 1295.0,    0.17,   94.04,   75.51,   80.98,   76.03,   89.11,   78.91,  978.67, 1001.95, 1043.25, 1012.05, 1131.16, 1017.43,  923.52, 1000.04,    22.2,   0,  GPS,  215.7, 115.70, 110.50, 121.900, 127.500,       ,       ,       ,      ,       ,       ,  -14.6,      0,  NONE,   NONE,      ,      ,   0.0,     3D, 3704,      ,       , 146.5,       
2015-05-13, 08:12:40,  -04:00,       ,   47.2282663,  -77.1244086,   105.6, 30.04,   121.1,   9.5,   0.00,   0.00,  -34.11,   1.02,  -0.10,   0.00,   0.00, 213.4, 104.5,  27.8,  28.8,   3.9,  21.74,  24.82,     4.85,   57.14,   68.97,  16.08, 1301.8,    0.18,   95.09,   76.27,   81.77,   76.81,   90.16,   79.75,  981.34, 1004.24, 1047.71, 1012.76, 1132.98, 1018.01,  925.50, 1003.69,    19.3,   0,  GPS,  215.7, 115.70, 110.50, 121.900, 127.500,       ,       ,       ,      ,       ,       ,  -14.6,      0,  NONE,   NONE,      ,      ,   0.0,     3D, 3704,      ,       , 148.5,       
2015-05-13, 08:12:41,  -04:00,       ,   47.2282625,  -77.1244010,   107.6, 30.04,   123.1,   9.5,   0.00,   0.00,   -0.14,   1.01,  -0.10,   0.00,   0.00, 213.4, 104.5,  27.8,  28.8,   3.9,  21.75,  24.80,     4.84,   57.40,   69.00,  16.13, 1302.7,    0.18,   96.16,   77.05,   82.55,   77.62,   91.21,   80.59,  983.15, 1006.65, 1050.69, 1016.02, 1132.26, 1023.17,  928.43, 1005.34,    21.2,   0,  GPS,  215.7, 115.70, 110.50, 121.900, 127.500,       ,       ,       ,      ,       ,       ,  -14.6,      0,  NONE,   NONE,      ,      ,   0.0,     3D, 3704,      ,       , 149.5,       
2015-05-13, 08:12:42,  -04:00,       ,   47.2282625,  -77.1244010,   107.6, 30.04,   123.5,   9.5,   0.00,   0.00,   31.30,   1.03,  -0.12,   0.01,   0.00, 213.3, 104.5,  27.8,  28.8,   3.8,  21.74,  24.80,     4.81,   57.69,   69.03,  16.10, 1305.1,    0.18,   97.21,   77.84,   83.33,   78.41,   92.26,   81.44,  985.73, 1008.33, 1052.90, 1018.60, 1134.65, 1022.96,  930.57, 1007.65,    21.7,   0,  GPS,  215.7, 115.70, 110.50, 121.900, 127.500,       ,       ,       ,      ,       ,       ,  -14.6,      0,  NONE,   NONE,      ,      ,   0.0,     3D, 3704,      ,       , 149.5,       
2015-05-13, 08:12:43,  -04:00,       ,   47.2282625,  -77.1244010,   108.6, 30.04,   123.0,   9.8,   0.00,   0.00,   25.70,   1.04,  -0.10,  -0.02,  -0.01, 213.4, 104.5,  27.8,  28.8,   3.8,  21.75,  24.80,     4.86,   57.98,   69.02,  16.10, 1305.2,    0.18,   98.24,   78.63,   84.14,   79.22,   93.31,   82.31,  986.82, 1009.85, 1055.30, 1019.15, 1136.47, 1023.41,  931.89, 1009.43,    21.1,   0,  GPS,  215.7, 115.70, 110.50, 121.900, 127.500,       ,       ,       ,      ,       ,       ,  -14.6,      0,  NONE,   NONE,      ,      ,   0.0,     3D, 3704,      ,       , 149.5,       
2015-05-13, 08:12:44,  -04:00,       ,   47.2282625,  -77.1244010,   107.6, 30.04,   123.1,   9.8,   0.00,   0.00,    4.84,   1.02,  -0.07,  -0.00,  -0.01, 213.4, 104.5,  27.8,  28.8,   3.7,  21.75,  24.82,     4.84,   58.29,   68.96,  16.16, 1298.2,    0.18,   99.29,   79.45,   84.95,   80.02,   94.35,   83.18,  989.10, 1011.32, 1057.24, 1022.87, 1138.65, 1023.62,  934.28, 1011.36,    21.3,   0,  GPS,  215.7, 115.70, 110.50, 121.900, 127.500,       ,       ,       ,      ,       ,       ,  -14.6,      0,  NONE,   NONE,      ,      ,   0.0,     3D, 3704,      ,       , 149.5,       
2015-05-13, 08:12:45,  -04:00,       ,   47.2282625,  -77.1244086,   106.6, 30.04,   123.1,   9.8,   0.00,   0.00,  -18.95,   1.03,  -0.09,   0.01,  -0.01, 213.4, 104.5,  27.8,  28.8,   3.7,  21.74,  24.83,     4.86,   58.60,   68.93,  16.17, 1302.7,    0.18,  100.31,   80.22,   85.74,   80.86,   95.41,   84.03,  992.28, 1012.73, 1059.07, 1025.97, 1139.46, 1024.85,  936.19, 1014.26,    21.2,   0,  GPS,  215.7, 115.70, 110.50, 121.900, 127.500,       ,       ,       ,      ,       ,       ,  -14.6,      0,  NONE,   NONE,      ,      ,   0.0,     3D, 3704,      ,       , 149.5,       
2015-05-13, 08:12:46,  -04:00,       ,   47.2282625,  -77.1244086,   107.6, 30.04,   123.3,   9.5,   0.00,   0.00,    0.59,   1.03,  -0.08,   0.01,  -0.00, 213.4, 104.5,  27.8,  28.8,   3.7,  21.75,  24.85,     4.87,   58.91,   68.93,  16.13, 1306.9,    0.18,  101.36,   81.04,   86.55,   81.69,   96.46,   84.91,  994.28, 1013.02, 1060.78, 1028.48, 1140.98, 1025.62,  938.01, 1016.26,    21.4,   0,  GPS,  215.7, 115.70, 110.50, 121.900, 127.500,       ,       ,       ,      ,       ,       ,  -14.6,      0,  NONE,   NONE,      ,      ,   0.0,     3D, 3704,      ,       , 149.5,       
2015-05-13, 08:12:47,  -04:00,       ,   47.2282625,  -77.1244086,   106.6, 30.04,   123.5,   9.5,   0.00,   0.00,  -21.69,   1.01,  -0.10,  -0.01,  -0.00, 213.4, 104.5,  27.8,  28.8,   3.6,  21.75,  24.82,     4.83,   59.23,   68.89,  16.16, 1306.1,    0.18,  102.41,   81.85,   87.36,   82.51,   97.51,   85.79,  997.30, 1015.03, 1062.53, 1030.21, 1143.05, 1027.66,  940.54, 1018.64,    21.7,   0,  GPS,  215.7, 115.70, 110.50, 121.900, 127.500,       ,       ,       ,      ,       ,       ,  -14.6,      0,  NONE,   NONE,      ,      ,   0.0,     3D, 3704,      ,       , 149.5,       
2015-05-13, 08:12:48,  -04:00,       ,   47.2282625,  -77.1244086,   106.6, 30.04,   123.6,   9.5,   0.00,   0.00,  -28.08,   1.07,  -0.09,  -0.01,  -0.01, 213.4, 104.5,  27.8,  28.8,   3.6,  21.76,  24.84,     4.84,   59.54,   68.83,  16.16, 1305.9,    0.18,  103.44,   82.66,   88.19,   83.34,   98.58,   86.67,  999.39, 1017.31, 1064.62, 1031.21, 1143.27, 1030.30,  942.28, 1020.29,    21.8,   0,  GPS,  215.7, 115.70, 110.50, 121.900, 133.700,       ,       ,       ,      ,       ,       ,  -14.6,      0,  NONE,   NONE,      ,      ,   0.0,     3D, 3704,      ,       , 149.0,       
2015-05-13, 08:12:49,  -04:00,       ,   47.2282587,  -77.1244086,   105.6, 30.04,   123.9,   9.5,   0.00,   0.00,  -27.96,   1.04,  -0.09,   0.01,   0.01, 213.4, 104.5,  27.8,  28.8,   3.5,  21.77,  24.85,     4.83,   59.86,   68.77,  16.18, 1307.0,    0.18,  104.48,   83.48,   88.98,   84.18,   99.63,   87.55, 1001.14, 1019.81, 1065.98, 1032.58, 1144.99, 1031.23,  945.04, 1021.93,    22.1,   0,  GPS,  215.7, 115.70, 110.50, 121.900, 133.700,       ,       ,       ,      ,       ,       ,  -14.6,      0,  NONE,   NONE,      ,      ,   0.0,     3D, 3704,      ,       , 149.5,       
2015-05-13, 08:12:50,  -04:00,       ,   47.2282625,  -77.1244086,   103.6, 30.04,   122.2,   9.5,   0.00,   0.00,  -55.71,   1.04,  -0.10,   0.01,   0.01, 213.4, 104.5,  27.8,  28.8,   3.5,  21.78,  24.85,     4.82,   60.17,   68.78,  16.14, 1310.6,    0.18,  105.51,   84.29,   89.82,   85.02,  100.66,   88.46, 1001.81, 1021.48, 1067.69, 1035.11, 1147.29, 1032.71,  946.93, 1023.15,    20.4,   0,  GPS,  215.7, 115.70, 110.50, 121.900, 133.700,       ,       ,       ,      ,       ,       ,  -14.6,      0,  NONE,   NONE,      ,      ,   0.0,     3D, 3704,      ,       , 150.0,       
2015-05-13, 08:12:51,  -04:00,       ,   47.2282625,  -77.1244086,   103.6, 30.04,   122.3,   9.8,   0.00,   0.00,  -51.63,   1.04,  -0.08,   0.00,  -0.00, 213.4, 104.5,  27.8,  28.8,   3.5,  21.78,  24.85,     4.84,   60.45,   68.71,  16.17, 1306.6,    0.18,  106.56,   85.02,   90.66,   85.86,  101.72,   89.25, 1003.94, 1022.94, 1071.48, 1038.67, 1148.96, 1036.11,  950.13, 1025.79,    20.5,   0,  GPS,  215.7, 115.70, 110.50, 121.900, 133.700,       ,       ,       ,      ,       ,       ,  -14.6,      0,  NONE,   NONE,      ,      ,   0.0,     3D, 3704,      ,       , 150.0,       
2015-05-13, 08:12:52,  -04:00,       ,   47.2282625,  -77.1244086,   104.6, 30.04,   122.4,   9.8,   0.00,   0.00,   -9.01,   1.07,  -0.07,   0.00,  -0.00, 213.4, 104.5,  27.8,  28.8,   3.4,  21.79,  24.84,     4.83,   60.75,   68.70,  16.15, 1309.0,    0.18,  107.61,   85.86,   91.50,   86.70,  102.77,   90.14, 1005.88, 1024.14, 1073.96, 1041.83, 1149.61, 1037.86,  951.69, 1027.62,    20.6,   0,  GPS,  215.7, 115.70, 110.50, 121.900, 133.700,       ,       ,       ,      ,       ,       ,  -14.6,      0,  NONE,   NONE,      ,      ,   0.0,     3D, 3704,      ,       , 150.0,       
2015-05-13, 08:12:53,  -04:00,       ,   47.2282625,  -77.1244162,   104.6, 30.04,   122.6,   9.8,   0.00,   0.00,    2.15,   1.07,  -0.09,   0.01,  -0.01, 213.4, 104.5,  27.8,  28.8,   3.4,  21.78,  24.84,     4.84,   61.03,   68.65,  16.20, 1307.8,    0.18,  108.66,   86.76,   92.30,   87.55,  103.81,   91.13, 1007.07, 1027.05, 1075.48, 1043.66, 1152.11, 1039.20,  954.44, 1029.83,    20.8,   0,  GPS,  215.7, 115.70, 110.50, 121.900, 133.700,       ,       ,       ,      ,       ,       ,  -14.6,      0,  NONE,   NONE,      ,      ,   0.0,     3D, 3704,      ,       , 150.0,       
2015-05-13, 08:12:54,  -04:00,       ,   47.2282625,  -77.1244162,   103.6, 30.04,   123.7,   9.8,   0.00,   0.00,  -18.28,   1.07,  -0.09,   0.01,  -0.00, 213.4, 104.5,  27.8,  28.8,   3.3,  21.79,  24.83,     4.82,   61.30,   68.62,  16.18, 1309.7,    0.18,  109.69,   87.58,   93.14,   88.39,  104.86,   92.03, 1008.83, 1029.08, 1077.03, 1044.64, 1153.97, 1040.90,  956.27, 1031.57,    21.9,   0,  GPS,  215.7, 115.70, 110.50, 121.900, 133.700,       ,       ,       ,      ,       ,       ,  -14.6,      0,  NONE,   NONE,      ,      ,   0.0,     3D, 3704,      ,       , 148.5,       
2015-05-13, 08:12:55,  -04:00,       ,   47.2282625,  -77.1244162,   102.6, 30.04,   123.1,   9.5,   0.00,   0.00,  -35.42,   1.04,  -0.10,   0.01,   0.00, 213.4, 104.5,  27.8,  28.8,   3.3,  21.79,  24.83,     4.83,   61.55,   68.56,  16.18, 1307.5,    0.18,  110.76,   88.40,   93.99,   89.26,  105.91,   92.93, 1010.10, 1030.96, 1078.69, 1046.81, 1155.05, 1041.05,  958.67, 1033.14,    21.3,   0,  GPS,  215.7, 115.70, 110.50, 121.900, 133.700,       ,       ,       ,      ,       ,       ,  -14.6,      0,  NONE,   NONE,      ,      ,  27.6,     3D, 3704,      ,       , 149.5,       
2015-05-13, 08:12:56,  -04:00,       ,   47.2282625,  -77.1244162,   104.6, 30.04,   123.4,   9.5,   0.00,   0.00,    1.00,   1.02,  -0.09,   0.00,  -0.00, 213.3, 104.5,  27.8,  28.8,   3.3,  21.78,  24.83,     4.87,   61.80,   68.55,  16.17, 1310.0,    0.18,  111.82,   89.24,   94.83,   90.11,  106.97,   93.87, 1012.05, 1031.85, 1080.08, 1048.45, 1154.86, 1044.41,  959.84, 1033.57,    21.5,   0,  GPS,  215.7, 115.70, 110.50, 121.900, 133.700,       ,       ,       ,      ,       ,       ,  -14.6,      0,  NONE,   NONE,      ,      ,   0.0,     3D, 3704,      ,       , 149.5,       
2015-05-13, 08:12:57,  -04:00,       ,   47.2282625,  -77.1244162,   105.6, 30.04,   123.9,   9.5,   0.00,   0.00,   37.81,   1.02,  -0.09,  -0.00,   0.01, 213.4, 104.5,  27.8,  28.8,   3.2,  21.77,  24.83,     4.87,   62.00,   68.52,  16.15, 1314.2,    0.18,  112.87,   90.06,   95.68,   90.96,  108.02,   94.77, 1013.42, 1031.88, 1080.41, 1050.11, 1157.47, 1044.57,  961.78, 1035.33,    22.1,   0,  GPS,  215.7, 115.70, 110.50, 121.900, 133.700,       ,       ,       ,      ,       ,       ,  -14.6,      0,  NONE,   NONE,      ,      ,   0.0,     3D, 3704,      ,       , 149.5,       
2015-05-13, 08:12:58,  -04:00,       ,   47.2282625,  -77.1244162,   105.6, 30.04,   123.9,   9.5,   0.00,   0.00,   21.96,   1.03,  -0.08,  -0.01,   0.00, 213.4, 104.5,  27.8,  28.8,   3.2,  21.75,  24.82,     4.87,   62.24,   68.49,  16.16, 1314.4,    0.18,  113.90,   90.90,   96.53,   91.80,  109.06,   95.70, 1015.33, 1032.04, 1082.41, 1051.28, 1159.65, 1044.58,  962.96, 1037.58,    22.1,   0,  GPS,  215.7, 115.70, 110.50, 121.900, 133.700,       ,       ,       ,      ,       ,       ,  -14.6,      0,  NONE,   NONE,      ,      ,   0.0,     3D, 3704,      ,       , 149.5,       
2015-05-13, 08:12:59,  -04:00,       ,   47.2282625,  -77.1244162,   104.6, 30.04,   124.3,   9.5,   0.00,   0.00,    5.14,   1.02,  -0.09,  -0.01,  -0.00, 213.4, 104.5,  27.8,  28.8,   3.2,  21.76,  24.82,     4.84,   62.46,   68.43,  16.15, 1312.3,    0.18,  114.95,   91.74,   97.40,   92.65,  110.13,   96.58, 1017.18, 1032.94, 1084.24, 1052.56, 1160.21, 1044.68,  964.75, 1039.37,    22.4,   0,  GPS,  215.7, 115.70, 110.50, 121.900, 133.700,       ,       ,       ,      ,       ,       ,  -14.6,      0,  NONE,   NONE,      ,      ,   7.9,     3D, 3704,      ,       , 149.5,       
2015-05-13, 08:13:00,  -04:00,       ,   47.2282625,  -77.1244162,   107.6, 30.04,   123.9,   9.5,   0.00,   0.00,   43.48,   1.03,  -0.10,   0.01,  -0.00, 213.4, 104.5,  27.8,  28.8,   3.1,  21.76,  24.82,     4.86,   62.67,   68.39,  16.20, 1311.3,    0.18,  115.97,   92.59,   98.25,   93.52,  111.18,   97.54, 1018.17, 1034.78, 1084.56, 1055.58, 1160.37, 1046.82,  966.52, 1039.70,    22.1,   0,  GPS,  215.7, 115.70, 110.50, 121.900, 133.700,       ,       ,       ,      ,       ,       ,  -14.6,      0,  NONE,   NONE,      ,      ,   0.0,     3D, 3704,      ,       , 149.5,       
2015-05-13, 08:13:01,  -04:00,       ,   47.2282625,  -77.1244162,   105.6, 30.04,   123.9,   9.5,   0.00,   0.00,   21.57,   1.00,  -0.09,   0.00,   0.00, 213.4, 104.5,  27.8,  28.8,   3.1,  21.77,  24.83,     4.86,   62.89,   68.33,  16.21, 1312.9,    0.18,  117.00,   93.41,   99.12,   94.40,  112.25,   98.44, 1019.87, 1036.93, 1085.46, 1057.73, 1162.57, 1046.74,  969.14, 1041.35,    22.1,   0,  GPS,  215.7, 115.70, 110.50, 121.900, 133.700,       ,       ,       ,      ,       ,       ,  -14.6,      0,  NONE,   NONE,      ,      ,   0.0,     3D, 3704,      ,       , 149.5,       
2015-05-13, 08:13:02,  -04:00,       ,   47.2282625,  -77.1244162,   106.6, 30.04,   123.8,   9.5,   0.00,   0.00,   21.58,   1.01,  -0.10,  -0.02,  -0.00, 213.4, 104.5,  27.8,  28.8,   3.1,  21.78,  24.84,     4.86,   63.08,   68.28,  16.22, 1312.0,    0.18,  118.02,   94.19,  100.00,   95.25,  113.31,   99.27, 1021.03, 1039.77, 1086.44, 1059.68, 1163.17, 1048.28,  971.58, 1042.88,    22.0,   0,  GPS,  215.7, 115.70, 110.50, 121.900, 133.700,       ,       ,       ,      ,       ,       ,  -14.6,      0,  NONE,   NONE,      ,      ,   0.0,     3D, 3704,      ,       , 149.5,       
2015-05-13, 08:13:03,  -04:00,       ,   47.2282625,  -77.1244162,   106.6, 30.04,   123.6,   9.5,   0.00,   0.00,   23.34,   1.01,  -0.09,  -0.01,  -0.00, 213.5, 104.5,  27.8,  28.8,   3.0,  21.78,  24.86,     4.85,   63.34,   68.30,  16.14, 1317.1,    0.18,  119.03,   95.10,  100.85,   96.12,  114.36,  100.29, 1023.06, 1040.09, 1087.66, 1061.67, 1164.00, 1052.12,  973.32, 1044.00,    21.7,   0,  GPS,  215.7, 115.70, 110.50, 121.900, 133.700,       ,       ,       ,      ,       ,       ,  -14.6,      0,  NONE,   NONE,      ,      ,   0.0,     3D, 3704,      ,       , 149.5,       
2015-05-13, 08:13:04,  -04:00,       ,   47.2282625,  -77.1244162,   108.6, 30.04,   123.5,   9.5,   0.00,   0.00,   45.89,   0.98,  -0.08,   0.00,  -0.00, 213.4, 104.5,  27.8,  28.8,   3.0,  21.78,  24.88,     4.86,   63.55,   68.34,  16.13, 1322.5,    0.18,  120.05,   95.88,  101.75,   96.99,  115.42,  101.15, 1024.64, 1040.57, 1088.18, 1062.90, 1164.75, 1053.66,  974.13, 1045.46,    21.7,   0,  GPS,  215.7, 115.70, 110.50, 121.900, 133.700,       ,       ,       ,      ,       ,       ,  -14.6,      0,  NONE,   NONE,      ,      ,   0.0,     3D, 3704,      ,       , 149.5,       
2015-05-13, 08:13:05,  -04:00,       ,   47.2282625,  -77.1244162,   109.6, 30.04,   122.9,   9.5,   0.00,   0.00,   63.53,   1.02,  -0.10,   0.00,   0.00, 213.4, 104.5,  27.8,  28.8,   3.0,  21.79,  24.87,     4.83,   63.81,   68.33,  16.10, 1325.5,    0.18,  121.07,   96.73,  102.62,   97.89,  116.46,  102.07, 1026.06, 1041.66, 1089.16, 1064.13, 1166.03, 1054.78,  975.67, 1047.34,    21.1,   0,  GPS,  215.7, 115.70, 110.50, 121.900, 133.700,       ,       ,       ,      ,       ,       ,  -14.6,      0,  NONE,   NONE,      ,      ,   0.0,     3D, 3704,      ,       , 149.5,       
2015-05-13, 08:13:06,  -04:00,       ,   47.2282625,  -77.1244086,   108.6, 30.04,   122.6,   9.5,   0.00,   0.00,   24.50,   1.02,  -0.08,  -0.02,   0.00, 213.4, 104.5,  27.8,  28.8,   2.9,  21.80,  24.86,     4.86,   64.08,   68.28,  16.11, 1323.0,    0.18,  122.07,   97.58,  103.50,   98.74,  117.49,  102.97, 1028.07, 1043.38, 1090.08, 1066.47, 1167.37, 1056.17,  977.95, 1048.87,    20.8,   0,  GPS,  215.7, 115.70, 110.50, 121.900, 133.700,       ,       ,       ,      ,       ,       ,  -14.6,      0,  NONE,   NONE,      ,      ,   0.0,     3D, 3704,      ,       , 149.5,       
2015-05-13, 08:13:07,  -04:00,       ,   47.2282625,  -77.1244086,   107.6, 30.04,   122.2,   9.8,   0.00,   0.00,   -4.04,   1.01,  -0.08,  -0.02,  -0.01, 213.4, 104.5,  27.8,  28.8,   2.9,  21.82,  24.87,     4.87,   64.39,   68.26,  16.12, 1324.3,    0.18,  123.09,   98.51,  104.40,   99.61,  118.55,  104.02, 1029.22, 1044.45, 1091.08, 1069.36, 1168.22, 1057.07,  979.25, 1049.62,    20.4,   0,  GPS,  215.7, 115.70, 110.50, 121.900, 133.700,       ,       ,       ,      ,       ,       ,  -14.6,      0,  NONE,   NONE,      ,      ,   0.0,     3D, 3704,      ,       , 149.5,       
2015-05-13, 08:13:08,  -04:00,       ,   47.2282625,  -77.1244086,   108.6, 30.04,   122.0,   9.8,   0.00,   0.00,    2.42,   1.02,  -0.10,   0.00,  -0.01, 213.4, 104.5,  27.8,  28.8,   2.9,  21.83,  24.86,     4.83,   64.69,   68.25,  16.13, 1325.1,    0.18,  124.15,   99.35,  105.28,  100.49,  119.72,  104.96, 1029.81, 1045.49, 1092.31, 1069.94, 1169.62, 1058.40,  980.88, 1050.60,    20.2,   0,  GPS,  215.7, 115.70, 110.50, 121.900, 133.700,       ,       ,       ,      ,       ,       ,  -14.6,      0,  NONE,   NONE,      ,      ,   0.0,     3D, 3704,      ,       , 149.5,       
2015-05-13, 08:13:09,  -04:00,       ,   47.2282625,  -77.1244162,   106.6, 30.04,   122.2,   9.8,   0.00,   0.00,  -16.43,   0.99,  -0.05,   0.00,  -0.02, 213.4, 104.5,  27.8,  28.8,   2.9,  21.83,  24.86,     4.86,   64.98,   68.21,  16.12, 1325.1,    0.18,  125.08,  100.18,  106.18,  101.37,  120.64,  105.91, 1030.89, 1047.42, 1093.24, 1069.29, 1170.14, 1059.05,  982.23, 1051.90,    20.4,   0,  GPS,  215.7, 115.70, 110.50, 121.900, 133.700,       ,       ,       ,      ,       ,       ,  -14.6,      0,  NONE,   NONE,      ,      ,   0.0,     3D, 3704,      ,       , 149.5,       
2015-05-13, 08:13:10,  -04:00,       ,   47.2282625,  -77.1244162,   107.6, 30.04,   121.9,   9.8,   0.00,   0.00,  -19.52,   1.01,  -0.05,  -0.01,   0.00, 213.4, 104.5,  27.8,  28.8,   2.8,  21.85,  24.88,     4.87,   65.27,   68.18,  16.12, 1326.0,    0.18,  126.06,  101.04,  107.06,  102.24,  121.68,  106.83, 1032.53, 1048.36, 1093.61, 1070.38, 1172.52, 1059.53,  983.36, 1053.39,    20.1,   0,  GPS,  215.7, 115.70, 110.50, 121.900, 133.700,       ,       ,       ,      ,       ,       ,  -14.6,      0,  NONE,   NONE,      ,      ,   0.0,     3D, 3704,      ,       , 149.5,       
2015-05-13, 08:13:11,  -04:00,       ,   47.2282625,  -77.1244162,   107.6, 30.04,   121.7,   9.8,   0.00,   0.00,    0.88,   0.99,  -0.07,   0.00,   0.01, 213.3, 104.5,  27.8,  28.8,   2.8,  21.84,  24.86,     4.89,   65.58,   68.16,  16.16, 1325.3,    0.18,  127.06,  101.82,  107.97,  103.15,  122.74,  107.79, 1034.49, 1049.11, 1095.46, 1073.17, 1173.64, 1061.22,  984.71, 1054.59,    19.9,   0,  GPS,  215.7, 115.70, 110.50, 121.900, 133.700,       ,       ,       ,      ,       ,       ,  -14.6,      0,  NONE,   NONE,      ,      ,   0.0,     3D, 3704,      ,       , 149.5,       
2015-05-13, 08:13:12,  -04:00,       ,   47.2282625,  -77.1244162,   108.6, 30.04,   121.5,   9.8,   0.00,   0.00,   21.87,   0.98,  -0.05,   0.02,   0.00, 213.3, 104.5,  27.8,  28.8,   2.8,  21.84,  24.84,     4.91,   65.87,   68.21,  16.06, 1333.7,    0.18,  128.02,  102.63,  108.85,  104.00,  123.76,  108.72, 1035.11, 1049.74, 1095.52, 1073.66, 1175.66, 1060.29,  985.82, 1055.33,    19.6,   0,  GPS,  215.7, 115.70, 110.50, 121.900, 133.700,       ,       ,       ,      ,       ,       ,  -14.6,      0,  NONE,   NONE,      ,      ,   0.0,     3D, 3704,      ,       , 149.5,       
2015-05-13, 08:13:13,  -04:00,       ,   47.2282625,  -77.1244162,   107.6, 30.04,   121.1,   9.8,   0.00,   0.00,  -12.75,   0.98,  -0.08,   0.02,  -0.01, 213.4, 104.5,  27.8,  28.8,   2.8,  21.83,  24.84,     4.87,   66.15,   68.22,  16.07, 1331.9,    0.18,  129.02,  103.37,  109.75,  104.87,  124.82,  109.64, 1035.89, 1051.46, 1096.03, 1076.18, 1175.73, 1061.74,  988.24, 1056.61,    19.3,   0,  GPS,  215.7, 115.70, 110.50, 121.900, 133.700,       ,       ,       ,      ,       ,       ,  -14.6,      0,  NONE,   NONE,      ,      ,   0.0,     3D, 3704,      ,       , 149.5,       
2015-05-13, 08:13:14,  -04:00,       ,   47.2282625,  -77.1244162,   107.6, 30.04,   120.8,   9.8,   0.00,   0.00,  -14.26,   0.99,  -0.07,  -0.01,  -0.00, 213.4, 104.5,  27.8,  28.8,   2.7,  21.83,  24.83,     4.87,   66.43,   68.15,  16.09, 1327.7,    0.18,  129.98,  104.15,  110.63,  105.75,  125.84,  110.59, 1037.03, 1053.05, 1097.18, 1078.78, 1177.22, 1063.91,  990.81, 1058.04,    18.9,   0,  GPS,  215.7, 115.70, 110.50, 121.900, 133.700,       ,       ,       ,      ,       ,       ,  -14.6,      0,  NONE,   NONE,      ,      ,   0.0,     3D, 3704,      ,       , 149.5,       
2015-05-13, 08:13:15,  -04:00,       ,   47.2282625,  -77.1244162,   107.6, 30.04,   120.4,   9.8,   0.00,   0.00,  -20.91,   0.98,  -0.07,   0.01,   0.01, 213.4, 104.5,  27.8,  28.8,   2.7,  21.82,  24.80,     4.88,   66.72,   68.15,  16.09, 1333.3,    0.18,  130.98,  104.93,  111.52,  106.62,  126.88,  111.50, 1039.12, 1054.45, 1098.50, 1080.70, 1177.08, 1066.52,  992.30, 1059.11,    18.6,   0,  GPS,  215.7, 115.70, 110.50, 121.900, 133.700,       ,       ,       ,      ,       ,       ,  -14.6,      0,  NONE,   NONE,      ,      ,   0.0,     3D, 3704,      ,       , 149.5,       
2015-05-13, 08:13:16,  -04:00,       ,   47.2282663,  -77.1244086,   107.6, 30.04,   119.5,   9.8,   0.00,   0.00,   -6.43,   1.00,  -0.07,   0.01,   0.00, 213.4, 104.5,  27.8,  28.8,   2.7,  21.83,  24.79,     4.90,   67.00,   68.07,  16.13, 1329.3,    0.18,  131.90,  105.67,  112.41,  107.50,  127.92,  112.44, 1040.61, 1057.08, 1100.79, 1080.76, 1179.00, 1066.15,  993.82, 1061.81,    17.7,   0,  GPS,  215.7, 115.70, 110.50, 121.900, 133.700,       ,       ,       ,      ,       ,       ,  -14.6,      0,  NONE,   NONE,      ,      ,   0.0,     3D, 3704,      ,       , 149.5,       
2015-05-13, 08:13:17,  -04:00,       ,   47.2282663,  -77.1244086,   108.6, 30.04,   119.7,   9.8,   0.00,   0.00,   17.21,   1.02,  -0.08,   0.01,  -0.01, 213.4, 104.5,  27.8,  28.8,   2.7,  21.83,  24.80,     4.73,   67.29,   67.71,  15.61, 1284.7,    0.17,  132.86,  106.42,  113.31,  108.36,  128.94,  113.37, 1041.48, 1057.83, 1101.04, 1081.76, 1178.36, 1067.07,  994.30, 1061.38,    17.9,   0,  GPS,  215.7, 115.70, 110.50, 121.900, 133.700,       ,       ,       ,      ,       ,       ,  -14.6,      0,  NONE,   NONE,      ,      ,   0.0,     3D, 3704,      ,       , 149.5,       
2015-05-13, 08:13:18,  -04:00,       ,   47.2282663,  -77.1244086,   106.6, 30.04,   119.5,   9.8,   0.00,   0.00,   -7.97,   1.01,  -0.04,  -0.02,  -0.00, 213.4, 104.5,  27.8,  28.8,   2.6,  21.82,  24.80,     4.46,   67.57,   66.83,  15.91, 1243.5,    0.16,  133.92,  107.15,  114.19,  109.25,  130.05,  114.33, 1039.73, 1057.20, 1097.89, 1080.81, 1174.38, 1068.80,  992.70, 1055.22,    17.6,   0,  GPS,  215.7, 115.70, 110.50, 121.900, 133.700,       ,       ,       ,      ,       ,       ,  -14.6,      0,  NONE,   NONE,      ,      ,   0.0,     3D, 3704,      ,       , 149.5,       
2015-05-13, 08:13:19,  -04:00,       ,   47.2282663,  -77.1244086,   106.6, 30.04,   119.1,   9.8,   0.00,   0.00,  -16.57,   1.02,  -0.07,   0.00,  -0.00, 213.4, 104.5,  27.8,  28.8,   2.6,  21.82,  24.78,     4.31,   67.85,   66.63,  15.90, 1245.4,    0.16,  134.77,  107.89,  115.05,  110.08,  130.97,  115.24, 1038.91, 1054.79, 1097.04, 1079.66, 1170.88, 1069.30,  989.58, 1051.77,    17.3,   0,  GPS,  215.7, 115.70, 110.50, 121.900, 133.700,       ,       ,       ,      ,       ,       ,  -14.6,      0,  NONE,   NONE,      ,      ,  -3.9,     3D, 3704,      ,       , 149.5,       
2015-05-13, 08:13:20,  -04:00,       ,   47.2282663,  -77.1244162,   106.6, 30.04,   119.7,   9.8,   0.00,   0.00,  -12.35,   1.01,  -0.09,   0.01,  -0.01, 213.4, 104.5,  27.8,  28.8,   2.6,  21.82,  24.80,     4.16,   68.10,   66.55,  15.81, 1252.2,    0.15,  135.73,  108.62,  115.95,  110.95,  131.98,  116.16, 1040.46, 1054.01, 1100.62, 1078.58, 1172.89, 1067.01,  988.44, 1052.64,    17.9,   0,  GPS,  215.7, 115.70, 110.50, 121.900, 133.700,       ,       ,       ,      ,       ,       ,  -14.6,      0,  NONE,   NONE,      ,      ,   0.0,     3D, 3704,      ,       , 149.5,       
2015-05-13, 08:13:21,  -04:00,       ,   47.2282663,  -77.1244162,   105.6, 30.04,   119.1,   9.8,   0.00,   0.00,  -33.21,   1.01,  -0.09,   0.01,   0.00, 213.4, 104.5,  27.8,  28.8,   2.6,  21.82,  24.81,     4.14,   68.37,   66.56,  15.82, 1257.5,    0.15,  136.68,  109.36,  116.83,  111.83,  132.95,  117.07, 1042.81, 1053.32, 1103.67, 1078.70, 1174.03, 1065.98,  987.50, 1054.34,    17.3,   0,  GPS,  215.7, 115.70, 110.50, 121.900, 133.700,       ,       ,       ,      ,       ,       ,  -14.6,      0,  NONE,   NONE,      ,      ,   0.0,     3D, 3704,      ,       , 149.5,       
2015-05-13, 08:13:22,  -04:00,       ,   47.2282663,  -77.1244162,   104.6, 30.04,   119.1,   9.8,   0.00,   0.00,  -50.61,   0.99,  -0.08,   0.00,  -0.00, 213.4, 104.5,  27.8,  28.8,   2.6,  21.82,  24.80,     4.14,   68.60,   66.54,  15.82, 1257.4,    0.15,  137.64,  110.00,  117.71,  112.65,  133.97,  117.89, 1044.97, 1052.98, 1105.07, 1079.28, 1175.90, 1065.67,  986.76, 1054.78,    17.2,   0,  GPS,  215.7, 115.70, 110.50, 121.900, 133.700,       ,       ,       ,      ,       ,       ,  -14.6,      0,  NONE,   NONE,      ,      ,   0.0,     3D, 3704,      ,       , 149.5,       
2015-05-13, 08:13:23,  -04:00,       ,   47.2282663,  -77.1244162,   104.6, 30.04,   118.9,   9.8,   0.00,   0.00,  -31.15,   1.02,  -0.08,   0.01,   0.01, 213.4, 104.5,  27.8,  28.8,   2.5,  21.83,  24.78,     4.13,   68.89,   66.59,  15.83, 1260.9,    0.15,  138.61,  110.84,  118.59,  113.52,  134.98,  118.88, 1045.85, 1053.30, 1106.65, 1078.58, 1178.28, 1065.62,  986.69, 1056.08,    17.1,   0,  GPS,  215.7, 115.70, 110.50, 121.900, 133.700,       ,       ,       ,      ,       ,       ,  -14.6,      0,  NONE,   NONE,      ,      ,   0.0,     3D, 3704,      ,       , 149.5,       
2015-05-13, 08:13:24,  -04:00,       ,   47.2282663,  -77.1244162,   104.6, 30.04,   118.6,   9.8,   0.00,   0.00,  -17.04,   0.99,  -0.05,   0.02,  -0.01, 213.4, 104.5,  27.8,  28.8,   2.5,  21.84,  24.79,     4.14,   69.13,   66.59,  15.83, 1259.8,    0.15,  139.64,  111.60,  119.46,  114.34,  136.06,  119.79, 1047.52, 1054.77, 1108.66, 1080.25, 1180.52, 1065.63,  987.55, 1057.67,    16.8,   0,  GPS,  215.7, 115.70, 110.50, 121.900, 133.700,       ,       ,       ,      ,       ,       ,  -14.6,      0,  NONE,   NONE,      ,      ,   0.0,     3D, 3704,      ,       , 149.5,       
2015-05-13, 08:13:25,  -04:00,       ,   47.2282663,  -77.1244162,   105.6, 30.04,   118.8,   9.8,   0.00,   0.00,   -0.69,   1.03,  -0.05,   0.00,  -0.01, 213.4, 104.5,  27.8,  28.8,   2.5,  21.84,  24.78,     4.14,   69.37,   66.60,  15.86, 1259.3,    0.15,  140.50,  112.33,  120.32,  115.19,  136.92,  120.73, 1048.21, 1054.53, 1110.50, 1082.19, 1182.47, 1066.00,  988.08, 1058.73,    17.0,   0,  GPS,  215.7, 115.70, 110.50, 121.900, 133.700,       ,       ,       ,      ,       ,       ,  -14.6,      0,  NONE,   NONE,      ,      ,   0.0,     3D, 3704,      ,       , 149.5,       
2015-05-13, 08:13:26,  -04:00,       ,   47.2282663,  -77.1244162,   105.6, 30.04,   118.7,   9.8,   0.00,   0.00,    3.94,   1.01,  -0.05,   0.00,  -0.01, 213.4, 104.5,  27.8,  28.8,   2.5,  21.84,  24.76,     4.11,   69.62,   66.58,  15.84, 1260.5,    0.15,  141.45,  113.06,  121.19,  116.04,  137.91,  121.63, 1049.96, 1054.64, 1112.20, 1084.24, 1183.79, 1066.65,  988.53, 1059.69,    16.9,   0,  GPS,  215.7, 115.70, 110.50, 121.900, 133.700,       ,       ,       ,      ,       ,       ,  -14.6,      0,  NONE,   NONE,      ,      ,   0.0,     3D, 3704,      ,       , 149.5,       
2015-05-13, 08:13:27,  -04:00,       ,   47.2282663,  -77.1244162,   107.6, 30.04,   118.7,   9.8,   0.00,   0.00,   54.35,   1.01,  -0.07,   0.00,  -0.01, 213.4, 104.5,  27.8,  28.8,   2.5,  21.85,  24.77,     4.12,   69.89,   66.56,  15.88, 1258.3,    0.15,  142.41,  113.79,  122.04,  116.89,  138.86,  122.52, 1051.25, 1055.03, 1114.21, 1084.27, 1187.13, 1068.21,  989.22, 1061.90,    16.9,   0,  GPS,  215.7, 115.70, 110.50, 121.900, 133.700,       ,       ,       ,      ,       ,       ,  -14.6,      0,  NONE,   NONE,      ,      ,   3.9,     3D, 3704,      ,       , 149.5,       
2015-05-13, 08:13:28,  -04:00,       ,   47.2282663,  -77.1244162,   105.6, 30.04,   118.6,   9.8,   0.00,   0.00,   19.10,   0.99,  -0.03,   0.00,   0.01, 213.3, 104.5,  27.8,  28.8,   2.5,  21.85,  24.79,     4.13,   70.14,   66.56,  15.83, 1262.2,    0.15,  143.44,  114.47,  122.92,  117.71,  139.93,  123.34, 1053.01, 1055.04, 1115.47, 1083.73, 1188.45, 1069.22,  989.17, 1063.00,    16.8,   0,  GPS,  215.7, 115.70, 110.50, 121.900, 133.700,       ,       ,       ,      ,       ,       ,  -14.6,      0,  NONE,   NONE,      ,      ,   0.0,     3D, 3704,      ,       , 149.5,       
2015-05-13, 08:13:29,  -04:00,       ,   47.2282663,  -77.1244162,   104.6, 30.04,   119.0,   9.8,   0.00,   0.00,  -30.36,   1.04,  -0.07,  -0.01,   0.00, 213.4, 104.5,  27.8,  28.8,   2.4,  21.86,  24.80,     4.12,   70.44,   66.51,  15.87, 1257.7,    0.15,  144.29,  115.28,  123.78,  118.57,  140.79,  124.33, 1053.66, 1056.03, 1116.79, 1083.23, 1190.08, 1068.50,  989.43, 1063.96,    17.1,   0,  GPS,  215.7, 115.70, 110.50, 121.900, 133.700,       ,       ,       ,      ,       ,       ,  -14.6,      0,  NONE,   NONE,      ,      ,   0.0,     3D, 3704,      ,       , 149.5,       
2015-05-13, 08:13:30,  -04:00,       ,   47.2282663,  -77.1244162,   103.6, 30.04,   118.9,   9.8,   0.00,   0.00,  -53.20,   1.01,  -0.04,   0.00,  -0.01, 213.4, 104.5,  27.8,  28.8,   2.4,  21.86,  24.81,     4.10,   70.73,   66.43,  15.94, 1252.0,    0.15,  145.24,  116.02,  124.65,  119.39,  141.72,  125.24, 1055.20, 1056.38, 1117.74, 1083.74, 1190.39, 1070.24,  989.28, 1064.21,    17.1,   0,  GPS,  215.7, 115.70, 110.50, 121.900, 133.700,       ,       ,       ,      ,       ,       ,  -14.6,      0,  NONE,   NONE,      ,      ,   0.0,     3D, 3704,      ,       , 149.5,       
2015-05-13, 08:13:31,  -04:00,       ,   47.2282663,  -77.1244162,   103.6, 30.04,   119.0,   9.8,   0.00,   0.00,  -42.64,   1.00,  -0.04,   0.01,   0.01, 213.4, 104.5,  27.8,  28.8,   2.4,  21.85,  24.82,     4.12,   71.02,   66.39,  15.94, 1257.0,    0.15,  146.18,  116.75,  125.50,  120.25,  142.71,  126.12, 1056.03, 1058.22, 1119.84, 1084.08, 1191.46, 1070.77,  990.24, 1065.57,    17.1,   0,  GPS,  215.7, 115.70, 110.50, 121.900, 133.700,       ,       ,       ,      ,       ,       ,  -14.6,      0,  NONE,   NONE,      ,      ,   0.0,     3D, 3704,      ,       , 149.5,       
2015-05-13, 08:13:32,  -04:00,       ,   47.2282663,  -77.1244162,   104.6, 30.04,   118.9,   9.8,   0.00,   0.00,   -3.71,   1.01,  -0.04,   0.01,   0.01, 213.4, 104.5,  27.8,  28.8,   2.4,  21.86,  24.82,     4.11,   71.27,   66.39,  15.88, 1258.8,    0.15,  147.12,  117.45,  126.38,  121.08,  143.64,  126.94, 1056.31, 1059.09, 1119.72, 1084.34, 1190.87, 1071.32,  991.24, 1065.53,    17.1,   0,  GPS,  215.7, 115.70, 110.50, 121.900, 133.700,       ,       ,       ,      ,       ,       ,  -14.6,      0,  NONE,   NONE,      ,      ,   0.0,     3D, 3704,      ,       , 149.5,       
2015-05-13, 08:13:33,  -04:00,       ,   47.2282663,  -77.1244162,   102.6, 30.04,   118.2,   9.8,   0.00,   0.00,  -23.69,   1.01,  -0.09,  -0.00,   0.00, 213.4, 104.5,  27.8,  28.8,   2.4,  21.87,  24.84,     4.12,   71.61,   66.39,  15.86, 1261.3,    0.15,  148.05,  118.24,  127.21,  121.93,  144.59,  127.93, 1057.70, 1059.79, 1119.78, 1084.66, 1191.71, 1072.83,  992.29, 1066.61,    16.4,   0,  GPS,  215.7, 115.70, 110.50, 121.900, 133.700,       ,       ,       ,      ,       ,       ,  -14.6,      0,  NONE,   NONE,      ,      ,   0.0,     3D, 3704,      ,       , 149.5,       
2015-05-13, 08:13:34,  -04:00,       ,   47.2282663,  -77.1244162,   104.6, 30.04,   118.2,   9.8,   0.00,   0.00,   -2.07,   1.02,  -0.07,  -0.01,   0.00, 213.2, 104.5,  27.8,  28.8,   2.4,  21.86,  24.84,     4.11,   71.90,   66.37,  15.90, 1260.2,    0.15,  149.04,  119.00,  128.09,  122.75,  145.64,  128.82, 1059.15, 1060.05, 1120.29, 1085.92, 1191.92, 1074.87,  992.71, 1066.93,    16.4,   0,  GPS,  215.7, 115.70, 110.50, 121.900, 133.700,       ,       ,       ,      ,       ,       ,  -14.6,      0,  NONE,   NONE,      ,      ,   0.0,     3D, 3704,      ,       , 149.5,       
2015-05-13, 08:13:35,  -04:00,       ,   47.2282663,  -77.1244162,   105.6, 30.04,   118.1,   9.8,   0.00,   0.00,   37.07,   1.01,  -0.07,  -0.02,   0.00, 213.2, 104.5,  27.8,  28.8,   2.3,  21.86,  24.85,     4.14,   72.17,   66.32,  15.93, 1256.3,    0.15,  149.89,  119.74,  128.96,  123.57,  146.47,  129.70, 1059.68, 1061.41, 1121.05, 1087.17, 1193.15, 1075.19,  994.52, 1068.20,    16.3,   0,  GPS,  215.7, 115.70, 110.50, 121.900, 133.700,       ,       ,       ,      ,       ,       ,  -14.6,      0,  NONE,   NONE,      ,      ,   0.0,     3D, 3704,      ,       , 149.5,       
2015-05-13, 08:13:36,  -04:00,       ,   47.2282663,  -77.1244162,   104.6, 30.04,   118.1,   9.8,   0.00,   0.00,   20.40,   1.01,  -0.09,   0.01,  -0.00, 213.3, 104.5,  27.8,  28.8,   2.3,  21.84,  24.83,     4.10,   72.44,   66.27,  15.91, 1258.9,    0.15,  150.81,  120.47,  129.81,  124.40,  147.41,  130.58, 1060.21, 1062.65, 1122.96, 1088.89, 1193.21, 1074.36,  995.89, 1069.41,    16.3,   0,  GPS,  215.7, 115.70, 110.50, 121.900, 133.700,       ,       ,       ,      ,       ,       ,  -14.6,      0,  NONE,   NONE,      ,      ,   0.0,     3D, 3704,      ,       , 149.5,       
2015-05-13, 08:13:37,  -04:00,       ,   47.2282663,  -77.1244162,   106.6, 30.04,   118.9,   9.8,   0.00,   0.00,   32.96,   1.02,  -0.08,  -0.01,  -0.01, 213.3, 104.5,  27.8,  28.8,   2.3,  21.84,  24.81,     4.12,   72.72,   66.21,  15.92, 1258.9,    0.15,  151.74,  121.25,  130.67,  125.24,  148.35,  131.46, 1061.07, 1063.82, 1124.27, 1089.54, 1194.41, 1073.65,  997.21, 1070.82,    17.1,   0,  GPS,  215.7, 115.70, 110.50, 121.900, 133.700,       ,       ,       ,      ,       ,       ,  -14.6,      0,  NONE,   NONE,      ,      ,   0.0,     3D, 3704,      ,       , 149.5,       
2015-05-13, 08:13:38,  -04:00,       ,   47.2282663,  -77.1244162,   105.6, 30.04,   119.0,   9.8,   0.00,   0.00,   29.84,   1.04,  -0.08,  -0.01,  -0.01, 213.3, 104.5,  27.8,  28.8,   2.3,  21.83,  24.80,     4.11,   72.97,   66.17,  15.93, 1260.3,    0.15,  152.71,  121.99,  131.52,  126.06,  149.27,  132.37, 1062.66, 1064.37, 1125.01, 1091.18, 1194.68, 1075.09,  997.68, 1072.00,    17.1,   0,  GPS,  215.7, 115.70, 110.50, 121.900, 133.700,       ,       ,       ,      ,       ,       ,  -14.6,      0,  NONE,   NONE,      ,      ,   0.0,     3D, 3704,      ,       , 149.5,       
2015-05-13, 08:13:39,  -04:00,       ,   47.2282663,  -77.1244162,   115.8, 30.05,   119.0,   9.8,   0.00,   0.00,   26.86,   1.01,  -0.09,  -0.01,   0.01, 213.3, 104.5,  27.8,  28.8,   2.3,  21.82,  24.78,     4.13,   73.22,   66.14,  15.92, 1261.4,    0.15,  153.63,  122.73,  132.36,  126.86,  150.18,  133.25, 1063.02, 1065.13, 1126.50, 1090.54, 1197.50, 1074.18,  998.15, 1073.71,    17.1,   0,  GPS,  215.7, 115.70, 110.50, 121.900, 133.700,       ,       ,       ,      ,       ,       ,  -14.6,      0,  NONE,   NONE,      ,      ,   0.0,     3D, 3704,      ,       , 149.5,       
2015-05-13, 08:13:40,  -04:00,       ,   47.2282663,  -77.1244162,   115.8, 30.05,   118.8,   9.8,   0.00,   0.00,   11.39,   1.02,  -0.07,  -0.01,   0.00, 213.3, 104.5,  27.8,  28.8,   2.3,  21.83,  24.78,     4.12,   73.48,   66.10,  15.88, 1263.8,    0.15,  154.54,  123.48,  133.22,  127.68,  151.10,  134.13, 1063.49, 1065.67, 1129.37, 1090.95, 1198.51, 1073.44,  998.36, 1075.23,    17.0,   0,  GPS,  215.7, 115.70, 110.50, 121.900, 133.700,       ,       ,       ,      ,       ,       ,  -14.6,      0,  NONE,   NONE,      ,      ,   0.0,     3D, 3704,      ,       , 149.5,       
2015-05-13, 08:13:41,  -04:00,       ,   47.2282663,  -77.1244162,   114.8, 30.05,   118.4,   9.8,   0.00,   0.00,    8.69,   1.02,  -0.09,   0.00,   0.00, 213.3, 104.5,  27.8,  28.8,   2.3,  21.83,  24.78,     4.12,   73.67,   66.03,  15.88, 1265.3,    0.15,  155.48,  124.24,  134.07,  128.50,  152.03,  134.99, 1063.97, 1067.24, 1129.90, 1093.23, 1199.05, 1072.98, 1000.39, 1075.24,    16.6,   0,  GPS,  215.7, 115.70, 110.50, 121.900, 133.700,       ,       ,       ,      ,       ,       ,  -14.6,      0,  NONE,   NONE,      ,      ,   0.0,     3D, 3704,      ,       , 149.5,       
2015-05-13, 08:13:42,  -04:00,       ,   47.2282663,  -77.1244162,   113.8, 30.05,   118.3,   9.8,   0.00,   0.00,  -30.33,   1.01,  -0.09,   0.03,   0.01, 213.3, 104.5,  27.8,  28.8,   2.2,  21.82,  24.79,     4.13,   73.87,   66.01,  15.93, 1264.6,    0.15,  156.37,  124.99,  134.90,  129.32,  152.92,  135.88, 1066.38, 1068.22, 1130.09, 1094.53, 1199.71, 1073.46, 1001.47, 1076.64,    16.5,   0,  GPS,  215.7, 115.70, 110.50, 121.900, 133.700,       ,       ,       ,      ,       ,       ,  -14.6,      0,  NONE,   NONE,      ,      ,   0.0,     3D, 3704,      ,       , 149.5,       
2015-05-13, 08:13:43,  -04:00,       ,   47.2282663,  -77.1244162,   113.8, 30.05,   118.2,   9.8,   0.00,   0.00,  -29.02,   1.02,  -0.11,  -0.01,  -0.00, 213.3, 104.5,  27.8,  28.8,   2.2,  21.82,  24.75,     4.08,   74.09,   66.05,  15.90, 1266.3,    0.15,  157.28,  125.74,  135.75,  130.14,  153.84,  136.75, 1066.52, 1068.74, 1131.27, 1095.10, 1200.54, 1074.19, 1001.96, 1076.87,    16.4,   0,  GPS,  215.7, 115.70, 110.50, 121.900, 133.700,       ,       ,       ,      ,       ,       ,  -14.6,      0,  NONE,   NONE,      ,      ,   0.0,     3D, 3704,      ,       , 149.5,       
2015-05-13, 08:13:44,  -04:00,       ,   47.2282663,  -77.1244162,   113.8, 30.05,   118.8,   9.8,   0.00,   0.00,  -19.77,   1.01,  -0.09,  -0.02,   0.01, 213.3, 104.5,  27.8,  28.8,   2.2,  21.81,  24.75,     4.09,   74.28,   65.99,  15.91, 1266.3,    0.15,  158.29,  126.48,  136.60,  130.94,  154.84,  137.62, 1067.02, 1069.48, 1131.11, 1096.03, 1200.61, 1075.08, 1003.22, 1076.62,    16.9,   0,  GPS,  215.7, 115.70, 110.50, 121.900, 133.700,       ,       ,       ,      ,       ,       ,  -14.6,      0,  NONE,   NONE,      ,      ,   0.0,     3D, 3704,      ,       , 149.5,       
2015-05-13, 08:13:45,  -04:00,       ,   47.2282663,  -77.1244162,   111.8, 30.05,   119.0,   9.8,   0.00,   0.00,  -33.83,   1.02,  -0.10,   0.01,   0.00, 213.4, 104.5,  27.8,  28.8,   2.2,  21.80,  24.76,     4.09,   74.47,   66.00,  15.85, 1267.7,    0.15,  159.08,  127.24,  137.45,  131.76,  155.63,  138.50, 1067.95, 1068.50, 1130.80, 1095.98, 1199.37, 1074.86, 1002.66, 1076.15,    17.1,   0,  GPS,  215.7, 115.70, 110.50, 121.900, 133.700,       ,       ,       ,      ,       ,       ,  -14.6,      0,  NONE,   NONE,      ,      ,   0.0,     3D, 3704,      ,       , 149.5,       
2015-05-13, 08:13:46,  -04:00,       ,   47.2282740,  -77.1244162,   113.8, 30.05,   119.1,   9.8,   0.00,   0.00,  -18.28,   1.01,  -0.10,  -0.00,   0.00, 213.3, 104.5,  27.8,  28.8,   2.2,  21.80,  24.75,     4.07,   74.67,   65.86,  15.98, 1263.6,    0.15,  159.96,  127.98,  138.27,  132.57,  156.54,  139.36, 1068.86, 1068.66, 1132.78, 1095.90, 1199.14, 1076.37, 1002.89, 1077.80,    17.3,   0,  GPS,  215.7, 115.70, 110.50, 121.900, 133.700,       ,       ,       ,      ,       ,       ,  -14.6,      0,  NONE,   NONE,      ,      ,   0.0,     3D, 3704,      ,       , 149.5,       
2015-05-13, 08:13:47,  -04:00,       ,   47.2282740,  -77.1244162,   114.8, 30.05,   119.3,   9.8,   0.00,   0.00,   16.69,   0.98,  -0.09,  -0.00,  -0.01, 213.4, 104.5,  27.8,  28.8,   2.2,  21.81,  24.74,     4.09,   74.91,   65.86,  15.91, 1266.8,    0.15,  160.91,  128.80,  139.20,  133.43,  157.52,  140.32, 1069.26, 1068.31, 1134.08, 1096.43, 1199.83, 1077.13, 1002.93, 1078.52,    17.5,   0,  GPS,  215.7, 115.70, 110.50, 121.900, 133.700,       ,       ,       ,      ,       ,       ,  -14.6,      0,  NONE,   NONE,      ,      ,   0.0,     3D, 3704,      ,       , 149.5,       
2015-05-13, 08:13:49,  -04:00,       ,   47.2282740,  -77.1244162,   115.8, 30.05,   118.7,   9.8,   0.00,   0.00,   33.43,   0.99,  -0.05,  -0.00,  -0.00, 213.4, 104.5,  27.8,  28.8,   2.1,  21.81,  24.76,     4.13,   75.34,   65.78,  15.89, 1267.8,    0.15,  162.56,  130.23,  140.78,  134.95,  159.18,  141.95, 1070.72, 1070.78, 1136.87, 1098.33, 1202.10, 1078.78, 1005.46, 1080.67,    16.8,   0,  GPS,  215.7, 115.70, 110.50, 121.900, 133.700,       ,       ,       ,      ,       ,       ,  -14.6,      0,  NONE,   NONE,      ,      ,   0.0,     3D, 3704,      ,       , 149.5,       
2015-05-13, 08:13:50,  -04:00,       ,   47.2282740,  -77.1244162,   113.8, 30.05,   118.6,   9.8,   0.00,   0.00,   -0.76,   1.00,  -0.05,  -0.03,  -0.00, 213.4, 104.5,  27.8,  28.8,   2.1,  21.81,  24.75,     4.10,   75.60,   65.74,  15.91, 1267.7,    0.15,  163.45,  130.99,  141.61,  135.72,  160.06,  142.80, 1072.53, 1071.29, 1136.83, 1098.46, 1202.67, 1078.48, 1006.30, 1082.42,    16.8,   0,  GPS,  215.7, 115.70, 110.50, 121.900, 133.700,       ,       ,       ,      ,       ,       ,  -14.6,      0,  NONE,   NONE,      ,      ,   0.0,     3D, 3704,      ,       , 149.5,       
2015-05-13, 08:13:51,  -04:00,       ,   47.2282740,  -77.1244086,   113.8, 30.05,   118.3,   9.8,   0.00,   0.00,  -14.66,   1.00,  -0.09,   0.02,   0.00, 213.4, 104.5,  27.8,  28.8,   2.1,  21.82,  24.73,     4.10,   75.81,   65.70,  15.91, 1270.5,    0.15,  164.40,  131.72,  142.44,  136.49,  161.03,  143.66, 1074.59, 1071.71, 1136.83, 1098.60, 1203.92, 1077.68, 1006.85, 1083.82,    16.5,   0,  GPS,  215.7, 115.70, 110.50, 121.900, 133.700,       ,       ,       ,      ,       ,       ,  -14.6,      0,  NONE,   NONE,      ,      , -11.8,     3D, 3704,      ,       , 149.5,       
2015-05-13, 08:13:52,  -04:00,       ,   47.2282740,  -77.1244162,   112.8, 30.05,   119.1,   9.8,   0.00,   0.00,  -31.45,   1.04,  -0.09,   0.02,   0.01, 213.4, 104.5,  27.8,  28.8,   2.1,  21.83,  24.74,     4.11,   76.06,   65.75,  15.88, 1270.9,    0.15,  165.33,  132.61,  143.36,  137.31,  161.98,  144.69, 1074.53, 1072.17, 1136.57, 1100.85, 1202.82, 1077.88, 1008.31, 1083.07,    17.3,   0,  GPS,  215.7, 115.70, 110.50, 121.900, 133.700,       ,       ,       ,      ,       ,       ,  -14.6,      0,  NONE,   NONE,      ,      ,   0.0,     3D, 3704,      ,       , 149.5,       
2015-05-13, 08:13:54,  -04:00,       ,   47.2282740,  -77.1244162,   117.8, 30.05,   118.9,   9.8,   0.00,   0.00,   57.37,   1.04,  -0.11,   0.00,  -0.01, 213.4, 104.5,  27.8,  28.8,   2.1,  21.83,  24.74,     4.12,   76.44,   65.74,  15.87, 1273.1,    0.15,  166.85,  133.96,  144.92,  138.71,  163.51,  146.21, 1073.28, 1073.82, 1136.44, 1102.72, 1204.35, 1077.93, 1009.56, 1082.64,    17.1,   0,  GPS,  215.7, 115.70, 110.50, 121.900, 133.700,       ,       ,       ,      ,       ,       ,  -14.6,      0,  NONE,   NONE,      ,      ,   0.0,     3D, 3704,      ,       , 149.5,       
2015-05-13, 08:13:55,  -04:00,       ,   47.2282740,  -77.1244086,   116.8, 30.05,   118.9,   9.8,   0.00,   0.00,   67.66,   1.03,  -0.08,  -0.01,  -0.01, 213.5, 104.5,  27.8,  28.8,   2.1,  21.84,  24.75,     4.11,   76.67,   65.69,  15.89, 1272.3,    0.15,  167.70,  134.70,  145.74,  139.43,  164.37,  147.04, 1073.68, 1074.28, 1136.37, 1104.66, 1204.87, 1078.13, 1010.87, 1082.88,    17.1,   0,  GPS,  215.7, 115.70, 110.50, 121.900, 133.700,       ,       ,       ,      ,       ,       ,  -14.6,      0,  NONE,   NONE,      ,      ,   0.0,     3D, 3704,      ,       , 149.5,       
2015-05-13, 08:13:56,  -04:00,       ,   47.2282663,  -77.1244086,   114.8, 30.05,   118.5,   9.5,   0.00,   0.00,    3.29,   1.00,  -0.09,   0.01,   0.01, 213.5, 104.5,  27.8,  28.8,   2.1,  21.84,  24.76,     4.14,   76.86,   65.64,  15.86, 1274.6,    0.15,  168.53,  135.37,  146.56,  140.16,  165.23,  147.80, 1073.64, 1074.05, 1136.54, 1104.73, 1207.00, 1077.23, 1011.24, 1083.54,    16.7,   0,  GPS,  215.7, 115.70, 110.50, 121.900, 133.700,       ,       ,       ,      ,       ,       ,  -14.6,      0,  NONE,   NONE,      ,      ,   0.0,     3D, 3704,      ,       , 149.5,       
2015-05-13, 08:13:57,  -04:00,       ,   47.2282740,  -77.1244086,   114.8, 30.05,   119.2,   9.5,   0.00,   0.00,  -28.48,   1.04,  -0.09,   0.02,  -0.01, 213.4, 104.5,  27.8,  28.8,   2.1,  21.84,  24.77,     4.09,   77.11,   65.67,  15.88, 1274.6,    0.15,  169.48,  136.17,  147.33,  140.87,  166.17,  148.69, 1074.56, 1075.20, 1137.02, 1105.01, 1205.58, 1077.72, 1011.30, 1083.94,    17.4,   0,  GPS,  215.7, 115.70, 110.50, 121.900, 133.700,       ,       ,       ,      ,       ,       ,  -14.6,      0,  NONE,   NONE,      ,      ,   0.0,     3D, 3704,      ,       , 149.5,       
2015-05-13, 08:13:58,  -04:00,       ,   47.2282740,  -77.1244086,   113.8, 30.05,   119.2,   9.5,   0.00,   0.00,  -33.51,   1.04,  -0.10,  -0.01,  -0.01, 213.5, 104.5,  27.8,  28.8,   2.0,  21.84,  24.78,     4.10,   77.34,   65.63,  15.88, 1276.2,    0.15,  170.33,  136.92,  148.15,  141.57,  167.00,  149.54, 1074.63, 1075.38, 1137.95, 1105.12, 1205.19, 1077.26, 1012.00, 1084.27,    17.4,   0,  GPS,  215.7, 115.70, 110.50, 121.900, 133.700,       ,       ,       ,      ,       ,       ,  -14.6,      0,  NONE,   NONE,      ,      ,   0.0,     3D, 3704,      ,       , 149.5,       
2015-05-13, 08:13:59,  -04:00,       ,   47.2282740,  -77.1244086,   113.8, 30.05,   119.4,   9.5,   0.00,   0.00,  -32.86,   1.04,  -0.12,   0.02,   0.00, 213.4, 104.5,  27.8,  28.8,   2.0,  21.85,  24.75,     4.12,   77.54,   65.59,  15.90, 1273.0,    0.15,  171.08,  137.60,  148.96,  142.30,  167.77,  150.28, 1075.23, 1075.29, 1138.69, 1104.31, 1206.52, 1078.38, 1012.03, 1085.33,    17.6,   0,  GPS,  215.7, 115.70, 110.50, 121.900, 133.700,       ,       ,       ,      ,       ,       ,  -14.6,      0,  NONE,   NONE,      ,      ,   7.9,     3D, 3704,      ,       , 149.5,       
2015-05-13, 08:14:00,  -04:00,       ,   47.2282663,  -77.1244086,   112.8, 30.05,   119.6,   9.5,   0.00,   0.00,  -38.19,   0.99,  -0.10,  -0.00,   0.00, 213.5, 104.5,  27.8,  28.8,   2.0,  21.85,  24.77,     4.12,   77.78,   65.58,  15.87, 1275.7,    0.15,  171.91,  138.34,  149.77,  142.99,  168.61,  151.13, 1075.87, 1076.92, 1137.88, 1104.74, 1206.43, 1078.14, 1013.07, 1085.19,    17.8,   0,  GPS,  215.7, 115.70, 110.50, 121.900, 133.700,       ,       ,       ,      ,       ,       ,  -14.6,      0,  NONE,   NONE,      ,      ,   0.0,     3D, 3704,      ,       , 149.5,       
2015-05-13, 08:14:01,  -04:00,       ,   47.2282663,  -77.1244086,   114.8, 30.05,   119.3,   9.5,   0.00,   0.00,    9.92,   1.04,  -0.12,   0.02,   0.01, 213.4, 104.5,  27.8,  28.8,   2.0,  21.84,  24.77,     4.12,   77.99,   65.51,  15.92, 1272.6,    0.15,  172.75,  139.07,  150.57,  143.71,  169.44,  151.95, 1076.51, 1079.26, 1139.07, 1104.05, 1208.42, 1079.01, 1013.88, 1086.86,    17.5,   0,  GPS,  215.7, 115.70, 110.50, 121.900, 133.700,       ,       ,       ,      ,       ,       ,  -14.6,      0,  NONE,   NONE,      ,      ,   0.0,     3D, 3704,      ,       , 149.5,       
2015-05-13, 08:14:02,  -04:00,       ,   47.2282663,  -77.1244086,   113.8, 30.05,   119.3,   9.5,   0.00,   0.00,   23.66,   1.07,  -0.13,  -0.01,  -0.01, 213.5, 104.5,  27.8,  28.8,   2.0,  21.85,  24.78,     4.12,   78.23,   65.47,  15.91, 1272.9,    0.15,  173.56,  139.80,  151.37,  144.42,  170.25,  152.78, 1077.60, 1078.90, 1139.33, 1104.02, 1207.70, 1079.51, 1013.53, 1087.04,    17.4,   0,  GPS,  215.7, 115.70, 110.50, 121.900, 133.700,       ,       ,       ,      ,       ,       ,  -14.6,      0,  NONE,   NONE,      ,      ,   0.0,     3D, 3704,      ,       , 149.5,       
2015-05-13, 08:14:03,  -04:00,       ,   47.2282663,  -77.1244086,   114.8, 30.05,   119.2,   9.5,   0.00,   0.00,    1.42,   1.04,  -0.11,  -0.01,  -0.01, 213.5, 104.5,  27.8,  28.8,   2.0,  21.84,  24.80,     4.10,   78.51,   65.42,  15.90, 1274.4,    0.15,  174.39,  140.60,  152.17,  145.10,  171.08,  153.67, 1078.77, 1079.77, 1140.85, 1104.93, 1210.57, 1080.09, 1014.63, 1088.87,    17.4,   0,  GPS,  215.7, 115.70, 110.50, 121.900, 133.700,       ,       ,       ,      ,       ,       ,  -14.6,      0,  NONE,   NONE,      ,      ,   0.0,     3D, 3704,      ,       , 149.5,       
2015-05-13, 08:14:04,  -04:00,       ,   47.2282663,  -77.1244086,   115.8, 30.05,   119.1,   9.5,   0.00,   0.00,   16.02,   1.04,  -0.11,   0.01,   0.00, 213.4, 104.5,  27.8,  28.8,   2.0,  21.84,  24.78,     4.09,   78.71,   65.36,  15.90, 1274.4,    0.15,  175.30,  141.28,  152.98,  145.81,  171.99,  154.42, 1079.72, 1079.25, 1140.30, 1104.17, 1209.29, 1078.37, 1013.54, 1088.72,    17.3,   0,  GPS,  215.7, 115.70, 110.50, 121.900, 133.700,       ,       ,       ,      ,       ,       ,  -14.6,      0,  NONE,   NONE,      ,      ,   0.0,     3D, 3704,      ,       , 149.5,       
2015-05-13, 08:14:05,  -04:00,       ,   47.2282663,  -77.1244086,   114.8, 30.05,   119.2,   9.5,   0.00,   0.00,   26.03,   1.04,  -0.13,   0.01,  -0.01, 213.4, 104.5,  27.8,  28.8,   2.0,  21.84,  24.77,     4.11,   78.96,   65.39,  15.91, 1279.5,    0.15,  176.01,  142.06,  153.78,  146.51,  172.73,  155.31, 1080.54, 1081.00, 1142.07, 1105.16, 1211.08, 1080.27, 1014.83, 1090.31,    17.3,   0,  GPS,  215.7, 115.70, 110.50, 121.900, 133.700,       ,       ,       ,      ,       ,       ,  -14.6,      0,  NONE,   NONE,      ,      ,   0.0,     3D, 3704,      ,       , 149.5,       
2015-05-13, 08:14:06,  -04:00,       ,   47.2282663,  -77.1244086,   115.8, 30.05,   119.1,   9.8,   0.00,   0.00,   10.17,   1.05,  -0.10,   0.00,  -0.00, 213.4, 104.5,  27.8,  28.8,   2.0,  21.84,  24.77,     4.08,   79.18,   65.35,  15.90, 1277.8,    0.15,  176.88,  142.80,  154.57,  147.21,  173.60,  156.13, 1080.44, 1080.97, 1141.14, 1104.96, 1211.38, 1080.60, 1015.08, 1089.93,    17.2,   0,  GPS,  215.7, 115.70, 110.50, 121.900, 133.700,       ,       ,       ,      ,       ,       ,  -14.6,      0,  NONE,   NONE,      ,      ,   0.0,     3D, 3704,      ,       , 149.5,       
2015-05-13, 08:14:07,  -04:00,       ,   47.2282663,  -77.1244086,   114.8, 30.05,   119.0,   9.8,   0.00,   0.00,   -3.74,   1.04,  -0.09,   0.00,  -0.00, 213.4, 104.5,  27.8,  28.8,   2.0,  21.85,  24.77,     4.11,   79.39,   65.32,  15.88, 1279.3,    0.15,  177.70,  143.51,  155.34,  147.88,  174.41,  156.93, 1081.65, 1083.70, 1143.64, 1105.91, 1211.67, 1081.37, 1016.92, 1091.19,    17.2,   0,  GPS,  215.7, 115.70, 110.50, 121.900, 133.700,       ,       ,       ,      ,       ,       ,  -14.6,      0,  NONE,   NONE,      ,      ,   0.0,     3D, 3704,      ,       , 149.5,       
2015-05-13, 08:14:08,  -04:00,       ,   47.2282663,  -77.1244086,   115.8, 30.05,   118.9,   9.8,   0.00,   0.00,   12.63,   1.07,  -0.11,  -0.00,   0.00, 213.4, 104.5,  27.8,  28.8,   1.9,  21.85,  24.75,     4.11,   79.59,   65.26,  15.94, 1272.3,    0.15,  178.47,  144.24,  156.11,  148.60,  175.21,  157.73, 1083.31, 1084.86, 1143.90, 1106.25, 1210.57, 1081.72, 1016.57, 1091.56,    17.1,   0,  GPS,  215.7, 115.70, 110.50, 121.900, 133.700,       ,       ,       ,      ,       ,       ,  -14.6,      0,  NONE,   NONE,      ,      ,   0.0,     3D, 3704,      ,       , 149.5,       
2015-05-13, 08:14:09,  -04:00,       ,   47.2282663,  -77.1244086,   113.8, 30.05,   118.6,   9.5,   0.00,   0.00,  -11.98,   1.02,  -0.05,  -0.00,  -0.01, 213.4, 104.5,  27.8,  28.8,   1.9,  21.86,  24.75,     4.11,   79.78,   65.28,  15.90, 1279.5,    0.15,  179.22,  144.98,  156.90,  149.30,  176.01,  158.53, 1083.86, 1085.98, 1144.29, 1105.58, 1211.68, 1081.46, 1016.77, 1092.04,    16.8,   0,  GPS,  215.7, 115.70, 110.50, 121.900, 133.700,       ,       ,       ,      ,       ,       ,  -14.6,      0,  NONE,   NONE,      ,      ,   0.0,     3D, 3704,      ,       , 149.5,       
2015-05-13, 08:14:10,  -04:00,       ,   47.2282663,  -77.1244086,   114.8, 30.05,   118.5,   9.5,   0.00,   0.00,  -19.48,   1.05,  -0.13,  -0.01,  -0.01, 213.4, 104.5,  27.8,  28.8,   1.9,  21.86,  24.74,     4.13,   79.93,   65.35,  15.79, 1286.7,    0.15,  179.98,  145.63,  157.67,  150.01,  176.78,  159.26, 1084.19, 1086.71, 1144.48, 1106.68, 1213.37, 1083.67, 1017.80, 1092.26,    16.7,   0,  GPS,  215.7, 115.70, 110.50, 121.900, 133.700,       ,       ,       ,      ,       ,       ,  -14.6,      0,  NONE,   NONE,      ,      ,   0.0,     3D, 3704,      ,       , 149.5,       
2015-05-13, 08:14:11,  -04:00,       ,   47.2282663,  -77.1244086,   115.8, 30.05,   118.5,   9.5,   0.00,   0.00,   37.33,   1.08,  -0.09,   0.01,  -0.01, 213.4, 104.5,  27.8,  28.8,   1.9,  21.86,  24.75,     4.10,   80.15,   65.36,  15.77, 1287.1,    0.15,  180.75,  146.40,  158.44,  150.67,  177.56,  160.12, 1083.94, 1088.54, 1145.39, 1108.52, 1213.91, 1084.57, 1019.16, 1092.83,    16.7,   0,  GPS,  215.7, 115.70, 110.50, 121.900, 133.700,       ,       ,       ,      ,       ,       ,  -14.6,      0,  NONE,   NONE,      ,      ,   0.0,     3D, 3704,      ,       , 149.5,       
2015-05-13, 08:14:12,  -04:00,       ,   47.2282663,  -77.1244086,   114.8, 30.05,   118.5,   9.5,   0.00,   0.00,   16.35,   1.05,  -0.10,   0.00,  -0.00, 213.4, 104.5,  27.8,  28.8,   1.9,  21.87,  24.75,     4.11,   80.34,   65.22,  15.93, 1275.6,    0.15,  181.47,  147.15,  159.23,  151.37,  178.35,  160.92, 1083.72, 1087.74, 1144.95, 1108.16, 1213.56, 1085.32, 1017.87, 1092.79,    16.7,   0,  GPS,  215.7, 115.70, 110.50, 121.900, 133.700,       ,       ,       ,      ,       ,       ,  -14.6,      0,  NONE,   NONE,      ,      ,   0.0,     3D, 3704,      ,       , 149.5,       
2015-05-13, 08:14:13,  -04:00,       ,   47.2282663,  -77.1244086,   113.8, 30.05,   119.0,   9.5,   0.00,   0.00,  -39.24,   1.04,  -0.08,   0.01,   0.00, 213.4, 104.5,  27.8,  28.8,   1.9,  21.88,  24.72,     4.12,   80.51,   65.09,  15.97, 1274.0,    0.15,  182.23,  147.86,  159.97,  152.07,  179.15,  161.69, 1084.19, 1089.10, 1146.34, 1107.60, 1216.02, 1084.85, 1018.83, 1094.64,    17.2,   0,  GPS,  215.7, 115.70, 110.50, 121.900, 125.600,       ,       ,       ,      ,       ,       ,  -14.6,      0,  NONE,   NONE,      ,      ,   0.0,     3D, 3704,      ,       , 149.5,       
2015-05-13, 08:14:14,  -04:00,       ,   47.2282663,  -77.1244086,   113.8, 30.05,   119.1,   9.5,   0.00,   0.00,  -26.22,   1.10,  -0.13,   0.00,   0.00, 213.5, 104.5,  27.8,  28.8,   1.9,  21.88,  24.73,     4.12,   80.70,   65.01,  15.99, 1272.7,    0.15,  182.91,  148.57,  160.74,  152.76,  179.83,  162.51, 1085.97, 1089.35, 1147.12, 1106.91, 1216.13, 1085.39, 1018.92, 1095.85,    17.2,   0,  GPS,  215.7, 115.70, 110.50, 121.900, 125.600,       ,       ,       ,      ,       ,       ,  -14.6,      0,  NONE,   NONE,      ,      ,   0.0,     3D, 3704,      ,       , 149.5,       
2015-05-13, 08:14:15,  -04:00,       ,   47.2282663,  -77.1244086,   114.8, 30.05,   119.1,   9.8,   0.00,   0.00,    9.12,   1.05,  -0.12,  -0.00,  -0.00, 213.4, 104.5,  27.8,  28.8,   1.9,  21.89,  24.73,     4.11,   80.91,   65.10,  15.80, 1287.8,    0.15,  183.72,  149.34,  161.51,  153.43,  180.67,  163.34, 1085.88, 1088.93, 1146.74, 1106.31, 1218.06, 1086.10, 1018.57, 1096.48,    17.2,   0,  GPS,  215.7, 115.70, 110.50, 121.900, 125.600,       ,       ,       ,      ,       ,       ,  -14.6,      0,  NONE,   NONE,      ,      ,   0.0,     3D, 3704,      ,       , 149.5,       
2015-05-13, 08:14:16,  -04:00,       ,   47.2282663,  -77.1244086,   114.8, 30.05,   119.1,   9.8,   0.00,   0.00,    5.52,   1.07,  -0.12,  -0.00,   0.01, 213.5, 104.5,  27.8,  28.8,   1.9,  21.88,  24.73,     4.13,   81.09,   65.14,  15.84, 1285.8,    0.15,  184.45,  149.98,  162.25,  154.11,  181.43,  164.05, 1086.81, 1088.72, 1147.10, 1107.15, 1216.85, 1087.71, 1018.35, 1096.40,    17.3,   0,  GPS,  215.7, 115.70, 110.50, 121.900, 125.600,       ,       ,       ,      ,       ,       ,  -14.6,      0,  NONE,   NONE,      ,      ,   0.0,     3D, 3704,      ,       , 149.5,       
2015-05-13, 08:14:17,  -04:00,       ,   47.2282663,  -77.1244086,   114.8, 30.05,   119.2,   9.8,   0.00,   0.00,    3.67,   1.09,  -0.13,   0.00,  -0.00, 213.4, 104.5,  27.8,  28.8,   1.9,  21.87,  24.75,     4.12,   81.26,   65.14,  15.85, 1284.1,    0.15,  185.20,  150.69,  163.01,  154.79,  182.20,  164.81, 1088.09, 1086.67, 1145.66, 1107.02, 1218.49, 1086.78, 1017.88, 1096.67,    17.4,   0,  GPS,  215.7, 115.70, 110.50, 121.900, 125.600,       ,       ,       ,      ,       ,       ,  -14.6,      0,  NONE,   NONE,      ,      ,   0.0,     3D, 3704,      ,       , 149.5,       
2015-05-13, 08:14:18,  -04:00,       ,   47.2282663,  -77.1244086,   114.8, 30.05,   119.2,   9.8,   0.00,   0.00,   -2.54,   1.07,  -0.10,   0.00,  -0.01, 213.4, 104.5,  27.8,  28.8,   1.9,  21.87,  24.76,     4.10,   81.46,   65.08,  15.87, 1281.5,    0.15,  185.94,  151.46,  163.75,  155.46,  182.95,  165.67, 1087.49, 1086.64, 1144.83, 1107.79, 1219.31, 1088.18, 1018.41, 1095.95,    17.4,   0,  GPS,  215.7, 115.70, 110.50, 121.900, 125.600,       ,       ,       ,      ,       ,       ,  -14.6,      0,  NONE,   NONE,      ,      ,   0.0,     3D, 3704,      ,       , 149.5,       
2015-05-13, 08:14:20,  -04:00,       ,   47.2282663,  -77.1244086,   112.8, 30.05,   119.2,   9.8,   0.00,   0.00,  -48.93,   1.09,  -0.11,  -0.00,  -0.00, 213.4, 104.5,  27.8,  28.8,   1.9,  21.86,  24.76,     4.10,   81.82,   64.94,  15.90, 1278.0,    0.15,  187.36,  152.81,  165.23,  156.82,  184.45,  167.11, 1086.73, 1088.38, 1145.11, 1109.96, 1218.84, 1089.25, 1020.22, 1095.88,    17.4,   0,  GPS,  215.7, 115.70, 110.50, 121.900, 125.600,       ,       ,       ,      ,       ,       ,  -14.6,      0,  NONE,   NONE,      ,      ,   0.0,     3D, 3704,      ,       , 149.5,       
2015-05-13, 08:14:21,  -04:00,       ,   47.2282663,  -77.1244086,   115.8, 30.05,   119.3,   9.8,   0.00,   0.00,   21.32,   1.05,  -0.12,   0.02,   0.00, 213.4, 104.5,  27.8,  28.8,   1.9,  21.87,  24.78,     4.11,   82.06,   64.89,  15.91, 1276.9,    0.15,  188.10,  153.57,  165.97,  157.48,  185.19,  167.91, 1085.98, 1088.86, 1145.10, 1110.69, 1218.52, 1089.32, 1020.74, 1095.72,    17.5,   0,  GPS,  215.7, 115.70, 110.50, 121.900, 125.600,       ,       ,       ,      ,       ,       ,  -14.6,      0,  NONE,   NONE,      ,      ,   0.0,     3D, 3704,      ,       , 148.5,       
2015-05-13, 08:14:22,  -04:00,       ,   47.2282663,  -77.1244086,   114.8, 30.05,   119.4,   9.8,   0.00,   0.00,   16.43,   1.05,  -0.10,  -0.01,   0.01, 213.4, 104.5,  27.8,  28.8,   1.9,  21.88,  24.78,     4.08,   82.25,   64.89,  15.90, 1278.7,    0.15,  188.81,  154.26,  166.72,  158.15,  185.93,  168.66, 1086.88, 1090.10, 1146.09, 1110.25, 1219.59, 1089.41, 1020.73, 1096.63,    17.5,   0,  GPS,  215.7, 115.70, 110.50, 121.900, 125.600,       ,       ,       ,      ,       ,       ,  -14.6,      0,  NONE,   NONE,      ,      ,   0.0,     3D, 3704,      ,       , 148.5,       
2015-05-13, 08:14:23,  -04:00,       ,   47.2282663,  -77.1244086,   113.8, 30.05,   119.5,   9.8,   0.00,   0.00,  -21.22,   1.03,  -0.14,   0.00,   0.01, 213.4, 104.5,  27.8,  28.8,   1.9,  21.86,  24.78,     4.11,   82.47,   64.93,  15.82, 1287.5,    0.15,  189.44,  154.88,  167.44,  158.82,  186.58,  169.33, 1088.10, 1090.12, 1146.61, 1111.21, 1221.08, 1090.64, 1021.40, 1097.54,    17.7,   0,  GPS,  215.7, 115.70, 110.50, 121.900, 125.600,       ,       ,       ,      ,       ,       ,  -14.6,      0,  NONE,   NONE,      ,      ,   0.0,     3D, 3704,      ,       , 148.5,       
2015-05-13, 08:14:24,  -04:00,       ,   47.2282663,  -77.1244086,   113.8, 30.05,   119.6,   9.8,   0.00,   0.00,   -7.97,   1.09,  -0.15,  -0.00,   0.01, 213.4, 104.5,  27.8,  28.8,   1.9,  21.83,  24.78,     4.13,   82.64,   64.99,  15.75, 1293.1,    0.15,  190.20,  155.58,  168.15,  159.46,  187.38,  170.07, 1087.95, 1090.21, 1146.43, 1110.72, 1221.97, 1091.78, 1021.51, 1098.43,    17.8,   0,  GPS,  215.7, 115.70, 110.50, 121.900, 125.600,       ,       ,       ,      ,       ,       ,  -14.6,      0,  NONE,   NONE,      ,      ,   0.0,     3D, 3704,      ,       , 148.5,       
2015-05-13, 08:14:25,  -04:00,       ,   47.2282663,  -77.1244086,   112.8, 30.05,   119.8,   9.8,   0.00,   0.00,    7.90,   1.05,  -0.14,   0.00,  -0.01, 213.4, 104.5,  27.8,  28.8,   1.9,  21.81,  24.77,     4.10,   82.86,   64.92,  15.79, 1287.2,    0.15,  190.89,  156.26,  168.89,  160.15,  188.10,  170.81, 1088.76, 1089.64, 1146.09, 1110.76, 1223.76, 1091.73, 1021.45, 1099.18,    18.0,   0,  GPS,  215.7, 115.70, 110.50, 121.900, 125.600,       ,       ,       ,      ,       ,       ,  -14.6,      0,  NONE,   NONE,      ,      ,   0.0,     3D, 3704,      ,       , 148.5,       
2015-05-13, 08:14:26,  -04:00,       ,   47.2282663,  -77.1244086,   113.8, 30.05,   119.9,   9.8,   0.00,   0.00,   -6.41,   1.03,  -0.12,  -0.00,   0.00, 213.4, 104.5,  27.8,  28.8,   1.8,  21.79,  24.75,     4.10,   83.07,   64.87,  15.87, 1282.5,    0.15,  191.58,  156.95,  169.60,  160.80,  188.84,  171.53, 1088.31, 1089.03, 1147.14, 1110.26, 1225.57, 1090.88, 1020.79, 1100.28,    18.1,   0,  GPS,  215.7, 115.70, 110.50, 121.900, 125.600,       ,       ,       ,      ,       ,       ,  -14.6,      0,  NONE,   NONE,      ,      ,   0.0,     3D, 3704,      ,       , 148.5,       
2015-05-13, 08:14:27,  -04:00,       ,   47.2282663,  -77.1244086,   112.8, 30.05,   119.8,   9.8,   0.00,   0.00,  -13.72,   1.03,  -0.11,   0.00,  -0.01, 213.4, 104.5,  27.8,  28.8,   1.8,  21.78,  24.75,     4.10,   83.27,   64.72,  15.99, 1272.5,    0.15,  192.20,  157.64,  170.31,  161.45,  189.47,  172.26, 1088.59, 1088.96, 1148.34, 1110.69, 1226.20, 1092.77, 1020.31, 1100.44,    18.0,   0,  GPS,  215.7, 115.70, 110.50, 121.900, 125.600,       ,       ,       ,      ,       ,       ,  -14.6,      0,  NONE,   NONE,      ,      ,   0.0,     3D, 3704,      ,       , 148.5,       
2015-05-13, 08:14:28,  -04:00,       ,   47.2282663,  -77.1244086,   112.8, 30.05,   119.7,   9.8,   0.00,   0.00,  -23.71,   1.07,  -0.13,  -0.00,  -0.00, 213.4, 104.5,  27.8,  28.8,   1.8,  21.79,  24.76,     4.07,   83.49,   64.64,  15.96, 1276.1,    0.15,  192.94,  158.30,  171.02,  162.10,  190.27,  172.97, 1088.65, 1088.62, 1148.54, 1110.39, 1227.91, 1091.40, 1020.68, 1101.18,    17.9,   0,  GPS,  215.7, 115.70, 110.50, 121.900, 125.600,       ,       ,       ,      ,       ,       ,  -14.6,      0,  NONE,   NONE,      ,      ,   0.0,     3D, 3704,      ,       , 148.5,       
2015-05-13, 08:14:30,  -04:00,       ,   47.2282663,  -77.1244086,   114.8, 30.05,   119.5,   9.8,   0.00,   0.00,   22.80,   1.04,  -0.15,  -0.00,   0.01, 213.4, 104.5,  27.8,  28.8,   1.8,  21.78,  24.75,     4.13,   83.92,   64.69,  15.87, 1283.1,    0.15,  194.28,  159.66,  172.41,  163.40,  191.64,  174.40, 1087.87, 1089.69, 1148.39, 1111.19, 1229.24, 1090.58, 1022.06, 1101.26,    17.7,   0,  GPS,  215.7, 115.70, 110.50, 121.900, 125.600,       ,       ,       ,      ,       ,       ,  -14.6,      0,  NONE,   NONE,      ,      ,   0.0,     3D, 3704,      ,       , 148.5,       
2015-05-13, 08:14:31,  -04:00,       ,   47.2282663,  -77.1244086,   114.8, 30.05,   119.4,   9.8,   0.00,   0.00,   34.39,   1.04,  -0.13,   0.02,   0.01, 213.4, 104.5,  27.8,  28.8,   1.8,  21.76,  24.75,     4.14,   84.10,   64.69,  15.80, 1287.2,    0.15,  195.02,  160.39,  173.20,  164.10,  192.43,  175.16, 1087.69, 1090.93, 1149.06, 1110.96, 1228.41, 1092.19, 1021.85, 1101.04,    17.6,   0,  GPS,  215.7, 115.70, 110.50, 121.900, 125.600,       ,       ,       ,      ,       ,       ,  -14.6,      0,  NONE,   NONE,      ,      ,   0.0,     3D, 3704,      ,       , 148.5,       
2015-05-13, 08:14:33,  -04:00,       ,   47.2282663,  -77.1244162,   115.8, 30.05,   119.3,   9.8,   0.00,   0.00,   27.93,   1.00,  -0.10,   0.01,  -0.00, 213.5, 104.5,  27.8,  28.8,   1.8,  21.72,  24.72,     4.12,   84.50,   64.73,  15.72, 1293.0,    0.15,  196.29,  161.68,  174.51,  165.32,  193.75,  176.52, 1088.13, 1092.33, 1150.04, 1111.10, 1231.27, 1091.48, 1023.34, 1103.32,    17.5,   0,  GPS,  215.7, 115.70, 110.50, 121.900, 125.600,       ,       ,       ,      ,       ,       ,  -14.6,      0,  NONE,   NONE,      ,      ,   0.0,     3D, 3704,      ,       , 148.5,       
2015-05-13, 08:14:34,  -04:00,       ,   47.2282663,  -77.1244162,   116.8, 30.05,   119.3,   9.8,   0.00,   0.00,   53.60,   1.02,  -0.11,   0.01,  -0.02, 213.4, 104.5,  27.8,  28.8,   1.8,  21.73,  24.71,     4.12,   84.72,   64.75,  15.68, 1296.2,    0.15,  196.95,  162.39,  175.19,  165.94,  194.46,  177.29, 1087.33, 1092.77, 1150.10, 1110.66, 1232.71, 1090.49, 1023.57, 1103.74,    17.4,   0,  GPS,  215.7, 115.70, 110.50, 121.900, 125.600,       ,       ,       ,      ,       ,       ,  -14.6,      0,  NONE,   NONE,      ,      ,   0.0,     3D, 3704,      ,       , 148.5,       
2015-05-13, 08:14:35,  -04:00,       ,   47.2282663,  -77.1244162,   114.8, 30.05,   119.3,   9.8,   0.00,   0.00,   -7.13,   1.00,  -0.12,   0.01,   0.01, 213.4, 104.5,  27.8,  28.8,   1.8,  21.74,  24.71,     4.11,   84.92,   64.68,  15.72, 1293.4,    0.15,  197.51,  162.99,  175.87,  166.58,  195.07,  177.91, 1087.07, 1091.97, 1150.20, 1110.47, 1232.51, 1090.32, 1022.83, 1103.80,    17.4,   0,  GPS,  215.7, 115.70, 110.50, 121.900, 125.600,       ,       ,       ,      ,       ,       ,  -14.6,      0,  NONE,   NONE,      ,      ,   0.0,     3D, 3704,      ,       , 148.5,       
2015-05-13, 08:14:36,  -04:00,       ,   47.2282663,  -77.1244162,   114.8, 30.05,   119.1,   9.8,   0.00,   0.00,  -38.98,   1.00,  -0.12,   0.00,   0.00, 213.4, 104.5,  27.8,  28.8,   1.8,  21.75,  24.69,     4.10,   85.12,   64.59,  15.78, 1287.8,    0.15,  198.28,  163.66,  176.55,  167.23,  195.82,  178.60, 1086.68, 1092.41, 1150.34, 1109.35, 1233.72, 1089.50, 1022.82, 1103.87,    17.3,   0,  GPS,  215.7, 115.70, 110.50, 121.900, 125.600,       ,       ,       ,      ,       ,       ,  -14.6,      0,  NONE,   NONE,      ,      ,   0.0,     3D, 3704,      ,       , 148.5,       
2015-05-13, 08:14:37,  -04:00,       ,   47.2282663,  -77.1244162,   112.8, 30.05,   119.2,   9.8,   0.00,   0.00,  -55.74,   1.03,  -0.15,  -0.02,   0.00, 213.4, 104.5,  27.8,  28.8,   1.8,  21.74,  24.68,     4.10,   85.36,   64.53,  15.84, 1281.9,    0.15,  198.94,  164.32,  177.23,  167.84,  196.52,  179.28, 1087.35, 1093.06, 1150.77, 1108.86, 1232.86, 1089.58, 1023.20, 1103.86,    17.4,   0,  GPS,  215.7, 115.70, 110.50, 121.900, 125.600,       ,       ,       ,      ,       ,       ,  -14.6,      0,  NONE,   NONE,      ,      ,   0.0,     3D, 3704,      ,       , 148.5,       
2015-05-13, 08:14:38,  -04:00,       ,   47.2282663,  -77.1244162,   113.8, 30.05,   119.3,   9.8,   0.00,   0.00,  -21.32,   1.05,  -0.16,  -0.00,   0.01, 213.4, 104.5,  27.8,  28.8,   1.8,  21.73,  24.71,     4.12,   85.56,   64.57,  15.67, 1294.5,    0.15,  199.56,  164.97,  177.91,  168.45,  197.21,  179.96, 1088.52, 1093.55, 1152.07, 1108.55, 1235.08, 1089.91, 1023.96, 1105.82,    17.4,   0,  GPS,  215.7, 115.70, 110.50, 121.900, 125.600,       ,       ,       ,      ,       ,       ,  -14.6,      0,  NONE,   NONE,      ,      ,   0.0,     3D, 3704,      ,       , 148.5,       
2015-05-13, 08:14:39,  -04:00,       ,   47.2282663,  -77.1244162,   115.8, 30.05,   119.3,   9.8,   0.00,   0.00,   14.87,   1.09,  -0.13,   0.01,   0.00, 213.4, 104.5,  27.8,  28.8,   1.8,  21.71,  24.71,     4.13,   85.79,   64.61,  15.65, 1296.1,    0.15,  200.15,  165.62,  178.57,  169.08,  197.81,  180.64, 1089.32, 1094.38, 1153.26, 1108.54, 1236.33, 1091.11, 1024.23, 1107.00,    17.5,   0,  GPS,  215.7, 115.70, 110.50, 121.900, 125.600,       ,       ,       ,      ,       ,       ,  -14.6,      0,  NONE,   NONE,      ,      ,   0.0,     3D, 3704,      ,       , 148.5,       
2015-05-13, 08:14:40,  -04:00,       ,   47.2282663,  -77.1244162,   116.8, 30.05,   119.7,   9.8,   0.00,   0.00,   45.20,   1.14,  -0.11,  -0.01,  -0.01, 213.4, 104.5,  27.8,  28.8,   1.8,  21.70,  24.70,     4.14,   85.99,   64.78,  15.38, 1316.2,    0.15,  200.83,  166.19,  179.24,  169.69,  198.55,  181.25, 1089.62, 1094.58, 1153.46, 1109.72, 1238.65, 1089.90, 1025.34, 1108.23,    17.9,   0,  GPS,  215.7, 115.70, 110.50, 121.900, 125.600,       ,       ,       ,      ,       ,       ,  -14.6,      0,  NONE,   NONE,      ,      ,   0.0,     3D, 3704,      ,       , 148.5,       
2015-05-13, 08:14:41,  -04:00,       ,   47.2282663,  -77.1244162,   115.8, 30.05,   119.8,   9.8,   0.00,   0.00,   17.92,   1.12,  -0.11,  -0.01,   0.00, 213.4, 104.5,  27.8,  28.8,   1.8,  21.69,  24.67,     4.13,   86.24,   64.83,  15.35, 1317.0,    0.15,  201.40,  166.92,  179.90,  170.32,  199.15,  181.97, 1091.70, 1095.47, 1154.21, 1111.52, 1241.34, 1091.04, 1026.57, 1110.32,    18.0,   0,  GPS,  215.7, 115.70, 110.50, 121.900, 125.600,       ,       ,       ,      ,       ,       ,  -14.6,      0,  NONE,   NONE,      ,      ,   0.0,     3D, 3704,      ,       , 148.5,       
2015-05-13, 08:14:42,  -04:00,       ,   47.2282663,  -77.1244162,   115.8, 30.05,   119.8,   9.8,   0.00,   0.00,   18.76,   1.09,  -0.14,   0.00,  -0.01, 213.4, 104.5,  27.8,  28.8,   1.8,  21.68,  24.67,     4.14,   86.48,   64.62,  15.59, 1296.5,    0.15,  202.09,  167.62,  180.57,  170.91,  199.89,  182.68, 1093.06, 1095.79, 1154.51, 1112.36, 1243.17, 1091.28, 1027.03, 1111.69,    18.0,   0,  GPS,  215.7, 115.70, 110.50, 121.900, 125.600,       ,       ,       ,      ,       ,       ,  -14.6,      0,  NONE,   NONE,      ,      ,   0.0,     3D, 3704,      ,       , 148.5,       
2015-05-13, 08:14:43,  -04:00,       ,   47.2282663,  -77.1244162,   115.8, 30.05,   119.8,   9.8,   0.00,   0.00,    1.42,   1.09,  -0.15,   0.01,   0.02, 213.4, 104.5,  27.8,  28.8,   1.7,  21.69,  24.68,     4.11,   86.70,   64.49,  15.74, 1286.2,    0.15,  202.62,  168.21,  181.22,  171.55,  200.50,  183.30, 1093.47, 1095.50, 1155.64, 1113.39, 1242.93, 1091.17, 1027.19, 1111.93,    18.0,   0,  GPS,  215.7, 115.70, 110.50, 121.900, 125.600,       ,       ,       ,      ,       ,       ,  -14.6,      0,  NONE,   NONE,      ,      ,   0.0,     3D, 3704,      ,       , 148.5,       
2015-05-13, 08:14:44,  -04:00,       ,   47.2282663,  -77.1244162,   114.8, 30.05,   119.3,   9.8,   0.00,   0.00,  -22.18,   1.09,  -0.14,   0.01,  -0.01, 213.4, 104.5,  27.8,  28.8,   1.7,  21.70,  24.70,     4.09,   86.93,   64.35,  15.73, 1286.0,    0.15,  203.31,  168.90,  181.88,  172.14,  201.24,  184.01, 1094.01, 1094.94, 1158.17, 1112.46, 1241.97, 1091.53, 1026.51, 1113.02,    17.5,   0,  GPS,  215.7, 115.70, 110.50, 121.900, 125.600,       ,       ,       ,      ,       ,       ,  -14.6,      0,  NONE,   NONE,      ,      ,   0.0,     3D, 3704,      ,       , 148.5,       
2015-05-13, 08:14:45,  -04:00,       ,   47.2282625,  -77.1244162,   115.8, 30.05,   119.4,   9.8,   0.00,   0.00,   -7.21,   1.08,  -0.09,  -0.01,  -0.00, 213.5, 104.5,  27.8,  28.8,   1.7,  21.70,  24.72,     4.13,   87.18,   64.30,  15.66, 1289.2,    0.15,  203.90,  169.55,  182.50,  172.74,  201.88,  184.67, 1094.64, 1094.51, 1158.40, 1111.95, 1243.52, 1091.96, 1026.12, 1114.17,    17.6,   0,  GPS,  215.7, 115.70, 110.50, 121.900, 125.600,       ,       ,       ,      ,       ,       ,  -14.6,      0,  NONE,   NONE,      ,      ,   0.0,     3D, 3704,      ,       , 148.5,       
2015-05-13, 08:14:46,  -04:00,       ,   47.2282625,  -77.1244162,   117.8, 30.05,   119.4,   9.8,   0.00,   0.00,   43.91,   1.12,  -0.14,   0.01,  -0.00, 213.4, 104.5,  27.8,  28.8,   1.7,  21.70,  24.71,     4.13,   87.38,   64.35,  15.60, 1293.7,    0.15,  204.44,  170.11,  183.16,  173.36,  202.47,  185.26, 1095.05, 1094.83, 1157.93, 1111.90, 1243.10, 1092.70, 1025.76, 1113.97,    17.6,   0,  GPS,  215.7, 115.70, 110.50, 121.900, 125.600,       ,       ,       ,      ,       ,       ,  -14.6,      0,  NONE,   NONE,      ,      ,   0.0,     3D, 3704,      ,       , 148.5,       
2015-05-13, 08:14:47,  -04:00,       ,   47.2282625,  -77.1244162,   116.8, 30.05,   119.5,   9.5,   0.00,   0.00,   38.86,   1.10,  -0.12,  -0.01,  -0.01, 213.4, 104.5,  27.8,  28.8,   1.7,  21.71,  24.73,     4.13,   87.58,   64.32,  15.64, 1291.2,    0.15,  205.09,  170.74,  183.80,  173.93,  203.19,  185.88, 1094.45, 1094.28, 1158.04, 1112.00, 1244.98, 1092.21, 1025.85, 1114.65,    17.6,   0,  GPS,  215.7, 115.70, 110.50, 121.900, 125.600,       ,       ,       ,      ,       ,       ,  -14.6,      0,  NONE,   NONE,      ,      ,   0.0,     3D, 3704,      ,       , 148.5,       
2015-05-13, 08:14:48,  -04:00,       ,   47.2282625,  -77.1244162,   116.8, 30.05,   119.6,   9.5,   0.00,   0.00,    6.34,   1.05,  -0.10,   0.01,   0.01, 213.4, 104.5,  27.8,  28.8,   1.7,  21.71,  24.74,     4.09,   87.78,   64.24,  15.68, 1289.8,    0.15,  205.69,  171.37,  184.45,  174.51,  203.85,  186.53, 1094.76, 1094.46, 1158.99, 1112.09, 1245.11, 1091.81, 1026.07, 1115.29,    17.8,   0,  GPS,  215.7, 115.70, 110.50, 121.900, 125.600,       ,       ,       ,      ,       ,       ,  -14.6,      0,  NONE,   NONE,      ,      ,   0.0,     3D, 3704,      ,       , 148.5,       
2015-05-13, 08:14:49,  -04:00,       ,   47.2282625,  -77.1244162,   115.8, 30.05,   119.7,   9.5,   0.00,   0.00,  -10.72,   1.09,  -0.09,   0.00,  -0.01, 213.4, 104.5,  27.8,  28.8,   1.7,  21.72,  24.74,     4.11,   87.95,   64.14,  15.69, 1285.7,    0.15,  206.22,  171.93,  185.08,  175.11,  204.43,  187.10, 1095.61, 1093.33, 1159.08, 1111.02, 1246.55, 1092.14, 1025.52, 1116.19,    17.9,   0,  GPS,  215.7, 115.70, 110.50, 121.900, 125.600,       ,       ,       ,      ,       ,       ,  -14.6,      0,  NONE,   NONE,      ,      ,   0.0,     3D, 3704,      ,       , 148.5,       
2015-05-13, 08:14:50,  -04:00,       ,   47.2282625,  -77.1244162,   114.8, 30.05,   119.7,   9.5,   0.00,   0.00,  -43.25,   1.09,  -0.10,  -0.01,  -0.02, 213.4, 104.5,  27.8,  28.8,   1.7,  21.72,  24.71,     4.09,   88.12,   64.08,  15.72, 1284.3,    0.15,  206.82,  172.55,  185.70,  175.69,  205.08,  187.72, 1097.32, 1093.54, 1159.96, 1110.98, 1246.53, 1093.28, 1025.28, 1117.43,    17.9,   0,  GPS,  215.7, 115.70, 110.50, 121.900, 125.600,       ,       ,       ,      ,       ,       ,  -14.6,      0,  NONE,   NONE,      ,      ,   0.0,     3D, 3704,      ,       , 148.5,       
2015-05-13, 08:14:51,  -04:00,       ,   47.2282625,  -77.1244162,   116.8, 30.05,   119.7,   9.5,   0.00,   0.00,    3.82,   1.07,  -0.09,   0.00,   0.01, 213.4, 104.5,  27.8,  28.8,   1.7,  21.73,  24.69,     4.11,   88.25,   64.03,  15.70, 1286.6,    0.15,  207.41,  173.21,  186.33,  176.26,  205.69,  188.43, 1098.34, 1094.72, 1160.78, 1110.55, 1248.45, 1092.07, 1025.90, 1119.27,    17.9,   0,  GPS,  215.7, 115.70, 110.50, 121.900, 125.600,       ,       ,       ,      ,       ,       ,  -14.6,      0,  NONE,   NONE,      ,      ,   0.0,     3D, 3704,      ,       , 148.5,       
2015-05-13, 08:14:52,  -04:00,       ,   47.2282625,  -77.1244162,   113.8, 30.05,   119.2,   9.5,   0.00,   0.00,  -19.10,   1.07,  -0.11,   0.00,  -0.00, 213.4, 104.5,  27.8,  28.8,   1.7,  21.73,  24.67,     4.10,   88.34,   63.99,  15.72, 1286.5,    0.15,  208.04,  173.77,  186.98,  176.85,  206.43,  188.96, 1098.80, 1095.04, 1160.77, 1110.09, 1249.48, 1091.69, 1026.00, 1119.66,    17.4,   0,  GPS,  215.7, 115.70, 110.50, 121.900, 125.600,       ,       ,       ,      ,       ,       ,  -14.6,      0,  NONE,   NONE,      ,      ,   0.0,     3D, 3704,      ,       , 148.5,       
2015-05-13, 08:14:53,  -04:00,       ,   47.2282625,  -77.1244162,   114.8, 30.05,   119.5,   9.5,   0.00,   0.00,  -16.86,   1.05,  -0.14,  -0.01,   0.00, 213.4, 104.5,  27.8,  28.8,   1.7,  21.74,  24.66,     4.09,   88.41,   63.93,  15.67, 1287.3,    0.15,  208.63,  174.45,  187.60,  177.41,  207.05,  189.62, 1099.17, 1094.28, 1160.65, 1108.94, 1251.32, 1091.20, 1025.92, 1120.39,    17.7,   0,  GPS,  215.7, 115.70, 110.50, 121.900, 125.600,       ,       ,       ,      ,       ,       ,  -14.6,      0,  NONE,   NONE,      ,      ,   0.0,     3D, 3704,      ,       , 148.5,       
2015-05-13, 08:14:54,  -04:00,       ,   47.2282625,  -77.1244162,   114.8, 30.05,   119.4,   9.5,   0.00,   0.00,  -21.65,   1.04,  -0.16,   0.00,   0.00, 213.4, 104.5,  27.8,  28.8,   1.7,  21.75,  24.67,     4.08,   88.46,   63.96,  15.63, 1289.9,    0.15,  209.20,  175.10,  188.22,  178.00,  207.68,  190.30, 1099.62, 1093.66, 1160.82, 1109.93, 1251.11, 1092.03, 1025.51, 1120.15,    17.6,   0,  GPS,  215.7, 115.70, 110.50, 121.900, 125.600,       ,       ,       ,      ,       ,       ,  -14.6,      0,  NONE,   NONE,      ,      ,   0.0,     3D, 3704,      ,       , 148.5,       
2015-05-13, 08:14:55,  -04:00,       ,   47.2282625,  -77.1244162,   115.8, 30.05,   119.1,   9.5,   0.00,   0.00,    6.26,   1.05,  -0.15,  -0.01,  -0.00, 213.4, 104.5,  27.8,  28.8,   1.7,  21.73,  24.64,     4.07,   88.49,   63.95,  15.66, 1288.4,    0.15,  209.71,  175.66,  188.85,  178.57,  208.25,  190.84, 1099.95, 1093.87, 1161.23, 1109.06, 1252.62, 1091.04, 1025.70, 1120.93,    17.3,   0,  GPS,  215.7, 115.70, 110.50, 121.900, 125.600,       ,       ,       ,      ,       ,       ,  -14.6,      0,  NONE,   NONE,      ,      , -11.8,     3D, 3704,      ,       , 148.5,       
2015-05-13, 08:14:56,  -04:00,       ,   47.2282625,  -77.1244162,   113.8, 30.05,   119.9,   9.5,   0.00,   0.00,   -1.47,   1.08,  -0.16,  -0.02,  -0.01, 213.5, 104.5,  27.8,  28.8,   1.7,  21.71,  24.61,     4.06,   88.53,   63.88,  15.65, 1289.1,    0.15,  210.36,  176.25,  189.50,  179.13,  208.96,  191.45, 1099.88, 1092.91, 1162.43, 1108.43, 1253.90, 1090.07, 1025.22, 1121.97,    18.1,   0,  GPS,  215.7, 115.70, 110.50, 121.900, 125.600,       ,       ,       ,      ,       ,       ,  -14.6,      0,  NONE,   NONE,      ,      ,   0.0,     3D, 3704,      ,       , 148.5,       
2015-05-13, 08:14:57,  -04:00,       ,   47.2282625,  -77.1244162,   113.8, 30.05,   119.3,   9.5,   0.00,   0.00,  -16.62,   1.03,  -0.13,  -0.00,  -0.01, 213.4, 104.5,  27.8,  28.8,   1.7,  21.71,  24.60,     4.08,   88.61,   63.81,  15.62, 1288.8,    0.15,  210.92,  176.91,  190.09,  179.69,  209.56,  192.10, 1101.05, 1093.42, 1162.27, 1107.67, 1256.56, 1090.76, 1025.60, 1123.20,    17.5,   0,  GPS,  215.7, 115.70, 110.50, 121.900, 125.600,       ,       ,       ,      ,       ,       ,  -14.6,      0,  NONE,   NONE,      ,      ,   0.0,     3D, 3704,      ,       , 148.5,       
2015-05-13, 08:14:58,  -04:00,       ,   47.2282625,  -77.1244162,   115.8, 30.05,   119.3,   9.5,   0.00,   0.00,   12.99,   1.09,  -0.16,   0.01,   0.01, 213.4, 104.5,  27.8,  28.8,   1.7,  21.69,  24.59,     4.09,   88.73,   63.83,  15.63, 1289.3,    0.15,  211.49,  177.48,  190.71,  180.25,  210.20,  192.70, 1101.55, 1093.94, 1162.47, 1108.40, 1259.02, 1093.85, 1025.84, 1123.71,    17.5,   0,  GPS,  215.7, 115.70, 110.50, 121.900, 125.600,       ,       ,       ,      ,       ,       ,  -14.6,      0,  NONE,   NONE,      ,      ,   0.0,     3D, 3704,      ,       , 148.5,       
2015-05-13, 08:14:59,  -04:00,       ,   47.2282625,  -77.1244162,   114.8, 30.05,   119.5,   9.5,   0.00,   0.00,    6.73,   1.02,  -0.15,  -0.00,  -0.00, 213.4, 104.5,  27.8,  28.8,   1.7,  21.70,  24.57,     4.09,   88.84,   63.72,  15.68, 1287.2,    0.15,  212.05,  178.03,  191.31,  180.79,  210.80,  193.23, 1102.72, 1096.05, 1162.93, 1108.38, 1260.46, 1093.49, 1026.63, 1124.87,    17.7,   0,  GPS,  215.7, 115.70, 110.50, 121.900, 125.600,       ,       ,       ,      ,       ,       ,  -14.6,      0,  NONE,   NONE,      ,      ,   7.9,     3D, 3704,      ,       , 148.5,       
2015-05-13, 08:15:00,  -04:00,       ,   47.2282625,  -77.1244162,   114.8, 30.05,   118.8,   9.5,   0.00,   0.00,   -5.44,   1.07,  -0.12,  -0.01,  -0.00, 213.4, 104.5,  27.8,  28.8,   1.7,  21.70,  24.55,     4.10,   88.98,   63.65,  15.60, 1289.7,    0.15,  212.60,  178.57,  191.93,  181.35,  211.43,  193.76, 1103.04, 1097.29, 1162.42, 1108.99, 1261.36, 1093.93, 1027.34, 1125.56,    16.9,   0,  GPS,  215.7, 115.70, 110.50, 121.900, 125.600,       ,       ,       ,      ,       ,       ,  -14.6,      0,  NONE,   NONE,      ,      ,   0.0,     3D, 3704,      ,       , 148.5,       
2015-05-13, 08:15:01,  -04:00,       ,   47.2282625,  -77.1244162,   114.8, 30.05,   119.3,   9.5,   0.00,   0.00,   -7.59,   1.05,  -0.11,   0.01,   0.00, 213.4, 104.5,  27.8,  28.8,   1.7,  21.70,  24.56,     4.10,   89.16,   63.61,  15.58, 1289.5,    0.15,  213.10,  179.21,  192.52,  181.91,  211.97,  194.37, 1102.58, 1097.66, 1162.35, 1110.05, 1262.15, 1093.97, 1027.76, 1125.39,    17.5,   0,  GPS,  215.7, 115.70, 110.50, 121.900, 125.600,       ,       ,       ,      ,       ,       ,  -14.6,      0,  NONE,   NONE,      ,      ,   0.0,     3D, 3704,      ,       , 148.5,       
2015-05-13, 08:15:02,  -04:00,       ,   47.2282625,  -77.1244162,   114.8, 30.05,   119.3,   9.5,   0.00,   0.00,    3.02,   1.07,  -0.12,  -0.00,   0.01, 213.4, 104.5,  27.8,  28.8,   1.7,  21.70,  24.56,     4.09,   89.39,   63.62,  15.57, 1292.9,    0.15,  213.78,  179.84,  193.18,  182.50,  212.74,  195.02, 1102.66, 1097.56, 1163.17, 1110.20, 1262.05, 1095.26, 1027.10, 1126.77,    17.5,   0,  GPS,  215.7, 115.70, 110.50, 121.900, 125.600,       ,       ,       ,      ,       ,       ,  -14.6,      0,  NONE,   NONE,      ,      ,   0.0,     3D, 3704,      ,       , 148.5,       
2015-05-13, 08:15:04,  -04:00,       ,   47.2282625,  -77.1244162,   111.8, 30.05,   119.7,   9.5,   0.00,   0.00,  -66.03,   1.07,  -0.12,   0.00,  -0.00, 213.4, 104.5,  27.8,  28.8,   1.7,  21.71,  24.54,     4.08,   89.75,   63.51,  15.61, 1289.6,    0.15,  214.82,  180.88,  194.31,  183.52,  213.87,  196.04, 1103.32, 1098.84, 1163.43, 1111.13, 1267.20, 1095.06, 1029.09, 1128.43,    17.9,   0,  GPS,  215.7, 115.70, 110.50, 121.900, 125.600,       ,       ,       ,      ,       ,       ,  -14.6,      0,  NONE,   NONE,      ,      ,   0.0,     3D, 3704,      ,       , 148.0,       
2015-05-13, 08:15:05,  -04:00,       ,   47.2282625,  -77.1244162,   112.8, 30.05,   119.6,   9.5,   0.00,   0.00,  -23.85,   1.05,  -0.14,   0.00,  -0.02, 213.4, 104.5,  27.8,  28.8,   1.6,  21.73,  24.54,     4.13,   90.01,   63.50,  15.59, 1289.5,    0.15,  215.33,  181.50,  194.90,  184.05,  214.42,  196.68, 1104.53, 1098.63, 1164.41, 1111.41, 1268.80, 1096.15, 1028.49, 1129.47,    17.8,   0,  GPS,  215.7, 115.70, 110.50, 121.900, 125.600,       ,       ,       ,      ,       ,       ,  -14.6,      0,  NONE,   NONE,      ,      ,   0.0,     3D, 3704,      ,       , 148.5,       
2015-05-13, 08:15:06,  -04:00,       ,   47.2282625,  -77.1244162,   114.8, 30.05,   119.5,   9.5,   0.00,   0.00,   32.72,   1.08,  -0.12,  -0.01,  -0.02, 213.4, 104.5,  27.8,  28.8,   1.6,  21.74,  24.56,     4.11,   90.28,   63.47,  15.63, 1287.6,    0.15,  215.93,  182.15,  195.49,  184.58,  215.09,  197.30, 1104.68, 1099.87, 1165.04, 1111.47, 1270.58, 1095.81, 1029.49, 1130.37,    17.7,   0,  GPS,  215.7, 115.70, 110.50, 121.900, 125.600,       ,       ,       ,      ,       ,       ,  -14.6,      0,  NONE,   NONE,      ,      ,   0.0,     3D, 3704,      ,       , 148.0,       
2015-05-13, 08:15:07,  -04:00,       ,   47.2282663,  -77.1244162,   114.8, 30.05,   119.5,   9.5,   0.00,   0.00,   40.37,   1.07,  -0.11,   0.00,  -0.00, 213.3, 104.5,  27.8,  28.8,   1.6,  21.74,  24.58,     4.11,   90.53,   63.36,  15.68, 1286.5,    0.15,  216.46,  182.71,  196.07,  185.11,  215.69,  197.87, 1104.61, 1100.45, 1165.29, 1110.75, 1273.15, 1096.36, 1029.55, 1131.23,    17.6,   0,  GPS,  215.7, 115.70, 110.50, 121.900, 125.600,       ,       ,       ,      ,       ,       ,  -14.6,      0,  NONE,   NONE,      ,      ,   0.0,     3D, 3704,      ,       , 148.0,       
2015-05-13, 08:15:08,  -04:00,       ,   47.2282663,  -77.1244162,   114.8, 30.05,   119.4,   9.5,   0.00,   0.00,   26.71,   1.03,  -0.12,   0.00,   0.00, 213.4, 104.5,  27.8,  28.8,   1.6,  21.75,  24.58,     4.11,   90.77,   63.29,  15.65, 1285.6,    0.15,  216.98,  183.22,  196.67,  185.64,  216.31,  198.37, 1104.84, 1099.99, 1166.20, 1109.83, 1273.38, 1095.59, 1029.11, 1131.85,    17.6,   0,  GPS,  215.7, 115.70, 110.50, 121.900, 125.600,       ,       ,       ,      ,       ,       ,  -14.6,      0,  NONE,   NONE,      ,      ,   0.0,     3D, 3704,      ,       , 148.0,       
2015-05-13, 08:15:09,  -04:00,       ,   47.2282663,  -77.1244162,   113.8, 30.05,   119.5,   9.5,   0.00,   0.00,   -6.41,   1.07,  -0.13,  -0.01,  -0.01, 213.4, 104.5,  27.8,  28.8,   1.6,  21.75,  24.59,     4.07,   91.05,   63.25,  15.57, 1289.1,    0.15,  217.54,  183.76,  197.25,  186.16,  216.88,  198.91, 1104.23, 1100.48, 1166.22, 1110.12, 1273.25, 1097.01, 1028.86, 1131.47,    17.7,   0,  GPS,  215.7, 115.70, 110.50, 121.900, 125.600,       ,       ,       ,      ,       ,       ,  -14.6,      0,  NONE,   NONE,      ,      ,   0.0,     3D, 3704,      ,       , 148.0,       
2015-05-13, 08:15:10,  -04:00,       ,   47.2282663,  -77.1244162,   115.8, 30.05,   119.5,   9.5,   0.00,   0.00,    9.15,   1.04,  -0.12,   0.00,   0.00, 213.3, 104.5,  27.8,  28.8,   1.6,  21.76,  24.60,     4.12,   91.33,   63.35,  15.49, 1296.4,    0.15,  218.08,  184.34,  197.82,  186.68,  217.48,  199.45, 1104.39, 1100.85, 1167.39, 1109.26, 1275.40, 1095.67, 1029.61, 1132.60,    17.7,   0,  GPS,  215.7, 115.70, 110.50, 121.900, 125.600,       ,       ,       ,      ,       ,       ,  -14.6,      0,  NONE,   NONE,      ,      ,   0.0,     3D, 3704,      ,       , 148.0,       
2015-05-13, 08:15:11,  -04:00,       ,   47.2282663,  -77.1244162,   118.8, 30.05,   119.6,   9.5,   0.00,   0.00,   80.69,   1.07,  -0.10,  -0.01,   0.00, 213.4, 104.5,  27.8,  28.8,   1.6,  21.77,  24.63,     4.13,   91.57,   63.36,  15.51, 1297.2,    0.15,  218.61,  184.84,  198.40,  187.19,  218.07,  199.95, 1105.40, 1100.19, 1167.94, 1109.21, 1277.77, 1095.06, 1029.86, 1134.25,    17.8,   0,  GPS,  215.7, 115.70, 110.50, 121.900, 125.600,       ,       ,       ,      ,       ,       ,  -14.6,      0,  NONE,   NONE,      ,      ,   0.0,     3D, 3704,      ,       , 148.0,       
2015-05-13, 08:15:12,  -04:00,       ,   47.2282663,  -77.1244162,   116.8, 30.05,   119.7,   9.5,   0.00,   0.00,   48.83,   1.07,  -0.10,  -0.00,   0.01, 213.4, 104.5,  27.8,  28.8,   1.6,  21.77,  24.63,     4.13,   91.86,   63.32,  15.42, 1299.4,    0.15,  219.09,  185.47,  198.97,  187.70,  218.61,  200.54, 1106.39, 1100.22, 1168.32, 1108.62, 1279.60, 1094.78, 1030.13, 1135.34,    17.9,   0,  GPS,  215.7, 115.70, 110.50, 121.900, 125.600,       ,       ,       ,      ,       ,       ,  -14.6,      0,  NONE,   NONE,      ,      ,   0.0,     3D, 3704,      ,       , 148.0,       
2015-05-13, 08:15:13,  -04:00,       ,   47.2282663,  -77.1244162,   116.8, 30.05,   120.2,   9.5,   0.00,   0.00,    9.95,   1.07,  -0.11,   0.01,   0.02, 213.4, 104.5,  27.8,  28.8,   1.6,  21.78,  24.65,     4.12,   92.15,   63.29,  15.40, 1300.9,    0.15,  219.68,  186.02,  199.54,  188.22,  219.26,  201.09, 1106.54, 1100.79, 1168.64, 1108.86, 1280.85, 1096.31, 1030.09, 1135.94,    18.4,   0,  GPS,  215.7, 115.70, 110.50, 121.900, 125.600,       ,       ,       ,      ,       ,       ,  -14.6,      0,  NONE,   NONE,      ,      ,   0.0,     3D, 3704,      ,       , 148.0,       
2015-05-13, 08:15:14,  -04:00,       ,   47.2282663,  -77.1244162,   117.8, 30.05,   120.2,   9.5,   0.00,   0.00,    7.48,   1.05,  -0.10,   0.00,   0.00, 213.3, 104.5,  27.8,  28.8,   1.6,  21.79,  24.67,     4.12,   92.39,   63.24,  15.43, 1300.1,    0.15,  220.22,  186.51,  200.10,  188.73,  219.86,  201.58, 1107.42, 1101.25, 1169.85, 1108.55, 1282.95, 1096.22, 1030.97, 1137.76,    18.4,   0,  GPS,  215.7, 115.70, 110.50, 121.900, 125.600,       ,       ,       ,      ,       ,       ,  -14.6,      0,  NONE,   NONE,      ,      ,   0.0,     3D, 3704,      ,       , 148.0,       
2015-05-13, 08:15:15,  -04:00,       ,   47.2282663,  -77.1244162,   115.8, 30.05,   120.3,   9.5,   0.00,   0.00,  -20.29,   1.07,  -0.08,   0.01,  -0.00, 213.4, 104.5,  27.8,  28.8,   1.6,  21.79,  24.68,     4.11,   92.71,   63.21,  15.41, 1300.9,    0.15,  220.73,  187.10,  200.67,  189.24,  220.46,  202.18, 1108.10, 1100.62, 1170.05, 1108.66, 1285.30, 1096.17, 1031.11, 1139.17,    18.5,   0,  GPS,  215.7, 115.70, 110.50, 121.900, 125.600,       ,       ,       ,      ,       ,       ,  -14.6,      0,  NONE,   NONE,      ,      ,   0.0,     3D, 3704,      ,       , 148.0,       
2015-05-13, 08:15:16,  -04:00,       ,   47.2282663,  -77.1244162,   116.8, 30.05,   120.5,   9.5,   0.00,   0.00,    1.94,   1.05,  -0.09,  -0.00,  -0.01, 213.4, 104.5,  27.8,  28.8,   1.6,  21.80,  24.67,     4.11,   92.97,   63.14,  15.40, 1298.4,    0.15,  221.15,  187.60,  201.25,  189.75,  220.97,  202.65, 1108.72, 1099.43, 1171.16, 1109.50, 1287.06, 1096.41, 1031.26, 1140.13,    18.7,   0,  GPS,  215.7, 115.70, 110.50, 121.900, 125.600,       ,       ,       ,      ,       ,       ,  -14.6,      0,  NONE,   NONE,      ,      ,   0.0,     3D, 3704,      ,       , 148.0,       
2015-05-13, 08:15:17,  -04:00,       ,   47.2282663,  -77.1244162,   115.8, 30.05,   120.6,   9.5,   0.00,   0.00,   -9.41,   1.07,  -0.05,   0.00,  -0.00, 213.4, 104.5,  27.8,  28.8,   1.6,  21.81,  24.65,     4.11,   93.31,   63.06,  15.50, 1295.0,    0.15,  221.72,  188.20,  201.80,  190.25,  221.63,  203.24, 1108.17, 1099.11, 1171.73, 1109.96, 1287.60, 1097.42, 1031.30, 1140.31,    18.8,   0,  GPS,  215.7, 115.70, 110.50, 121.900, 125.600,       ,       ,       ,      ,       ,       ,  -14.6,      0,  NONE,   NONE,      ,      ,   0.0,     3D, 3704,      ,       , 148.0,       
2015-05-13, 08:15:18,  -04:00,       ,   47.2282663,  -77.1244162,   113.8, 30.05,   120.6,   9.5,   0.00,   0.00,  -52.19,   1.08,  -0.08,  -0.01,   0.02, 213.4, 104.5,  27.8,  28.8,   1.6,  21.80,  24.65,     4.10,   93.58,   62.90,  15.57, 1286.9,    0.15,  222.20,  188.75,  202.36,  190.78,  222.22,  203.78, 1108.95, 1098.19, 1173.10, 1110.77, 1288.84, 1096.42, 1031.27, 1141.17,    18.8,   0,  GPS,  215.7, 115.70, 110.50, 121.900, 125.600,       ,       ,       ,      ,       ,       ,  -14.6,      0,  NONE,   NONE,      ,      ,   0.0,     3D, 3704,      ,       , 148.0,       
2015-05-13, 08:15:19,  -04:00,       ,   47.2282663,  -77.1244162,   112.8, 30.05,   120.7,   9.5,   0.00,   0.00,  -67.50,   1.07,  -0.08,   0.00,   0.01, 213.4, 104.5,  27.8,  28.8,   1.6,  21.79,  24.64,     4.08,   93.89,   62.80,  15.56, 1285.9,    0.15,  222.70,  189.29,  202.92,  191.25,  222.81,  204.29, 1108.66, 1098.08, 1173.42, 1109.79, 1289.98, 1095.87, 1030.75, 1141.67,    18.9,   0,  GPS,  215.7, 115.70, 110.50, 121.900, 125.600,       ,       ,       ,      ,       ,       ,  -14.6,      0,  NONE,   NONE,      ,      ,   3.9,     3D, 3704,      ,       , 148.0,       
2015-05-13, 08:15:20,  -04:00,       ,   47.2282625,  -77.1244162,   113.8, 30.05,   120.8,   9.5,   0.00,   0.00,  -50.82,   1.07,  -0.09,  -0.00,  -0.01, 213.3, 104.5,  27.8,  28.8,   1.6,  21.78,  24.61,     4.12,   94.16,   62.80,  15.50, 1289.2,    0.15,  223.21,  189.80,  203.48,  191.74,  223.39,  204.80, 1108.13, 1097.31, 1173.25, 1109.71, 1290.18, 1095.51, 1030.48, 1141.77,    18.9,   0,  GPS,  215.7, 115.70, 110.50, 121.900, 125.600,       ,       ,       ,      ,       ,       ,  -14.6,      0,  NONE,   NONE,      ,      ,   0.0,     3D, 3704,      ,       , 148.0,       
